Institutions;Sector;ESA10 category;Classification applies from;Date classified on the PSCG;Notes;;
4459;Former Public Corporation;S.11001;1-Dec-02;May-12;;;
16232 - NETTO GOTEBORG GOTEBOR;Former Public Corporation;S.11001;1-Dec-02;May-12;;;
16232 - NETTO GOTEBORG,GOTEBORG,SE;Former Public Corporation;S.11001;1-Jul-11;Jul-13;;;
330 TEKNIKMAGASINET,VASTRA FROLUN,SE;Public Non-Financial Corporation;S.11001;1-Nov-00;May-12;;;
4 GOTT STAMPEN,GOTEBORG,SE;Public Non-Financial Corporation;S.11001;22-Jul-08;;;;
7 ELEVEN 4317142,GÖTEBORG,SE;Local Government;S.1313;;;;;
7-ELEVEN 4015213 GOTEBORG;Former Public Non-Financial Corporation;S.11001;2-Dec-15;Oct-16;In accordance with internationally agreed rules in the Europeans System of Accounts 2010 (ESA2010) and accompanying Manual on Government Deficit and Debt 2016 (MGDD 2016), ONS has reviewed the classification of Scottish Trust Ports. Based on provisions contained within the Ports Act 1991, these were previously classified as public non-financial corporations (S.11001). The Scottish Government introduced new legislation in 2015 (the Harbours (Scotland) Act) to repeal sections of the Ports Act 1991 with a view to removing public sector control of Scottish Trust Ports. Following consideration of this legislation, ONS concluded that the Scottish Trust Ports are no longer subject to public sector controls. Scottish Trust Ports are now classified as private non-financial corporations, with this decision effective from 2 December 2015.;;
7-ELEVEN 4324101 GOTEBORG;Central Government;S.1311;11-Dec-14;Jul-15;;;
7-ELEVEN 4324101,GOTEBORG,SE;Local Government;S.1313;;;;;
9023.78.886.63;Central Government;S.1311;1-Jun-09;Mar-11;;;
9023.78.887.28;Former Central Government;S.1311;1-Mar-13;Mar-13;;;
9023.78.898.13;Public Financial Corporation;S.12201;;;;;
9023.94.307.61;Central Government;S.1311;1-Jul-02;Jul-10;;;
9024.12.656.91;Central Government;S.1311;;;;;
9025.16.069.12;CG Funds, Accounts, Courts and Posts;S.1311;;;Prior to the creation of the Supreme Court in 2009, this post was called the Accountant General of the Supreme Court.;;
9025.19.457.76;Central Government;S.1311;;;;;
926126 BISTRO A MOLNDA,MOLNDAL,SE;Public Non-Financial Corporation;S.11001;;;;;
A-RAMAR /DITT GALLERI,GOTEBORG,SE;Public Financial Corporation;S.12201;;;;;
ACTIC SVERIGE A,LERUM,SE;Central Government;S.1311;;;;;
AHLENS VA FROLUNDA;Former Central Government;S.1311;;;;;
AHLENS Vaestra Froelunda,Vaestra Froel,SE;Local Government;S.1313;;;;;
AKADEMIBOKHANDE,GOTEBORG,SE;Former Central Government;S.1311;1-Jul-12;Aug-12;;;
AKADEMIBOKHANDE,VASTRA FROLU,SE;Central Government;S.1311;;;;;
ALBATROSS GOLFK,HISINGS BACK,SE;Former Central Government;S.1311;;;;;
ALBERT,GOTEBORG,SE;Former Central Government;S.1311;1-Aug-03;Oct-11;;;
AmazonMktplc*MS9LG7FO4,www.amazon.se,LU;Former Central Government;S.1311;;;;;
APCOA PARKING,STOCKHOLM,SE;Former Central Government;S.1311;;;;;
Apotek;Central Government;S.1311;;;;;
apotek;Former Central Government;S.1311;1-Apr-02;Nov-11;;;
APOTEK HJARTAT AVENYN  GO GOTE;Former Central Government;S.1311;;;;;
APOTEK HJARTAT E CENTER,SODERHAMN,SE;Central Government;S.1311;;;;;
APOTEK HJARTAT ICA MAX,OSKARSHAMN,SE;Former Central Government;S.1311;;;;;
APOTEK HJARTAT ICA MAX,VASTRA FROLUN,SE;Former Central Government;S.1311;1-Jan-08;Sep-12;;;
APOTEK HJARTAT ICA MAXI H VAST;Central Government;S.1311;;;;;
APOTEK HJARTAT ICA MAXI H,VASTRA FROLUN,SE;Former Central Government;S.1311;;;;;
APOTEK HJARTAT KUNGSGA,GOTEBORG,SE;Central Government;S.1311;;;;;
APOTEK HJARTAT LINN GATAN,GOTEBORG,SE;Former Central Government;S.1311;;;;;
APOTEKET BIET,GOTEBORG,SE;Former Central Government;S.1311;30-Sep-03;Apr-18;;;
APOTEKET KORSVAGEN,GOTEBORG,SE;Central Government;S.1311;;;;;
APOTEKET OSTRA HAMNNG,GOTEBORG,SE;Former Central Government;S.1311;;;;;
APOTEKET OSTRA SJUKHUS,GOTEBORG,SE;Central Government;S.1311;;;;;
APOTEKSHOP CENTRALEN,GOETEBORG,SE;Former Central Government;S.1311;30-Sep-05;Aug-18;;;
APPLE.COM/BILL,020100529,IE;Central Government;S.1311;;;;;
ARENA OSKARSHAM OSKARSHAMN;Former Central Government;S.1311;;;;;
Årsavg. Bankkort 4459;Former Central Government;S.1311;;;;;
ASKIMS BIBLIOTE,ASKIM,SE;Central Government;S.1311;;;;;
ASKIMS CAMPING,ASKIM,SE;Former Central Government;S.1311;;;;;
ASKIMS ISHALL BILLDAL;Former Central Government;S.1311;1-Jul-12;Oct-12;;;
ASKIMS SIMOCH HOVAAS;Former Central Government;S.1311;1-Mar-11;Feb-12;;;
ASKIMS SIMOCH,HOVAAS,SE;Former Central Government;S.1311;1-Apr-05;Oct-11;;;
ASKIMSBADET,ASKIM,SE;Former Central Government;S.1311;;;;;
Astrid Lindgren;Former Central Government;S.1311;;;;;
ASTRID LINDGREN VERLD,VIMMERBY,SE;Central Government;S.1311;;;;;
ASTRID LINDGREN,VIMMERBY,SE;Central Government;S.1311;;;;;
ASTRID LINDGRENS VERLD,VIMMERBY,SE;Former Central Government;S.1311;1-Jan-01;Sep-12;;;
ÅterbäringLF;Central Government;S.1311;;;;;
ÅTERBETALNIN;Former Central Government;S.1311;1-Mar-15;Oct-17;The Advisory Committee on Pesticides provided independent scientific advice to Ministers and Governments on the authorisation of pesticides in the UK and on matters related to the control of pests. It was succeeded by the UK Expert Committee on Pesticides (ECP) which was established on 27 March 2015 under the Public Bodies Order 2015.;;
ATM ICA KVANTUM HOVAS HOVAS;Former Central Government;S.1311;;;;;
ATM KONTANTEN4620,ASKIM,SE;Central Government;S.1311;;;;;
Avbetalning bil Fredrik;Former Central Government;S.1311;;;;;
bäddmadrass;Former Central Government;S.1311;1-Apr-11;Sep-11;;;
BARN MOBIL;Central Government;S.1311;;;;;
BAUHAUS;Central Government;S.1311;;;;;
Bauhaus;Central Government;S.1311;;;;;
BAUHAUS GOTEBORG,HISINGSBACKA,SE;Former Central Government;S.1311;;;;;
Bauhaus rep, kakel;Central Government;S.1311;;;;;
BAUHAUS SISJON,VESTRA FROLUN,SE;Former Central Government;S.1311;1-Apr-09;May-12;;;
BEERISTA,GOTEBORG,SE;Former Central Government;S.1311;1-Jun-05;May-12;;;
Bekräfta laddning av 072965418;Central Government;S.1311;;;;;
BENGANS,GOTEBORG,SE;Central Government;S.1311;;;;;
Bensib;Central Government;S.1311;;;;;
BERGSTROMS FRISERSALONG,GOTEBORG,SE;Former Central Government;S.1311;;;;;
BESIKTA BILPROV,STOCKHOLM,SE;Central Government;S.1311;1-Apr-04;Oct-11;;;
BESIKTNING;Former Central Government;S.1311;1-Apr-04;Oct-11;;;
Beställning The Hive;Central Government;S.1311;;;;;
BIKEPLACE,GOTEBORG,SE;Central Government;S.1311;;;;;
Bil;Central Government;S.1311;1-Aug-08;Sep-13;;;
BILHYRA;Former Central Government;S.1311;1-Jun-10;Oct-11;;;
BILLDALS RIDKLUBB,BILLDAL,SE;Former Public Corporation;S.11001;;;;;
Billogram / faktura;Former Central Government;S.1311;;;;;
BILREP;Local Government;S.1313;;;;;
Biltema;Central Government;S.1311;8-Aug-14;Feb-15;;;
biltema lampa;Former Central Government;S.1311;;;;;
BILTEMA SWEDEN GOTEBORG,GOTEBORG,SE;Former Central Government;S.1311;1-Dec-13;Jan-16;Following a public consultation in 2012, the Government decided to close the 16 committees in England in December 2013;;
BILTEMA SWEDEN SISJON 164,VESTRA FROLUN,SE;Former Central Government;S.1311;1-Mar-07;Oct-13;;;
BILTEMA SWEDEN SISJON,VESTRA FROLUN,SE;Central Government;S.1311;;;;;
BILTEMA SWEDEN VETLAND,VETLANDA,SE;Former Central Government;S.1311;1-Jul-13;Jun-14;;;
BILTEMA SWEDEN VETLANDA VETLAN;Former Central Government;S.1311;1-Mar-06;May-12;;;
blocket;Former Central Government;S.1311;1-Jun-13;Oct-13;;;
Blocketannons 20 kr;Central Government;S.1311;;;;;
Blocketannons 30 kr;Former Central Government;S.1311;1-Dec-13;Jan-16;Following a public consultation in 2012, the Government decided to close the 15 committees in England in December 2013;;
Blocketannons 50 kr;Former Central Government;S.1311;1-Mar-07;Oct-13;;;
BLOMSTERJATTEN,SKENE,SE;Former Central Government;S.1311;;;;;
BLOMSTERLANDET ASKIM;Central Government;S.1311;;;;;
BLOMSTERLANDET,ASKIM,SE;Central Government;S.1311;1-Apr-06;May-12;;;
BODA HUS;Central Government;S.1311;1-Nov-00;Oct-13;;;
Bodil;Central Government;S.1311;1-Apr-08;Apr-12;;;
bodil;Central Government;S.1311;;;;;
Bodil Karlsson;Public Financial Corporation;S.12501;;;;;
boende 2 Nässjö;Public Financial Corporation;S.12501;;;;;
boende Nässjö;Public Financial Corporation;S.12501;;;;;
BOKUS STOCKHOLM;Public Financial Corporation;S.12501;;;;;
BOKUS,STOCKHOLM,SE;Public Financial Corporation;S.12501;;;;;
BOUNCE HOVAAS AB,HOVAAS,SE;Public Financial Corporation;S.12501;;;;;
BOWLING,GOTEBORG,SE;Public Financial Corporation;S.12501;;;;;
BRAUTIGAMS MARSIPAN  KONF,FJARAS,SE;Public Financial Corporation;S.12501;;;;;
BRODHUSET,ASKIM,SE;Public Non-Financial Corporation;S.11001;1-Feb-13;Jun-15;;;
BROGYLLEN SALUHALLEN,GOTEBORG,SE;Public Non-Financial Corporation;S.11001;22-Nov-13;Nov-15;"On 14 November 2013, the Scottish Government purchased TS Prestwick Holdco Limited (formerly Macrocom Limited) and used it as a vehicle to acquire Prestwick Aviation Holdings Limited, the parent company of Glasgow Prestwick Airport Limited and other subsidiaries.  Collectively, this group of subsidiaries own and operate Glasgow Prestwick Airport Limited.  In conjunction with reviewing the statistical classification of Glasgow Prestwick Airport Limited following this intervention, the ONS also assessed the classification of all subsidiaries within the group.  Assessment was conducted in accordance with internationally agreed rules in the European System of Accounts 2010 (ESA 2010) and accompanying Manual on Government Deficit and Debt 2014 (MGDD 2014).  The following conclusions were made; - Both TS Prestwick Holdco Limited and Prestwick Aviation Holdings Limited should be classified as public holding companies as they meet the description of holding companies provided in ESA 2010 para. 2.14 and are subject to public sector control through share ownership and board appointments (by proxy).  In accordance with MGDD I.6.2, 15-18, both units are to be recorded in the central government (S.1311) subsector as captive financial institutions. - Both Glasgow Prestwick Airport Limited and Prestwick Airport Limited should be classified as public non-financial corporations.  This was due to the fact that both units charge economically significant prices, pass the market test detailed in ESA 2010 3.33, and are subject to public sector control through board appointments and share ownership (by proxy). - Each of Airport Driving Range Company Limited, Prestwick Airport Property Limited and Prestwick Airport Infrastructure Limited meet the description of artificial subsidiaries provided in ESA 2010, 2.24-2.26.  Consequently, they will each be consolidated with their parent unit(s) as public non-financial corporations. All classification decisions apply from 22 November 2013, the date TS Prestwick Holdco Limited purchased Prestwick Aviation Holdings Limited.";;
BURGER KING BAC,GOTEBORG,SE;Former Public Corporation;S.11001;1-Jul-06;Aug-13;;;
BURGER KING JAR GOTEBORG;Central Government;S.1311;;;;;
BURGER KING JAR,GOTEBORG,SE;Public Non-Financial Corporation;S.11001;1-Feb-13;Jun-15;;;
BURGER KING JAR,VASTRA FROLUN,SE;Former Public Corporation;S.11001;1-Jul-06;Aug-13;;;
BURGER KING SIS,ASKIM,SE;Former Central Government;S.1311;1-Jul-12;Sep-12;;;
BURGER KING VIA,BORAS,SE;Local Government;S.1313;;;;;
BURGERSSON,GOTEBORG,SE;Local Government;S.1313;;;;;
BYGGMAX/1203,KALLERED,SE;Local Government;S.1313;;;;;
BYGGMAX/1204,HISINGSBACKA,SE;Public Financial Corporation;S.12201;;;;;
BYGGMAX/1216,ASKIM,SE;Former Public Corporation;S.11001;;;;;
BYGGMAX/1223,SKENE,SE;Local Government;S.1313;;;;;
C MORE,STOCKHOLM,SE;Former Central Government;S.1311;1-Apr-06;Feb-12;;;
CAFE AZALEA,41476 GBG,SE;Former Central Government;S.1311;1-Jun-03;Feb-12;;;
CAFE BADOASEN,PARTILLE,SE;Central Government;S.1311;1-Jun-09;Mar-11;;;
CAFE DROTTNINGGATAN GOTEBORG;Former Public Corporation;S.11001;;;;;
CEDERLEUFS SVENHEIMERS,GOTEBORG,SE;Former Public Corporation;S.11001;;;;;
CIRCLE K ASKIM ASKIM;Local Government;S.1313;;;;;
CIRCLE K ASKIM,ASKIM,SE;Former Central Government;S.1311;;;;;
CIRCLE K BOLLEBYGD,BOLLEBYGD,SE;Former Central Government;S.1311;;;;;
CIRCLE K GOTEBORG FROLUND VEST;Central Government;S.1311;1-Oct-14;Sep-18;;;
CIRCLE K GOTEBORG FROLUND,VESTRA FROLUN,SE;Former Central Government;S.1311;1-Oct-14;Feb-18;;;
CIRCLE K GOTEBORG HJAL,GOTEBORG,SE;Public Non-Financial Corporation;S.11001;;;;;
CIRCLE K GOTEBORG HJALMAR GOTE;Central Government;S.1311;;;;;
CIRCLE K GOTEBORG HJALMAR,GOTEBORG,SE;Former Central Government;S.1311;1-Jul-10;Jul-12;;;
CIRCLE K GOTEBORG MARK,GOTEBORG,SE;Former Public Non-Financial Corporation;S.11001;2-Dec-15;Oct-16;In accordance with internationally agreed rules in the Europeans System of Accounts 2010 (ESA2010) and accompanying Manual on Government Deficit and Debt 2016 (MGDD 2016), ONS has reviewed the classification of Scottish Trust Ports. Based on provisions contained within the Ports Act 1991, these were previously classified as public non-financial corporations (S.11001). The Scottish Government introduced new legislation in 2015 (the Harbours (Scotland) Act) to repeal sections of the Ports Act 1991 with a view to removing public sector control of Scottish Trust Ports. Following consideration of this legislation, ONS concluded that the Scottish Trust Ports are no longer subject to public sector controls. Scottish Trust Ports are now classified as private non-financial corporations, with this decision effective from 2 December 2015.;;
CIRCLE K GOTEBORG MUNK,GOTEBORG,SE;Local Government;S.1313;;;;;
CIRCLE K HISINGS BACKA BA,HISINGS BACKA,SE;Local Government;S.1313;;;;;
CIRCLE K MOLNDAL SODERLED,MOLNDAL,SE;Central Government;S.1311;;;;;
CIRCLE K NESSJO NESSJO;Former Central Government;S.1311;1-Apr-06;Nov-11;;;
CIRCLE K NESSJO,NESSJO,SE;Former Central Government;S.1311;;;;;
CIRCLE K ULRICEHAMN,ULRICEHAMN,SE;Former Central Government;S.1311;1-Oct-12;Oct-12;;;
CITY CAR SERVICE,GOTEBORG,SE;Local Government;S.1313;;;;;
CITYPARKERINGEN VETLANDA VETLA;Public Non-Financial Corporation;S.11001;;;;;
CITYPARKERINGEN VETLANDA,VETLANDA,SE;Central Government;S.1311;;;;;
CLAS OHLSON ASKIM;Central Government;S.1311;;;;;
CLAS OHLSON,ASKIM,SE;Local Government;S.1313;;;;;
CLAS OHLSON,FROLUNDA TORG,SE;Local Government;S.1313;;Sep-12;;;
CLAS OHLSON,GOTEBORG,SE;Local Government;S.1313;;;;;
CO 252 BACKAPLA,GOTEBORG,SE;Central Government;S.1311;1-Feb-11;Sep-11;;;
COLORAMA ASKIM,ASKIM,SE;Local Government;S.1313;;;;;
Compeed;Central Government;S.1311;;;;;
Compeed igen;Central Government;S.1311;;;;;
Conpeed apotek;Former Central Government;S.1311;1-Apr-07;Mar-11;;;
COOP FORUM SISJON ASKIM;Public Non-Financial Corporation;S.11001;;;;;
COOP HAJOM,HAJOM,SE;Former Public Corporation;S.11001;;;;;
COOP KALLERED,KALLERED,SE;Former Central Government;S.1311;;;;;
COOP KILAFORS,KILAFORS,SE;Former Central Government;S.1311;1-Apr-04;Mar-11;;;
COOP KONSUM AVENYN GOTEBORG;Former Central Government;S.1311;;;;;
COOP KONSUM VIRSERUM,VIRSERUM,SE;Former Central Government;S.1311;1-Apr-06;Mar-11;;;
COOP NARA MARIAGATAN,GOTEBORG,SE;Former Central Government;S.1311;1-Apr-05;Aug-11;;;
COOP SKENE,SKENE,SE;Central Government;S.1311;1-Apr-05;Aug-11;;;
CORONA TEST;CG Funds, Accounts, Courts and Posts;S.1311;;;;;
Cykel g;Central Government;S.1311;;;;;
Däckbyte;Central Government;S.1311;;;;;
Däcklagning;Central Government;S.1311;;;;;
DAHLS BAGERI,GOTEBORG,SE;Local Government;S.1313;;;;;
DANILO RESTAURA,GOTEBORG,SE;Former Public Non-Financial Corporation;S.11001;1-Apr-04;Feb-16;"ONS has been advised by the Department for Culture, Media and Sports that Ascension Island Personnel Ltd, a subsidiary of the World Service was dissolved  on 1 April 2004. The Public Sector Classifications Guide has been updated to reflect this; effective from the date of classification.  ";;
DARYAS PIZZERIA,GOTEBORG,SE;Local Government;S.1313;;;;;
den kostade bara 60tusen;Public Non-Financial Corporation;S.11001;;;;;
Disk Stråtjära;Local Government;S.1313;;;;;
disk Stråtjära;Former Central Government;S.1311;;;;;
DJURENS VÄRLD,VETLANDA,SE;Former Central Government;S.1311;1-Oct-12;Apr-13;;;
DUBBEL BUBBEL,GOTEBORG,SE;Former Central Government;S.1311;1-Apr-08;Jun-12;;;
DUYTAN,Goteborg,SE;Local Government;S.1313;;;;;
EASYPARK 2365415408;Local Government;S.1313;;;;;
EASYPARK,2662822077,SE;Local Government;S.1313;;;;;
EASYPARK,2676820639,SE;Central Government;S.1311;;;;;
EBBES HORNA SVINGELN,GOTEBORG,SE;Former Public Non-Financial Corporation;S.11001;2-Dec-15;Oct-16;In accordance with internationally agreed rules in the Europeans System of Accounts 2010 (ESA2010) and accompanying Manual on Government Deficit and Debt 2016 (MGDD 2016), ONS has reviewed the classification of Scottish Trust Ports. Based on provisions contained within the Ports Act 1991, these were previously classified as public non-financial corporations (S.11001). The Scottish Government introduced new legislation in 2015 (the Harbours (Scotland) Act) to repeal sections of the Ports Act 1991 with a view to removing public sector control of Scottish Trust Ports. Following consideration of this legislation, ONS concluded that the Scottish Trust Ports are no longer subject to public sector controls. Scottish Trust Ports are now classified as private non-financial corporations, with this decision effective from 2 December 2015.;;
ECO & FAIR,GOTEBORG,SE;Former Public Non-Financial Corporation;S.11001;31-Mar-15;Jan-16;The Audit Commission was closed on 31st March 2015 with its functions being taken on by Public Sector Appointments Ltd, National Audit Office, Financial Reporting Council and Cabinet Office;;
ECORIDE AB,GOTEBORG,SE;Public Pension Fund;S.12901;31-May-12;Feb-16;The Audit Commission Pension Scheme provides pensions and other benefits to former employees of the Audit Commission under a defined benefit scheme. The Scheme entered into a Crown Guarantee on 31 May 2012.  It was closed to new members at the end of March 2015 following the dissolution of the Audit Commission.  ONS assessed the Audit Commission crown guarantee arrangement in accordance with internationally agreed rules in the European System of Accounts 2010 (ESA 2010) and accompanying Manual on Government Deficit and Debt 2014 (MGDD 2014). ONS concluded that (i) the Audit Commission Pension Scheme was the pension administrator in the public pension fund subsector (S.12901) and (ii) the Secretary of State for DCLG was the pension manager in the central government subsector (S.1311). This means any difference between the pension entitlements and the assets held by the Scheme will be attributed to the central government subsector as an asset/liability.;;
EDAS GRILL GOTEBORG;Public Non-Financial Corporation;S.11001;;;;;
EDAS GRILL,GOTEBORG,SE;Former Local Government;S.1313;1-Apr-14;Jun-14;;;
EKEHAGENS FORNTIDSBY,ASARP,SE;Former Central Government;S.1311;;;;;
EKHAGENS PIZZERIA,JÖNKÖPING,SE;Former Public Non-Financial Corporation;S.11001;2-Dec-15;Oct-16;In accordance with internationally agreed rules in the Europeans System of Accounts 2010 (ESA2010) and accompanying Manual on Government Deficit and Debt 2016 (MGDD 2016), ONS has reviewed the classification of Scottish Trust Ports. Based on provisions contained within the Ports Act 1991, these were previously classified as public non-financial corporations (S.11001). The Scottish Government introduced new legislation in 2015 (the Harbours (Scotland) Act) to repeal sections of the Ports Act 1991 with a view to removing public sector control of Scottish Trust Ports. Following consideration of this legislation, ONS concluded that the Scottish Trust Ports are no longer subject to public sector controls. Scottish Trust Ports are now classified as private non-financial corporations, with this decision effective from 2 December 2015.;;
EKLANDA KROG,MOLNDAL,SE;Public Non-Financial Corporation;S.11001;;;;;
ELCYKEL GOTEBORG BUTIK  N,GOTEBORG,SE;Public Non-Financial Corporation;S.11001;;;;;
ELGIGANTEN AB,GÖTEBORG,SE;Former Central Government;S.1311;;;;;
ELGIGANTEN GBG,SISJON GBG,SE;Local Government;S.1313;;;;;
ESPRESSO HOUSE 317,NASSJO,SE;Local Government;S.1313;;;;;
EVA'S PARLEY,GOTEBORG,SE;Local Government;S.1313;;;;;
extra fredrik;Former Public Corporation;S.11001;;;;;
Fam moberg;Public Non-Financial Corporation/Public Non-Financial Corporation (see notes in tab);S.11001/03;1-Feb-13;Jun-15;;;
fam Moberg;Public Financial Corporation;S.121;;;;;
färg till vilg;Public Pension Fund;S.12901;29-Oct-99;Mar-19;The Bank of England pension scheme is a defined benefit scheme which provides benefits for employees of the Bank of England. ONS has assessed the classification status of the scheme and has concluded that Bank of England Pension Fund Trustees Ltd. is the scheme's Pension Administrator, as it was created with the sole purpose of acting as the trustee for the scheme. As a majority of the trustees are appointed by the Bank of England (which is classified as a public financial corporation (S.121)), this has led to the trustees being classified within the Public Pension Funds subsector (S.12901) with effect from 29 October 1999, the date Bank of England Pension Fund Trustees Ltd. was incorporated. ONS has also determined that the Pension Manager is the Bank of England as it bears responsibility for the Scheme's policy and strategy, and ultimate responsibility for the scheme.;;
FILMSTADEN AB,STOCKHOLM,SE;Former Public Financial Corporation;S.12201;1-Mar-14;Apr-14;;;
FJARAS GRILLEN,FJARAS,SE;Public Financial Corporation;S.121;;;;;
FKASSA;Local Government;S.1313;;;;;
FLÄKTPLATTA;Public Non-Financial Corporation;S.11001;;;;;
Flixbus;Local Government;S.1313;;;;;
Flöjt;Local Government;S.1313;;;;;
FLUGGER AB S027,Askim,SE;Local Government;S.1313;;;;;
Flyttsaker;Former Central Government;S.1311;1-May-09;Jun-12;;;
FOLKETS HUS 513305,GOTEBORG,SE;Former Central Government;S.1311;;;;;
FOLKTANDVARDEN ASKIM ASKIM;Local Government;S.1313;;;;;
FORDONSSKATT TRANSPORTSTYRELSEN;Local Government;S.1313;;;;;
Försenat Grattis och God Jul;Local Government;S.1313;;;;;
FOTBOLL FREJ;Local Government;S.1313;;;;;
FRANKS GATUKOK MOLNDAL,MOLNDAAL,SE;Local Government;S.1313;;;;;
FREDRIK MOBERG;Former Public Non-Financial Corporation;S.11001;;;Sold on 1 August 2005 and reclassified to private sector. Subsequently renamed Red Bee media.;;
Fredrik Moberg;Central Government;S.1311;18-Jun-02;Nov-15;BBC Commercial Holdings Limited is the holding company for the British Broadcasting Corporation's (BBC) principal commercial subsidiary undertakings including BBC Worldwide Limited, BBC Global News Limited, and BBC Studios & Post Production Limited. The parent body of BBC Commercial Holdings Ltd is the BBC, which is classified in the Central Government subsector. BBC Commercial Holdings Limited is a public-controlled holding company and therefore, following the European System of Accounts 2010 ( ESA 2010) and accompanying 2014 Manual on Government and Deficit and Debt (MGDD) rules, is classified to the central government subsector, effective 18 June 2002.;;
Freja borste;Public Non-Financial Corporation;S.11001;;;;;
Freja hämtar bilnyckel;Public Non-Financial Corporation;S.11001;;;;;
FROLUNDA KULTURHUS VESTRA FROL;Former Public Non-Financial Corporation;S.11001;23-May-14;Feb-16;"ONS has been advised by the Department for Culture, Media and Sports that BBC Haymarket Exhibitions Ltd, a subsidiary of BBC Worldwide Ltd, was subject to a management buy-out on 23 May 2014. The sole shareholder of both A and B shares is River Street Media Ltd. The Public Sector Classifications Guide has been updated to reflect this; effective from the date of classification.  ";;
GBG SOCIAL RESURSFÖRVALTN;Public Non-Financial Corporation;S.11001;;;;;
GLADE JOHAN GODIS,GOTEBORG,SE;Public Pension Fund;S.12901;1-Jun-49;Aug-16;The BBC Pension Scheme provides pensions and other benefits to employees of the British Broadcasting Corporation (BBC) and its subsidiaries under a defined benefit scheme.  ONS assessed the BBC Pension Scheme in accordance with internationally agreed rules in the European System of Accounts 2010 (ESA 2010) and accompanying Manual on Government Deficit and Debt 2016 (MGDD 2016). ONS concluded that (i) the BBC Pension Scheme was the pension administrator in the public pension fund subsector (S.12901) and (ii) BBC was the pension manager in the central government subsector (S.1311). This means any difference between the pension entitlements and the assets held by the Scheme will be attributed to the central government subsector as an asset/liability.;;
GOD JUL;Public Non-Financial Corporation;S.11001;;;;;
GODIS & TOBAKCENTER EK,MOLNDAL,SE;Public Non-Financial Corporation;S.11001;;;;;
GODISBUTIKEN PAA AVENYN 4,GOTEBORG,SE;Public Non-Financial Corporation;S.11001;;;;;
GODISHUSET,GOTEBORG,SE;Public Non-Financial Corporation;S.11001;;;;;
Golv;Public Non-Financial Corporation;S.11001;;;;;
GOOGLE  Google Play Ap,London,GB;Public Non-Financial Corporation;S.11001;;;;;
GOOGLE  Google Play Apps,London,GB;Public Non-Financial Corporation;S.11001;;;;;
GOOGLE *Google Play Ap,g.co/HelpPay#,IE;Central Government;S.1311;;;;;
GOOGLE *Google,g.co/helppay#,GB;Public Non-Financial Corporation;S.11001;;;;;
GOOGLE*GOOGLE,INTERNET,GB;Public Non-Financial Corporation;S.11001;;;;;
GOOGLE*YOUTUBE VIDEOS,CC GOOGLE.COM,GB;Public Non-Financial Corporation;S.11001;;;;;
GOTEBORG CENTRAL,GOTEBORG,SE;Public Non-Financial Corporation;S.11001;;;;;
GOTEBORGS BOTANISKA TR,GOTEBORG,SE;Public Non-Financial Corporation;S.11001;;;;;
GOTEBORGS GODISAFFAR,ASKIM,SE;Public Non-Financial Corporation;S.11001;;;;;
GOTEBORGS KONST,GOTEBORG,SE;Public Non-Financial Corporation;S.11001;;;;;
GOTEBORGS MARITIMA CENTRU,GOTEBORG,SE;Public Non-Financial Corporation;S.11001;;;;;
GOTEBORGS STAD GOTEBORG;Public Non-Financial Corporation;S.11001;;;;;
Göteborgs Stads Parkerings AB;Former Public Corporation;S.11001;;;;;
GOTEBORGS STADS,GOTEBORG,SE;Local Government;S.1313;;;;;
GOTTEBORG GODISAFFAR,ASKIM,SE;Local Government;S.1313;;;;;
GP.SE,INTERNET,SE;Local Government;S.1313;;;;;
GRENNA KONFEKTYR,GRANNA,SE;Former Central Government;S.1311;1-Feb-15;Mar-15;;;
GRENNAS BISTRO AB,GRENNA,SE;Local Government;S.1313;;;;;
GRILLKIOSK,MALILLA,SE;Former Central Government;S.1311;1-Dec-05;Jun-14;;;
GULF VIRSERUM,VIRSERUM,SE;Former Public Corporation;S.11001;;;;;
Gustaf Moberg;Local Government;S.1313;;;;;
Gustafs kalaskonto;Central Government;S.1311;;;;;
GYLLENE KORVEN,Askim,SE;Public Non-Financial Corporation;S.11001;;;;;
HALLON FREJA;Central Government;S.1311;1-Apr-10;Dec-10;;;
HALLON GUSTAF;Local Government;S.1313;;;;;
HALLON.SE,Stockholm,SE;Former Central Government;S.1311;1-Apr-02;Nov-11;;;
HALLON.SE,STOCKHOLM,SE;Local Government;S.1313;;;;;
HARVEST BY MANNERSTROM,GOTEBORG,SE;Public Non-Financial Corporation;S.11001;;;;;
HBO NORDIC AB,0770-455000,SE;Central Government;S.1311;1-Jun-09;Mar-11;;;
HBO Nordic AB,Stockholm,SE;Former Central Government;S.1311;;;;;
HEMGLASS GOTEBORG,VASTERAS,SE;Local Government;S.1313;;;;;
HEMKOP GOTEBORG LINNEG,GOTEBORG,SE;Central Government;S.1311;;;;;
HEMKOP KINNA,KINNA,SE;Former Central Government;S.1311;1-Jan-16;Feb-16;ONS has reviewed the classification of Big Society Trust following the revision of the company’s Articles of Association. ONS has considered the changes made in the Articles of Association and concluded that the residual controls that government had on BST have been removed. Big Society Trust is now classified as a private non-profit institution, as is the Big Society Foundation. Big Society Capital is now classified in the captive financial institutions and money lenders subsector (S.127). This decision is effective from January 2016.;;
HEMKOP MOLNDAL C NEW,MOLNDAL,SE;Former Central Government;S.1311;1-Jan-16;Feb-16;ONS has reviewed the classification of Big Society Trust following the revision of the company’s Articles of Association. ONS has considered the changes made in the Articles of Association and concluded that the residual controls that government had on BST have been removed. Big Society Trust is now classified as a private non-profit institution, as is the Big Society Foundation. Big Society Capital is now classified in the captive financial institutions and money lenders subsector (S.127). This decision is effective from January 2016.;;
HEMKÖP VÄSTRA FRÖLUNDA,VÄSTRA FRÖLUN,SE;Former Central Government;S.1311;1-Jan-16;Feb-16;ONS has reviewed the classification of Big Society Trust following the revision of the company’s Articles of Association. ONS has considered the changes made in the Articles of Association and concluded that the residual controls that government had on BST have been removed. Big Society Trust is now classified as a private non-profit institution, as is the Big Society Foundation. Big Society Capital is now classified in the captive financial institutions and money lenders subsector (S.127). This decision is effective from January 2016.;;
HERTZ 00409 GOTEBORG,GOTEBORG,SE;Local Government;S.1313;;;;;
HERTZ SWEDEN FRANCHISE,DUBLIN,IE;Public Non-Financial Corporation;S.11001;;;;;
HEYNOW.AI,Goteborg,SE;Former Public Corporation;S.11001;1-Jul-13;May-14;;;
HM SE0221,Goeteborg,SE;Central Government;S.1311;;;;;
HM SE0244,Vaestra Froel,SE;Former Public Corporation;S.11001;;;;;
HM SE0249,Vaestra Froel,SE;Former Public Corporation;S.11001;;;;;
HOLMENS HERR GOTEBORG;Local Government;S.1313;;;;;
HÖÖKS HÄSTSPORT,BORÅS,SE;Former Public Corporation;S.11001;;;;;
HOOKS KAALLERED,KAALLERED,SE;Central Government;S.1311;1-Feb-12;Sep-12;;;
HOTELL HOGLAND,NASSJO,SE;Central Government;S.1311;1-Feb-12;Sep-12;;;
HYNGS VILT I HALLEN AB,GOTEBORG,SE;Local Government;S.1313;;;;;
ICA FOCUS,GOTEBORG,SE;Former Public Corporation;S.11001;;;;;
ICA KVANTUM FROLUNDA VASTRA FR;Former Public Financial Corporation;S.12201;1-Mar-14;Apr-14;;;
ICA KVANTUM FROLUNDA,VASTRA FROLUN,SE;Former Public Corporation;S.11001;;;;;
ICA KVANTUM HOVAS HOVAS;Local Government;S.1313;;;;;
ICA KVANTUM HOVAS,HOVAS,SE;Public Non-Financial Corporation;S.11001;;;;;
ICA NARA HAGA GOTEBORG;Local Government;S.1313;;;;;
ICA NARA HAGA,GOTEBORG,SE;Public Non-Financial Corporation;S.11001;;;;;
ICA NARA KILAFORS,KILAFORS,SE;Local Government;S.1313;;;;;
ICA NARA KRYSSET  VIRS,VIRSERUM,SE;Local Government;S.1313;;;;;
ICA NARA KRYSSET  VIRSERU,VIRSERUM,SE;Local Government;S.1313;;;;;
ICA NARA TOPPEN  GOTEBORG,GOTEBORG,SE;Local Government;S.1313;;;;;
ICA SUPERMARKET AKERED VASTRA;Local Government;S.1313;;;;;
ICA SUPERMARKET AKERED,VASTRA FROLUN,SE;Local Government;S.1313;;;;;
ICA SUPERMARKET FALKOPING,FALKOPING,SE;Local Government;S.1313;;;;;
ICA SUPERMARKET HORNDAL,HORNDAL,SE;Public Non-Financial Corporation;S.11001;;;;;
ICA SUPERMARKET MAJORNA,GOTEBORG,SE;Local Government;S.1313;;;;;
idrottsrabatten Freja Moberg;Public Non-Financial Corporation;S.11001;;;;;
idrottsrabatten Gustaf Moberg;Former Public Corporation;S.11001;;;;;
IKANO BANK AB - PREEM;Public Non-Financial Corporation;S.11001;;;;;
IKEA-K$LLERED,K$LLERED,SE;Former Public Corporation;S.11001;;;;;
IKEA-KALLERED,KALLERED,SE;Former Public Corporation;S.11001;1-Dec-09;Jan-13;;;
Indisk mat;Public Non-Financial Corporation;S.11001;;;;;
INDISKA KOKET BACKAPLAN,GOTEBORG,SE;Former Public Corporation;S.11001;;;;;
INET RINGON,GOTEBORG,SE;Public Non-Financial Corporation;S.11001;;;;;
INET SISJON,ASKIM,SE;Central Government;S.1311;;;;;
INGO ASKIM SISJON,GOTEBORG,SE;Central Government;S.1311;;;;;
INGO VESTRA FROLUNDA, NES,VESTRA FROLUN,SE;Local Government;S.1313;;;;;
Insättning;Local Government;S.1313;;;;;
Inteleon AB Goteborg;Former Public Corporation;S.11001;1-Mar-11;Jul-13;;;
Inteleon AB,Goteborg,SE;Local Government;S.1313;;;;;
INTER BOWLING MAJORNA,GOTEBORG,SE;Former Public Corporation;S.11001;17-Jun-05;Sep-13;;;
INTERSPORT GOTE,GOTEBORG,SE;Central Government;S.1311;;;;;
INTERSPORT GOTE,VASTRA FROLUN,SE;Local Government;S.1313;;;;;
ITUNES.COM/BILL 020100529;Local Government;S.1313;;;;;
ITUNES.COM/BILL ITUNES.COM;Local Government;S.1313;;;;;
ITUNES.COM/BILL,020100529,IE;Local Government;S.1313;;;;;
ITUNES.COM/BILL,ITUNES.COM,IE;Public Non-Financial Corporation;S.11001;;;;;
IZ *ARKIVETS CAFE,GOTEBORG,SE;Central Government;S.1311;;;;;
iZ *Boguro AB,GOTEBORG,SE;Central Government;S.1311;;;;;
IZ *BOLLNAS ALPINA,BOLLNAS,SE;Former Central Government;S.1311;;;;;
IZ *EFTERTANKE I J,JARVSO,SE;Public Non-Financial Corporation/Public Non-Financial Corporation (see notes in tab);S.11001/3;1-Feb-13;Jun-15;;;
IZ *HOVAS HOCKEY C HOVAS;Public Non-Financial Corporation/Public Non-Financial Corporation (see notes in tab);S.11001/3;1-Feb-13;Jun-15;;;
IZ *LINDAS INNEBAN,HOVAS,SE;Local Government;S.1313;;;;;
IZ *Lindas Innebandy Klub,HOVAS,SE;Public Non-Financial Corporation/Public Non-Financial Corporation (see notes in tab);S.11001/3;1-Feb-13;Jun-15;;;
IZ *NORDIC EXHIBIT NORRKOPING;Former Public Corporation;S.11001;;;;;
iZ *Svanstrom  Lin,Styrso,SE;Former Public Corporation;S.11001;;;;;
jacka freja;Central Government;S.1311;;;;;
JARVSOBACKEN,JERVSO,SE;Former Public Corporation;S.11001;1-Jul-13;May-14;;;
JOHN SCOTT'S,GOTEBORG,SE;Former Public Corporation;S.11001;;;;;
JOHN SCOTT'S,MOLNDAL,SE;Former Central Government;S.1311;;;;;
Jord och gödsel;Local Government;S.1313;;;;;
JULA AB,ASKIM,SE;Public Pension Fund;S.12901;29-Sep-08;Feb-16;Bradford & Bingley plc is a public limited company and primarily operates as a servicer of mortgage loans secured on residential properties and of associated services. Following the financial crisis it transferred into public ownership and is currently classified in Central Government. Bradford & Bingley and its subsidiaries operated a defined benefit pension scheme, which entered into a Crown Guarantee on 29 September 2008. ONS assessed the Bradford & Bingley crown guarantee arrangement in accordance with internationally agreed rules in the European System of Accounts 2010 (ESA 2010) and accompanying Manual on Government Deficit and Debt 2014 (MGDD 2014). ONS concluded that (i) the Bradford & Bingley Pension Scheme was the pension administrator in the public pension fund (S.12901) and (ii) HM Treasury was the scheme’s pensioner manager in the central government subsector (S.1311). This means any difference between the pension entitlements and the assets held by the Scheme will be attributed to the central government subsector as an asset/liability.;;
JULKLAPP ROLF;Central Government;S.1311;1-Jul-10;Sep-12;;;
JULKLAPPAR AMAZON;Central Government;S.1311;1-Apr-10;May-12;;;
JULKLAPPAR BOKUS;Local Government;S.1313;;;;;
Julklappar Rolf;Local Government;S.1313;;;;;
JYSK KAALLERED,KAALLERED,SE;Former Public Corporation;S.11001;;;Created in 2001 as a limited company wholly owned by DfT to manage the majority of the remaining property, rights and liabilities of the British Railways Board. The body was abolished in September 2013 using powers from the Public Bodies Act 2011.;;
Jysk Vastra Frolunda,Vastra Frolun,SE;Local Government;S.1313;;;;;
JYSK VASTRA FROLUNDA,VASTRA FROLUN,SE;Local Government;S.1313;1-Nov-95;Sep-12;;;
Jysk Vetlanda,Vetlanda,SE;Local Government;S.1313;;;;;
K-RAUTA,MOLNDAL,SE;Local Government;S.1313;;;;;
K*Apotea AB;Public Non-Financial Corporation;S.11001;;;;;
K*Bokus AB;Local Government;S.1313;;;;;
K*Coop.se;Local Government;S.1313;;;;;
K*Elgiganten;Former Public Corporation;S.11001;;;;;
K*Ian & Burt;Former Public Corporation;S.11001;;;;;
K*Leksakscit;Local Government;S.1313;;;;;
K*Lensway BV;Former Public Corporation;S.11001;;;;;
K*PL Sverige;Local Government;S.1313;;;;;
K*Smartphoto;Former Central Government;S.1311;1-Feb-15;Mar-15;;;
K*Tidningsku;Former Public Corporation;S.11001;;;;;
kaffebryggare vilg;Former Public Corporation;S.11001;;;;;
KAPPAHL 142,V. FROLUNDA,SE;Central Government;S.1311;;;;;
KD APOTEK ASKIM;Former Central Government;S.1311;;;;;
KD APOTEK,ASKIM,SE;Former Central Government;S.1311;;;;;
KD APOTEK,GOTEBORG,SE;Central Government;S.1311;;;;;
KD APOTEK,HISINGS BACKA,SE;Central Government;S.1311;1-Jul-13;May-15;;;
KICKS V FROELUNDA,VAESTRA FROEL,SE;Former Public Corporation;S.11001;;;;;
KIOSKER SCANDI,GOTEBORG,SE;Former Public Corporation;S.11001;;;;;
KJELL & CO 51,VASTRA FROLUN,SE;Public Pension Fund;S.12901;31-Oct-94;Apr-16;The British Coal Staff Superannuation Scheme provides pensions and other benefits to former employees of the British Coal Corporation under a defined benefit scheme. The Scheme entered into a Crown Guarantee on 31 October 1994.  It was closed to new members at the end of October 1994 following the privatisation of the British Coal Corporation.  ONS assessed the  British Coal Corporation crown guarantee arrangement in accordance with internationally agreed rules in the European System of Accounts 2010 (ESA 2010) and accompanying Manual on Government Deficit and Debt 2014 (MGDD 2014). ONS concluded that (i) the British Coal Staff Superannuation Scheme was the pension administrator in the public pension fund subsector (S.12901) and (ii) the Secretary of State for the Department for Energy and Climate Change was the pension manager in the central government subsector (S.1311). This means any difference between the pension entitlements and the assets held by the Scheme will be attributed to the central government subsector as an asset/liability.;;
KJELL & CO 71 GOTEBORG;Public Non-Financial Corporation;S.11001;;;;;
Kläder;Former Central Government;S.1311;1-Mar-11;Sep-11;;;
KLÄDER BARNEN;Former Public Corporation;S.11001;;;;;
Kläder barnen;Former Public Corporation;S.11001;;;;;
kläder barnen;Former Public Corporation;S.11001;;;;;
Kläder Freja Moberg;Central Government;S.1311;;;;;
Klarna;Central Government;S.1311;;;;;
Klarna AB;Former Central Government;S.1311;1-Apr-07;Mar-11;;;
KNUT I BAZAREN,GOTEBORG,SE;Former Public Corporation;S.11001;;;;;
KRY.SE,STOCKHOLM,SE;Former Public Corporation;S.11001;1-Dec-07;Aug-11;;;
KUNGSFOTO AB,NORRKOPING,SE;Former Public Corporation;S.11001;1-Jan-02;Aug-11;;;
Kylväska;Former Public Corporation;S.11001;;;;;
LAGERHAUS GOTEBORG/247,GOTEBORG,SE;Central Government;S.1311;;;;;
Lakan;Former Central Government;S.1311;;;;;
lampor madrass;Central Government;S.1311;27-May-05;Feb-12;;;
LÄNSFÖRSÄKRINGAR ÄLVSBORG;Central Government;S.1311;;;;;
LEKIA,ASKIM,SE;Central Government;S.1311;;;;;
LEKIA,GOTEBORG,SE;Public Non-Financial Corporation;S.11001;;;;;
LIDL 274/GBG FROLUNDA DIS,GOTEBORG,SE;Former Public Corporation;S.11001;;;;;
LIDL 274/GBG FROLUNDA,GOTEBORG,SE;Public Non-Financial Corporation;S.11001;;;;;
LIFE SISJON,ASKIM,SE;Public Non-Financial Corporation;S.11001;;;;;
LIM*RIDE COST,STOCKHOLM,SE;Former Public Corporation;S.11001;;;;;
LIME SWEDEN,STOCKHOLM,SE;Public Non-Financial Corporation;S.11001;;;;;
LIME,STOCKHOLM,SE;Public Non-Financial Corporation;S.11001;;;;;
LINDEX/36,VESTRA FROLUN,SE;Former Central Government;S.1311;;;;;
LINDEX/39,OSKARSHAMN,SE;Central Government;S.1311;;;;;
Lister;Former Central Government;S.1311;;;;;
Listwr;Former Public Corporation;S.11001;;;;;
LJUNGSTROMS KOK,JERVSO,SE;Public Non-MMF Investment Funds;S.12401;2-May-85;Feb-16;British Screen Finance Limited (BSFL) is an institutional unit engaged in financial activity. It was classified by the ONS in 2005 as a public corporation. At the time ONS did not distinguish between public financial corporations and public non-financial corporations.  Its parent is the British Film Institute which is classified as a central government unit. ONS formally reviewed the classification of the body, to see whether under European System of Accounts 2010 (ESA 2010) and accompanying Manual on Government Deficit and Debt 2014 (MGDD 2014) it should be classified as a public financial corporation or a central government body. It was concluded that it was a public financial corporation with effect from 1985.;;
LLOYDSAPOTEK BILLDAL GOTEBORG;Former Central Government;S.1311;1-Mar-12;Apr-13;;;
LLOYDSAPOTEK BILLDAL,GOTEBORG,SE;Former Central Government;S.1311;;;;;
LLOYDSAPOTEK102,Hovaas,SE;Former Central Government;S.1311;;;;;
Löneinsättning;Central Government;S.1311;;;;;
LUNDBY BIBLIOTE GOTEBORG;Former Public Corporation;S.11001;;;;;
LUNDBYBADET,GOTEBORG,SE;Public Non-Financial Corporation;S.11001;;;;;
madrass mio;Public Non-Financial Corporation;S.11001;11-May-05;Sep-10;;;
madrasser 2st;Local Government;S.1313;;;;;
Mar Oskarshamn;Public Non-Financial Corporation;S.11001;;;;;
MARIA LIVS  ATRASAM LIVS,GOTEBORG,SE;Former Central Government;S.1311;;;;;
MARIAS I KINNA AB,KINNA,SE;Former Public Corporation;S.11001;;;;;
MAT;Former Central Government;S.1311;;;;;
Mat;Local Government;S.1313;;;;;
mat;Former Central Government;S.1311;;;;;
MAT  WILLY;Local Government;S.1311;1-Jun-88;Sep-12;;;
Mat coop;Local Government;S.1313;;;;;
mat coop;Former Public Non-Financial Corporation;S.11001;2-Dec-15;Oct-16;In accordance with internationally agreed rules in the Europeans System of Accounts 2010 (ESA2010) and accompanying Manual on Government Deficit and Debt 2016 (MGDD 2016), ONS has reviewed the classification of Scottish Trust Ports. Based on provisions contained within the Ports Act 1991, these were previously classified as public non-financial corporations (S.11001). The Scottish Government introduced new legislation in 2015 (the Harbours (Scotland) Act) to repeal sections of the Ports Act 1991 with a view to removing public sector control of Scottish Trust Ports. Following consideration of this legislation, ONS concluded that the Scottish Trust Ports are no longer subject to public sector controls. Scottish Trust Ports are now classified as private non-financial corporations, with this decision effective from 2 December 2015.;;
mat extra;Local Government;S.1313;;;;;
mat fredrik;Local Government;S.1313;;;;;
mat hovås;Local Government;S.1313;;;;;
mat Hovås;Local Government;S.1313;;;;;
mat Ica maxi;Central Government;S.1311;;;;;
mat Ica naxi;Central Government;S.1311;;;;;
mat kompletering;Former Central Government;S.1311;1-Jul-10;Sep-11;;;
Mat midsommar;Local Government;S.1313;;;;;
Mat o apotek;Local Government;S.1313;;;;;
mat röda byx affären;Former Public Non-Financial Corporation;S.11001;2-Dec-15;Oct-16;In accordance with internationally agreed rules in the Europeans System of Accounts 2010 (ESA2010) and accompanying Manual on Government Deficit and Debt 2016 (MGDD 2016), ONS has reviewed the classification of Scottish Trust Ports. Based on provisions contained within the Ports Act 1991, these were previously classified as public non-financial corporations (S.11001). The Scottish Government introduced new legislation in 2015 (the Harbours (Scotland) Act) to repeal sections of the Ports Act 1991 with a view to removing public sector control of Scottish Trust Ports. Following consideration of this legislation, ONS concluded that the Scottish Trust Ports are no longer subject to public sector controls. Scottish Trust Ports are now classified as private non-financial corporations, with this decision effective from 2 December 2015.;;
Mat Virserum;Local Government;S.1313;;;;;
MAT VIRSERUM;Local Government;S.1313;;;;;
Mat virserum;Former Central Government;S.1311;;;;;
MAT WILLY;Former Central Government;S.1311;;;;;
MAT WILLYS;Former Public Corporation;S.11001;;;;;
mat Willys;Former Central Government;S.1311;;;;;
MAT, APOTEK, KLÄDER;Central Government;S.1311;;;;;
MATLYCKAN AB,NASSJO,SE;Local Government;S.1313;;;;;
MAXI ICA STORMARKNAD H,VASTRA FROLUN,SE;Former Central Government;S.1311;;;;;
MAXI ICA STORMARKNAD HOGS VAST;Public Non-Financial Corporation;S.11001;;;;;
MAXI ICA STORMARKNAD HOGS,VASTRA FROLUN,SE;Local Government;S.1313;;;;;
MAXI ICA STORMARKNAD O,OSKARSHAMN,SE;Local Government;S.1313;1-Mar-03;;;;
MAXI ICA STORMARKNAD OSKA OSKA;Local Government;S.1313;;;;;
MAXI ICA STORMARKNAD TORS,TORSLANDA,SE;Former Public Corporation;S.11001;1-Nov-07;Apr-11;;;
MAXI ICA STORMARKNAD U,ULRICEHAMN,SE;Former Public Corporation;S.11001;1-Oct-06;Mar-11;;;
MAXI ICA STORMARKNAD V,VETLANDA,SE;Public Non-Financial Corporation;S.11001;;;;;
MCD 066 - A6 MC,JONKOPING,SE;Public Non-Financial Corporation;S.11001;;;;;
MCD 238 GBG, RA GOTEBORG;Local Government;S.1313;;;;;
MCD 238 GBG, RA,GOTEBORG,SE;Local Government;S.1313;;;;;
MCD 97 - BORAS,BORAS,SE;Local Government;S.1313;;;;;
MCD SCANDINAV,GOTEBORG,SE;Local Government;S.1313;;;;;
MCD ULRICEHAMN,ULRICEHAMN,SE;Local Government;S.1313;;;;;
MCDONALD S LAND LANDVETTER;Public Non-Financial Corporation;S.11001;2-Jul-12;Sep-15;The British Waterways Board (BWB) was restructured on 2nd July 2012, and its English and Welsh operations transferred to a new charity called the Canal & River Trust (CRT). In accordance with the European System of Accounts 2010 (ESA 2010) and the accompanying 2014 Manual on Government Deficit and Debt (MGDD 2014), it was judged that the Canal & River Trust is a market body because there is sufficient evidence to suggest it charges economically significant prices and passes the quantitative market test. The Canal & River Trust is judged to be under government control in particular through the provisions of enabling instruments whereby the Secretary of State for the Environment and Rural Affairs has the power to approve or deny certain corporate decisions (e.g. dissolution). The Canal & River Trust is therefore classified as a public non-financial corporation (S.11001).;;
MCDONALD´S LAND,LANDVETTER,SE;Local Government;S.1313;;;;;
MCDONALDS 131 OSKARSHAMN;Local Government;S.1313;;;;;
MCDONALDS 222 V VETLANDA;Former Central Government;S.1311;1-Oct-13;Jun-16;Capital for Enterprise Limited was the government's main delivery agency for financial interventions for small and medium sized enterprises. It ceased operating independently on 1 October 2013 and became part of the British Business Bank. This was identified as part of a quality review of bodies identified on the guide.;;
MCDONALDS 222 V,VETLANDA,SE;Central Government;S.1311;1-Jun-09;Mar-11;;;
MCDONALDS BACK,GOTEBORG,SE;Former Public Corporation;S.11001;;;;;
MCDONALDS FROLU VASTRA FROLUN;Public Non-Financial Corporation;S.11001;;;;;
MCDONALDS FROLU,VASTRA FROLUN,SE;Local Government;S.1313;;;;;
MCDONALDS GOTEB,GOTEBORG,SE;Public Non-Financial Corporation;S.11001;1-Mar-13;May-13;;;
MCDONALDS HULTA,BORAS,SE;Central Government;S.1311;;;;;
MCDONALDS KINNA,KINNA,SE;Central Government;S.1311;;;;;
MCDONALDS KIOSK,KUNGSBACKA,SE;Former Central Government;S.1311;1-Apr-08;Dec-14;;;
MCDONALDS MOLND MOLNDAL;Central Government;S.1311;1-Apr-13;Aug-13;;;
MCDONALDS MOLND,MOLNDAL,SE;Central Government;S.1311;1-Apr-13;Aug-13;;;
MCDONALDS ONSAL,KUNGSBACKA,SE;Central Government;S.1311;1-Apr-13;Aug-13;;;
MCDONALDS,GOTEBORG,SE;Central Government;S.1311;1-Apr-13;Aug-13;;;
MEDIA MARKT,VASTRA FROLUN,SE;Central Government;S.1311;1-Apr-13;Aug-13;;;
MEKONOMEN BILLI,VASTRA FROLU,SE;Local Government;S.1313;;;;;
MEKONOMENTORPAV,GÖTEBORG,SE;Local Government;S.1313;;;;;
Metallica;Local Government;S.1313;;;;;
Microsoft*Microsoft 36,msbill.info,IE;Local Government;S.1313;;;;;
MICROSOFT*MICROSOFT 36,MSBILL.INFO,IE;Former Public Corporation;S.11001;1-Apr-10;Jul-13;;;
MICROSOFT*MICROSOFT 365 P,MSBILL.INFO,IE;Local Government;S.1313;;;;;
Microsoft*Microsoft 365 P,msbill.info,IE;Local Government;S.1313;;;;;
MICROSOFT*OFFICE 365 PERS MSBI;Local Government;S.1313;;;;;
Microsoft*Office 365 Pers,msbill.info,IE;Former Central Government;S.1311;;;;;
MICROSOFT*OFFICE 365 PERS,MSBILL.INFO,IE;Central Government;S.1311;;;;;
Microsoft*Store,msbill.info,IE;Local Government;S.1313;;;;;
MIO MOLNDAL,MOLNDAL,SE;Former Central Government;S.1311;;;;;
mm att coop;Central Government;S.1311;;;;;
mm att Ica maxi;Central Government;S.1311;;;;;
Mobil;Central Government;S.1311;;;;;
Mobilskal Gustaf;Local Government;S.1313;;;;;
MOBL BARNEN;Former Central Government;S.1311;;;;;
MR GATSBY PIZZERIA ASKIM;Former Central Government;S.1311;;;;;
MR GATSBY PIZZERIA,Askim,SE;Former Central Government;S.1311;;;;;
MR GATSBY PIZZERIA,ASKIM,SE;Former Central Government;S.1311;1-Apr-07;Aug-11;;;
MR INDIA GOTEBORG;Former Central Government;S.1311;;;;;
MR TOMATO,GOTEBORG,SE;Former Public Corporation;S.11001;;;;;
MYCASE-PODRUZNICA ZAGR,ZAGREB,HR;Former Public Corporation;S.11001;1-May-12;Jun-12;;;
MYSKJE MACKEN,SODERALA,SE;Former Central Government;S.1311;;;;;
NARA DEJ VETLANDA,VETLANDA,SE;Former Central Government;S.1311;;;;;
Nat;Former Central Government;S.1311;1-Apr-09;Jun-16;Central Science Laboratory was a government research laboratory for food, environmental and agricultural sciences. It became a part of Food and Environment Research Agency on 1 April 2009. This was listed as part of a quality review of bodies identified on the guide.;;
NETFLIX.COM,020790637,NL;Former Local Government;S.1313;27-Jun-05;Dec-10;;;
NETFLIX.COM,Amsterdam,NL;Central Government;S.1311;;;;;
NETS*collagefoto.se,Malmo,SE;Public Non-Financial Corporation;S.11001;;;;;
NIDS 4 KIDS,GOTEBORG,SE;Central Government;S.1311;19-Jun-05;Mar-12;;;
NOBELIUS VILTAFFAR AB,GOTEBORG,SE;Former Central Government;S.1311;;;;;
NORDSTANS SAMFA,GOTEBORG,SE;Public Non-Financial Corporation;S.11001;;;;;
Nota Harvest by Mannerström;Local Government;S.1313;;;;;
NOTKARNAN HOVASASKIM VC ASKIM;LG Funds, Accounts, Courts and Posts;S.1313;;;;;
NRG PIZZA 225,JONKOPING,SE;CG Funds, Accounts, Courts and Posts;S.1311;;;;;
NYA*Albrechts Lunchres,97237694380,SE;Former Public Corporation;S.11001;1-Nov-07;May-12;;;
NYA*Enhet 2008,97237694380,SE;Former Public Corporation;S.11001;1-Jun-00;May-12;;;
NYA*Toalett,46031920985,SE;Former Public Corporation;S.11001;1-Dec-92;May-12;;;
O LEARYS GOTEBO,GOTEBORG,SE;Public Non-Financial Corporation;S.11001;;;;;
OKQ8 GOTEBORG;Former Public Corporation;S.11001;;Mar-12;;;
OKQ8 LANDVETTER;Central Government;S.1311;;;;;
OKQ8,BILLDAL,SE;Central Government;S.1311;;;;;
OKQ8,GOTEBORG,SE;Central Government;S.1311;1-Jun-09;Nov-10;;;
OKQ8,VASTRA FROLUN,SE;Local Government;S.1313;;;;;
OKQ8,VÄSTRA FRÖLUN,SE;Former Public Corporation;S.11001;1-Nov-12;Jul-13;;;
ONGO VASTRA FROLUN;Local Government;S.1313;;;;;
ONGO,VASTRA FROLUN,SE;Local Government;S.1313;;;;;
överdrag f o g;Public Non-Financial Corporation;S.11001;;;;;
Överf ISK;Local Government;S.1313;;;;;
ÖVERFÖRING;Central Government;S.1311;;;;;
PA SPARET,VIMMERBY,SE;Local Government;S.1313;;;;;
Panda -Gustav /Bengt;Former Central Government;S.1311;1-Feb-15;Mar-15;;;
Pandaförsäljningen;Local Government;S.1313;;;;;
PANDURO HOBBY,VESTRA FROLUN,SE;Local Government;S.1313;;;;;
PARKERINGSBOLAGET GOTEBORG;Former Public Corporation;S.11001;;;;;
PARKERINGSBOLAGET,GOTEBORG,SE;Local Government;S.1313;;;;;
Paynova AB (publ);Central Government;S.1311;;;;;
PILENS PIZZERIA,ASKIM,SE;Local Government;S.1313;;;;;
PIZZERIA VIVALDI,ASKIM,SE;Public Non-Financial Corporation;S.11001;;;;;
pjäxor;Central Government;S.1311;;;;;
PLANTAGEN ASKIM ASKIM;Central Government;S.1311;;;;;
PLANTAGEN ASKIM,ASKIM,SE;Former Central Government;S.1311;;;;;
PodMe Stockholm;Former Central Government;S.1311;1-Aug-12;Mar-13;;;
PodMe,Stockholm,SE;Former Central Government;S.1311;1-Nov-08;Mar-11;;;
PRALINEHUSET H.R AB,GOTEBORG,SE;Former Central Government;S.1311;;;;;
PREEM ASKIM;Central Government;S.1311;;;;;
PREEM,ASKIM,SE;Central Government;S.1311;;;;;
PREEM,BORAS,SE;Local Government;S.1313;;;;;
PREEM,GOTEBORG,SE;Local Government;S.1313;;;;;
PREEM,MÅLILLA,SE;Former Central Government;S.1311;1-Jun-12;Jul-12;;;
PRESENT G O;Local Government;S.1313;;;;;
PRESENT GUNVOR;Local Government;S.1313;;;;;
PRESENT GUSTAF;Local Government;S.1313;;;;;
present Maria;Central Government;S.1311;;;;;
Presenter;Former Central Government;S.1311;;;;;
PRESSBYRAN 4025133,GOTEBORG,SE;Local Government;S.1313;1-Nov-11;Feb-14;;;
PRESSBYRAN 4028140,GOTEBORG,SE;Local Government;S.1313;1-Nov-11;Feb-14;;;
PRESSBYRAN 4028142,GOTEBORG,SE;Local Government;S.1313;;;;;
PRESSBYRAN 4050156,GOTEBORG,SE;Central Government;S.1311;1-Jul-88;Jul-10;;;
PRESSBYRAN 4128121,V. FROLUNDA,SE;Local Government;S.1313;;;;;
PRESSBYRAN 4128810,GOTEBORG,SE;Local Government;S.1313;;;;;
PRESSBYRÅN 4150145,GÖTEBORG,SE;Local Government;S.1313;;;;;
PRESSBYRÅN 4228100,GÖTEBORG,SE;Local Government;S.1313;;;;;
PRESSBYRAN 4244040,GOTEBORG,SE;Local Government;S.1313;;;;;
PRESSBYRAN 4325123,VASTRA FROLUN,SE;Local Government;S.1313;;;;;
PRESSBYRAN 4325181,GOTEBORG,SE;Local Government;S.1313;;;;;
QSTAR VETLANDA,VETLANDA,SE;Central Government;S.1311;1-May-10;Jul-10;;;
RADIOSPELET,VASTRA FROLUN,SE;Public Non-Financial Corporation;S.11001;;;;;
RAINBOW GLASS  GODIS,GOTEBORG,SE;Public Non-Financial Corporation;S.11001;;;;;
RASTPUNKT LAXA,LAXA,SE;Public Non-Financial Corporation;S.11001;;;;;
Regnkläder;Public Non-Financial Corporation;S.11001;1-Nov-00;Oct-13;;;
REPAIRHOUSE AB,Vastra Frolun,SE;Central Government;S.1311;;;;;
RESTAURANG DUBBEL GARDEN,GOTEBORG,SE;Central Government;S.1311;1-Apr-05;Aug-11;;;
RESTAURANG GAST,GOTEBORG,SE;Central Government;S.1311;;;;;
RESTAURANG GREENS,VESTRA FROLUN,SE;Former Public Financial Corporation;S.12801;1-May-03;Oct-13;;;
RESTAURANG RASA SA YANG,MOLNDAL,SE;Central Government;S.1311;;;;;
RESTURANG DIVAN,GOTEBORG,SE;Central Government;S.1311;;;;;
Resurs Bank AB;Central Government;S.1311;1-Nov-10;Nov-10;;;
Rivjärn;Former Central Government;S.1311;;;;;
Rivjärn;Former Central Government;S.1311;;;;;
RNB Retail and Brands,Stockholm,SE;Local Government;S.1313;;;;;
röjsåg;Former Public Corporation;S.11001;;;;;
ROOTS,GOTEBORG,SE;Central Government;S.1311;1-Apr-13;Mar-13;;;
RUDDALENS GYM,VASTRA FROLUN,SE;Former Central Government;S.1311;;;;;
RUSTA SISJON 46,ASKIM,SE;Former Central Government;S.1311;;;;;
saluhallen;Former Central Government;S.1311;;;;;
SALUHALLEN SERVERING,GOTEBORG,SE;Former Central Government;S.1311;1-Jan-03;Jan-13;;;
SAMUI THAI KITCHEN GOTEBORG;Former Central Government;S.1311;;;;;
säng;Former Central Government;S.1311;;;;;
SANGJATTEN SVERIGE HOG,VASTRA FROLUN,SE;Public Financial Corporation;S.12501;;Jul-12;;;
SANGUINE,GOTEBORG,SE;Public Non-Financial Corporation;S.11001;;;;;
SANKT JORGEN PARK RESORT,GOTEBORG,SE;Central Government;S.1311;;;;;
SEGA GUBBEN,GOTEBORG,SE;Former Public Corporation;S.11001;;;;;
SHELL 7-11 61327 VIARED BORAAS;Former Public Corporation;S.11001;;;;;
SHELL ASKIM VAR,ASKIM,SE;Former Public Corporation;S.11001;;;;;
SHELL BOTTNARYD,BOTTNARYD,SE;Former Central Government;S.1311;;;;;
SHELL FJARAAS,FJARAAS,SE;Local Government;S.1313;;;;;
SHELL GÖTEBORG,,GÖTEBORG,SE;Public Non-Financial Corporation;S.11001;;;;;
SHELL GOTEBORG,GOTEBORG,SE;Local Government;S.1313;;;;;
SHELL VASTRA FR,VASTRA FROLUN,SE;Local Government;S.1313;;;;;
SK7512235974;Public Non-Financial Corporation;S.11001;;;;;
skål;Local Government;S.1313;;;;;
SKARA SOMMARLAND,AXVALL,SE;Former Central Government;S.1311;;;;;
SKENE KROG SVENSK OCH TUR,SKENE,SE;Central Government;S.1311;1-Feb-13;Feb-13;;;
Skolkatalog;Central Government;S.1311;1-Apr-93;Oct-10;;;
skor Gustaf;Former Public Non-Financial Corporation;S.11001;2-Dec-15;Oct-16;In accordance with internationally agreed rules in the Europeans System of Accounts 2010 (ESA2010) and accompanying Manual on Government Deficit and Debt 2016 (MGDD 2016), ONS has reviewed the classification of Scottish Trust Ports. Based on provisions contained within the Ports Act 1991, these were previously classified as public non-financial corporations (S.11001). The Scottish Government introduced new legislation in 2015 (the Harbours (Scotland) Act) to repeal sections of the Ports Act 1991 with a view to removing public sector control of Scottish Trust Ports. Following consideration of this legislation, ONS concluded that the Scottish Trust Ports are no longer subject to public sector controls. Scottish Trust Ports are now classified as private non-financial corporations, with this decision effective from 2 December 2015.;;
SKOVDE ARENA,SKOVDE,SE;Local Government;S.1313;12-Nov-09;Jun-19;Combined Authorities (CAs) are the bodies formed by two or more local authorities wishing to work more closely together to make collective decisions on key policy areas such as economic development, transport, skills, health and social care. ONS has assessed the classification status of CAs and has concluded that they are subject to public sector control as their corporate policy is determined by government and the majority of their members must be councillors appointed by the councils representing the respective local authorities. The assessment also concluded that as all CAs are funded almost entirely by non-competitive grants from government, they are not market producers. As all CAs are formed under the Local Democracy, Economic Development and Construction Act 2009 (the 2009 Act), they have been classified en-bloc to the Local Government subsector (S.1313) with effect from 12 November 2009, the date the 2009 Act received Royal Assent.;;
skridskor;CG Funds, Accounts, Courts and Posts;S.1311;;;;;
SMSPARK.SE,MOLNDAL,SE;Local Government;S.1313;;;;;
Snabböverföring;Former Central Government;S.1311;1-Apr-11;Sep-11;;;
SOTA BAR SWEDEN AB,GOTEBORG,SE;Former Central Government;S.1311;;;;;
SOTA BAR SWEDEN AB,KUNGALV,SE;Former Central Government;S.1311;;;;;
Sovsäck;Central Government;S.1311;;;;;
spackel och cement;Central Government;S.1311;;;;;
Spade;Central Government;S.1311;;;;;
SPORTARENAN GOTEBORG VESTRA FR;Former Central Government;S.1311;;;;;
SPORTSHOPEN SIS,ASKIM,SE;Former Central Government;S.1311;1-Jun-08;Mar-12;;;
Spotify P09281CA7B Stockholm;Former Central Government;S.1311;;;The Commission for Racial Equality merged with the Equal Opportunities Commission and the Disability Rights Commission to form a new Equality and Human Rights Commission in October 2007.;;
Spotify P0992C9EE2 Stockholm;Former Central Government;S.1311;31-Mar-13;Nov-17;The Commission for Rural Communities's statutory purpose was to promote awareness of rural social and economic needs amongst decision makers across and beyond government. The Public Bodies (Abolition of the Commission for Rural Communities) Order 2012 abolished the CRC on 31 March 2013, following an external consultation.                          ;;
Spotify P0A03EB1E3 Stockholm;Former Central Government;S.1311;1-Mar-09;Jan-11;;;
Spotify P0A7B2EB96,Stockholm,SE;Local Government;S.1313;;;;;
Spotify P0AF2CC3CF,Stockholm,SE;Central Government;S.1311;1-May-08;Mar-12;;;
Spotify P0B6DEF794,Stockholm,SE;Central Government;S.1311;1-Apr-11;Oct-11;;;
Spotify P0BE528573,Stockholm,SE;Former Central Government;S.1311;;;;;
Spotify P0C5D60FF9,Stockholm,SE;Former Central Government;S.1311;;;;;
Spotify P0CD3C5122,Stockholm,SE;Local Government;S.1313;1-Jan-12;May-12;;;
Spotify P0D326F159,Stockholm,SE;Central Government;S.1311;29-Apr-05;Dec-11;;;
Spotify P0D8D142E8,Stockholm,SE;Local Government;S.1313;;;;;
Spotify P0DF3831D9,Stockholm,SE;Central Government;S.1311;;;;;
Spotify P0E48FDF15,Stockholm,SE;Former Central Government;S.1311;;;;;
Spotify P0EA6E6096,Stockholm,SE;Former Central Government;S.1311;23-Apr-14;Nov-17;The role of the Committee on Agricultural Valuation was to give advice to Ministers about provisions to be included in regulations on tenant-right matters and the amount of compensation for improvements to be paid to tenants at the end of an agricultural tenancy in England and Wales. It had not functioned for over 20 years and was therefore dissolved under The Public Bodies (Abolition of the Committee on Agricultural Valuation) Order 2014 on 23 April 2014;;
Spotify P0F05356AF,Stockholm,SE;Former Central Government;S.1311;;;;;
Spotify P0F6A01D74,Stockholm,SE;Central Government;S.1311;;;;;
Spotify P0FCFC7EE8,Stockholm,SE;Central Government;S.1311;;;;;
Spotify P10409D9E4,Stockholm,SE;Former Central Government;S.1311;;;;;
Spotify P109911445,Stockholm,SE;Central Government;S.1311;;;;;
Spotify P1102EA02C,Stockholm,SE;Central Government;S.1311;;;;;
Spotify P1163C1786,Stockholm,SE;Former Central Government;S.1311;;;;;
Spotify P11E7660D7,Stockholm,SE;Central Government;S.1311;;;;;
Spotify P123B44EC3,Stockholm,SE;Central Government;S.1311;;;;;
Spotify P12ABBAE9D,Stockholm,SE;Central Government;S.1311;;;;;
ST1 VETLANDA,EKENÄSSJÖN,SE;Central Government;S.1311;;;;;
STADIUM BACKAPL,GOTEBORG,SE;Former Central Government;S.1311;;;;;
STADIUM OUTLET,ASKIM,SE;Central Government;S.1311;;;;;
STADIUM SISJON,ASKIM,SE;Former Central Government;S.1311;;;;;
STADIUM VASTRA,VASTRA FROLUN,SE;Public Financial Corporation;S.12;;;;;
Star Stable NS9MQID1,Stockholm,SE;Central Government;S.1311;1-Dec-02;Feb-11;;;
STAR,GOTEBORG,SE;Central Government;S.1311;;;;;
stolar jysk;Central Government;S.1311;;;;;
STORA COOP BACKAPLAN,GOTEBORG,SE;Central Government;S.1311;;;;;
STORA COOP BACKEBOL,HISINGS BACKA,SE;Former Central Government;S.1311;1-Apr-08;Apr-15;;;
STORA COOP BACKEBOL,HISINGSBACKA,SE;Public Non-Financial Corporation;S.11001;28-Jul-09;Feb-17;Formed on 29 July 2009 as a subsidiary of Community Safety GlasgowThrough its board of directors also having to serve on the board of Community Safety Glasgow (its parent company), Community and Safety Services Limited was identified as a publically controlled institutional unit. By providing commercial security services at economically significant prices to non-Glasgow City Council customers, Community and Safety Services Limited passed the market test criteria as outlined in ESA 2010, and so it was considered to be a market body. As a publically controlled, market body, ONS concluded that Community and Safety Services Limited should be classified as a public non-financial corporation (S.11001). ;;
STORA COOP SISJON,ASKIM,SE;Local Government;S.1313;26-May-05;Sep-11;;;
STORA COOP SISJÖN,ASKIM,SE;Local Government;S.1313;25-May-05;Sep-11;;;
Storytel Sweden AB,Stockholm,SE;Central Government;S.1311;;;;;
SUSHI GARDEN,GOTEBORG,SE;Former Central Government;S.1311;;;;;
Swish;Former Central Government;S.1311;1-Dec-03;Mar-12;;;
Swish återbet från SF Anytime AB;Central Government;S.1311;;;;;
Swish från AXEL BJÖRKLUND;Central Government;S.1311;;;;;
Swish från Bodil Karlsson;Central Government;S.1311;1-Apr-17;Jun-19;Community Justice Scotland (CJS) is the body responsible for promoting world-leading standards of community justice across Scotland and advises Ministers and local government leaders on strengthening how public services and other partners can work together to prevent and reduce offending. ONS has assessed the classification status of CJS and has concluded that it is subject to public sector control as the chair and all members of the CJS board are appointed by Scottish Ministers. The assessment also concluded that CJS is a non-market body, as it is funded entirely by the Scottish Government through grant-in-aid. As such, CJS has been classified to the Central Government subsector (S.1311) with effect from 1 April 2017, the date CJS assumed its full functions. ;;
Swish från Gunvor Karlsson;Former Central Government;S.1311;;;;;
Swish från Karlsson, Bodil;Local Government;S.1313;1-Oct-06;Feb-17;Community Safety Glasgow was incorporated on 1 October 2006, as a partnership between Glasgow City Council and Police Scotland as a charitable body to deal with crime prevention, antisocial behavior and community safety issues. As a local government controlled non market body, ONS concluded that Community Safety Glasgow is classified to the Local Government subsector (S.1313).;Community Safety Glasgow was incorporated on 1 October 2006, as a partnership between Glasgow City Council and Police Scotland as a charitable body to deal with crime prevention, antisocial behavior and community safety issues. As a local government controlled non market body, ONS concluded that Community Safety Glasgow is classified to the Local Government subsector (S.1313).;Community Safety Glasgow was incorporated on 1 October 2006, as a partnership between Glasgow City Council and Police Scotland as a charitable body to deal with crime prevention, antisocial behavior and community safety issues. As a local government controlled non market body, ONS concluded that Community Safety Glasgow is classified to the Local Government subsector (S.1313).
Swish från MARTIN BERGENSTEIN;Local Government;S.1313;1-Nov-99;Jul-10;;;
Swish från SARA PALMQVIST;Central Government;S.1311;01-Nov-1884;Oct-18;;;
Swish till BILLDALS RIDKLUBB;Central Government;S.1311;;;;;
Swish till BSGA GÖTEBORG AB;Central Government;S.1311;1-Oct-13;Oct-13;;;
Swish till Jakobsson, Morgan;Central Government;S.1311;;;;;
Swish till NYA JÄRNBODEN I VIRSERU;Central Government;S.1311;;;;;
Swish till SF Anytime AB;Central Government;S.1311;;;;;
Swish till SOKOLOVA CONSULT AB;Local Government;S.1313;;;;;
Swish till TOMAS FRÖDIN;Local Government;S.1313;1-Dec-04;Sep-12;;;
Swish till VÄSTTRAFIK AB;Local Government;S.1313;1-Dec-04;Sep-12;;;
SwishPaymentMessage;Public Non-Financial Corporation;S.11001;;;;;
SYSTEMBOLAGET ASKIM ASKIM;CG Funds, Accounts, Courts and Posts;S.1311;;;;;
SYSTEMBOLAGET ASKIM,ASKIM,SE;Central Government;S.1311;;;;;
SYSTEMBOLAGET GOTEBORG,GOTEBORG,SE;Central Government;S.1311;;;;;
SYSTEMBOLAGET HOVAS,HOVAS,SE;Central Government;S.1311;;;;;
Tack !;Former Central Government;S.1311;;;;;
TANDOORI KITCHEN,GOTEBORG,SE;Former Central Government;S.1311;;;;;
TANKA SISJON,GOTEBORG,SE;Central Government;S.1311;;;;;
TAPETKLISTTER;Former Central Government;S.1311;1-Apr-08;Aug-11;;;
Taxi;Central Government;S.1311;;;;;
TAXI GOTEBORG,GOTEBORG,SE;Central Government;S.1311;1-Apr-10;Aug-10;;;
TEAM SPORTIA SODERHAMN,SODERHAMN,SE;Central Government;S.1311;1-Apr-08;Aug-11;;;
termo byxor;Former Central Government;S.1311;;;;;
Till Ebe;Former Central Government;S.1311;;;;;
TILL G & F;CG Funds, Accounts, Courts and Posts;S.1311;;;;;
Till matinköp;Central Government;S.1311;1-Dec-03;May-12;;;
Tillf mobil freja;Former Central Government;S.1311;;;;;
toa, kakelvvs;Local Government;S.1311;1-Jan-75;Jul-18;;;
Toalett,Borlange,SE;CG Funds, Accounts, Courts and Posts;S.1311;;;;;
TOETOE LTD,442088309955,GB;Local Government;S.1313;;;;;
TOYSRUS 3212 Askim       S;Local Government;S.1313;;;;;
TRE INDIER GOTEBORG;Central Government;S.1311;;;;;
TRIUMF GLASS OCH GODIS,VESTRA FROLUN,SE;Former Central Government;S.1311;;;;;
tvärflöjt;Local Government;S.1313;;;;;
TYSKA BRON,GOTEBORG,SE;Local Government;S.1313;;;;;
UDEMY: ONLINE COURSES,DUBLIN 2,IE;Local Government;S.1313;;;;;
ULLA J PLATS,MOLNDAL,SE;Public Non-Financial Corporation;S.11001;1-Apr-10;Jul-13;;;
ULRICEHAMN SKIC ULRICEHAMN;LG Funds, Accounts, Courts and Posts;S.1313;;;;;
V F BIBLIOTEK VASTRA FROLUN;Local Government;S.1313;;;;;
VASAKLINIKEN I SVERIGE GOTEBOR;Central Government;S.1311;;;;;
Vasttrafik AB Goteborg;Central Government;S.1311;;;;;
Vasttrafik AB,Goteborg,SE;Former Central Government;S.1311;;;;;
VÄSTTRAFIK AB,GOTEBORG,SE;Central Government;S.1311;;;;;
Västtrafik AB,Goteborg,SE;Former Central Government;S.1311;;;;;
veckomat;Central Government;S.1311;;;;;
VENTIL;Former Central Government;S.1311;;;;;
WILLYS;Central Government;S.1311;;;;;
WILLYS HEMMA GOTEBORG,GOTEBORG,SE;Central Government;S.1311;;Mar-11;;;
WILLYS HEMMA PAVELUND,VASTRA FROLUN,SE;Local Government;S.1313;;;;;
WILLYS HVITFELDTSPLATS,GOTEBORG,SE;Former Central Government;S.1311;;;;;
WILLYS OSKARSHAMN SNIC OSKARSH;Former Central Government;S.1311;;;;;
WILLYS SISJON ASKIM;Former Central Government;S.1311;1-Oct-06;Jun-12;;;
WILLYS SISJON,ASKIM,SE;Former Central Government;S.1311;1-Apr-13;Apr-13;;;
WILLYS SISJÖN,ASKIM,SE;Local Government;S.1313;;;;;
WWW.BILTEMA.COM,HELSINGBORG,SE;Former Central Government;S.1311;;;;;
WWW.SFANYTIME.COM STOCKHOLM;CG Funds, Accounts, Courts and Posts;S.1311;;;;;
WWW.SFANYTIME.COM,STOCKHOLM,SE;Local Government;S.1313;;;;;
WWW.TELENOR.SE,HELSINGBORG,SE;Former Local Government;S.1313;;;;;
XXH M SE0249 VASTRA FR VASTRA;CG Funds, Accounts, Courts and Posts;S.1311;;;;;
XXL SPORT &VILD,ASKIM,SE;Former Central Government;S.1311;1-Apr-05;Oct-11;;;
XXL SPORT VILD ASKIM;Public Financial Corporation;S.12201;;;;;
XXL SPORT VILD,ASKIM,SE;Public Non-Financial Corporation;S.11001;;;;;
zooplus;Public Non-Financial Corporation;S.11001;;;;;
