Institutions;Sector;ESA10 category;Classification applies from;Date classified on the PSCG;Notes;;;;;;;;
7 ELEVEN;ULRICEHAMN;SE;CG Funds; Accounts; Courts and Posts;S.1311;;;Prior to the creation of the Supreme Court in 2009; this post was called the Accountant General of the Supreme Court.;;;
7 ELEVEN 4317142;;GoTEBORG;SE;Central Government;S.1311;;;;;;;;
7-ELEVEN 4324101;VASTRA FROLUN;SE;Public Non-Financial Corporation;S.11001;;;;;;;;;
ACTIC SVERIGE A;ULRICEHAMN;SE;Former Central Government;S.1311;;;;;;;;;
AKADEMIBOKHANDE;GOTEBORG;SE;Central Government;S.1311;;;;;;;;;
AKADEMIBOKHANDE;ASKIM;SE;Former Central Government;S.1311;1-Apr-02;Nov-11;;;;;;;
AKAVIA;VESTRA FROLUN;SE;Former Central Government;S.1311;;;;;;;;;
ALBATROSS GOLFK;VASTRA FROLUN;SE;Central Government;S.1311;;;;;;;;;
AmazonMktplc*MS9LG7FO4;Stockholm;SE;Former Central Government;S.1311;;;;;;;;;
AmazonMktplc*MS9LG7FO4;Former Central Government;S.1311;1-Jan-08;Sep-12;;;;;;;;;
APOTEK;Central Government;S.1311;;;;;;;;;;;
APOTEK HJARTAT ICA MAX;Former Central Government;S.1311;;;;;;;;;;;
APOTEK HJARTAT ICA MAX;Central Government;S.1311;;;;;;;;;;;
APOTEKSHOP CENTRALEN;Former Central Government;S.1311;;;;;;;;;;;
arsavg Bankkort Privat; APOTEK; KLaDER;Former Central Government;S.1311;30-Sep-03;Apr-18;;;;;;;
ASKIMS CAMPING;Central Government;S.1311;;;;;;;;;;;
ASKIMSBADET;GOTEBORG;SE;Former Central Government;S.1311;;;;;;;;;
aterbaringLF;VETLANDA;SE;Central Government;S.1311;;;;;;;;;
aterbaringLF;DUBLIN;IE;Former Central Government;S.1311;30-Sep-05;Aug-18;;;;;;;
aTERBETALNIN;VETLANDA;SE;Central Government;S.1311;;;;;;;;;
Avbetalning bil;VETLANDA;SE;Former Central Government;S.1311;;;;;;;;;
Avbetalning bil;VIRSERUM;SE;Former Central Government;S.1311;;;;;;;;;
Bahnhof;LANDVETTER;SE;Central Government;S.1311;;;;;;;;;
barn mobil;OSKARSHAMN;SE;Former Central Government;S.1311;;;;;;;;;
BARN MOBIL;OSKARSHAMN;SE;Former Central Government;S.1311;1-Jul-12;Oct-12;;;;;;;
Bauhaus;OSKARSHAMN;SE;Former Central Government;S.1311;1-Mar-11;Feb-12;;;;;;;
BAUHAUS;VIRSERUM;SE;Former Central Government;S.1311;1-Apr-05;Oct-11;;;;;;;
BAUHAUS SISJON;Former Central Government;S.1311;;;;;;;;;;;
BAUHAUS SISJON;ULRICEHAMN;SE;Former Central Government;S.1311;;;;;;;;;
BAUHAUS SISJON;ULRICEHAMN;SE;Central Government;S.1311;;;;;;;;;
BAUHAUS SISJON;msbill.info;IE;Central Government;S.1311;;;;;;;;;
BEERISTA;Former Central Government;S.1311;1-Jan-01;Sep-12;;;;;;;;;
Bekrafta laddning av 072965418;Central Government;S.1311;;;;;;;;;;;
Bensin;VASTRA FROLUN;SE;Former Central Government;S.1311;1-Mar-15;Oct-17;The Advisory Committee on Pesticides provided independent scientific advice to Ministers and Governments on the authorisation of pesticides in the UK and on matters related to the control of pests. It was succeeded by the UK Expert Committee on Pesticides (ECP) which was established on 27 March 2015 under the Public Bodies Order 2015.;;;;;;
Bensin;Former Central Government;S.1311;;;;;;;;;;;
BESIKTA;Central Government;S.1311;;;;;;;;;;;
Besiktning;www.amazon.se;LU;Former Central Government;S.1311;;;;;;;;;
BESIKTNING;Former Central Government;S.1311;1-Apr-11;Sep-11;;;;;;;;;
Bestallning The Hive;Central Government;S.1311;;;;;;;;;;;
Bil;Central Government;S.1311;;;;;;;;;;;
Bil;Central Government;S.1311;;;;;;;;;;;
Bilhyra;ASKIM;SE;Former Central Government;S.1311;;;;;;;;;
BILHYRA;20790637;NL;Central Government;S.1311;;;;;;;;;
BILLDALS RIDKLUBB;Stockholm;SE;Former Central Government;S.1311;1-Apr-09;May-12;;;;;;;
BILLDALS RIDKLUBB;Stockholm;SE;Former Central Government;S.1311;1-Jun-05;May-12;;;;;;;
Billogram / faktura;Central Government;S.1311;;;;;;;;;;;
BILREP;Stockholm;SE;Central Government;S.1311;;;;;;;;;
Biltema;GoTEBORG;SE;Central Government;S.1311;;;;;;;;;
Biltema;GoTEBORG;SE;Former Central Government;S.1311;;;;;;;;;
BIOZONE SCIENTIFIC SCANDINAVIA AB;ASKIM;SE;Central Government;S.1311;1-Apr-04;Oct-11;;;;;;;
Blocketannons;ASKIM;SE;Former Central Government;S.1311;1-Apr-04;Oct-11;;;;;;;
BLOMSTERLANDET;VESTRA FROLUN;SE;Central Government;S.1311;;;;;;;;;
Boda hus;Central Government;S.1311;;;;;;;;;;;
BODA HUS;Central Government;S.1311;1-Aug-08;Sep-13;;;;;;;;;
BODIL KARLSSON;Former Central Government;S.1311;1-Jun-10;Oct-11;;;;;;;;;
Bodil Karlsson;Former Public Corporation;S.11001;;;;;;;;;;;
BOKUS;Former Central Government;S.1311;;;;;;;;;;;
BOUNCE HOVAAS AB;ULRICEHAMN;SE;Local Government;S.1313;;;;;;;;;
Boxer;Central Government;S.1311;8-Aug-14;Feb-15;;;;;;;;;
BRODHUSET;Former Central Government;S.1311;;;;;;;;;;;
BURGER KING VIA;Former Central Government;S.1311;1-Dec-13;Jan-16;Following a public consultation in 2012; the Government decided to close the 16 committees in England in December 2013;;;;;;;
BYGGMAX/1203;Former Central Government;S.1311;1-Mar-07;Oct-13;;;;;;;;;
BYGGMAX/1204;LANDVETTER;SE;Central Government;S.1311;;;;;;;;;
BYGGMAX/1216;VIRSERUM;SE;Former Central Government;S.1311;1-Jul-13;Jun-14;;;;;;;
Cafe Ridning;NESSJO;SE;Former Central Government;S.1311;1-Mar-06;May-12;;;;;;;
CENTRALA STUDIESToDSNaMNDEN;VIRSERUM;SE;Former Central Government;S.1311;1-Jun-13;Oct-13;;;;;;;
CIRCLE K;Stockholm;SE;Central Government;S.1311;;;;;;;;;
CLAS OHLSON;VIRSERUM;SE;Former Central Government;S.1311;1-Dec-13;Jan-16;Following a public consultation in 2012; the Government decided to close the 15 committees in England in December 2013;;;;;
COLLECTOR BANK AB;BORAS;SE;Former Central Government;S.1311;1-Mar-07;Oct-13;;;;;;;
COLORAMA;BORAS;SE;Former Central Government;S.1311;;;;;;;;;
Compeed;Central Government;S.1311;;;;;;;;;;;
Compeed;GOTEBORG;SE;Central Government;S.1311;1-Apr-06;May-12;;;;;;;
Compeed igen;VESTRA FROLUN;SE;Central Government;S.1311;1-Nov-00;Oct-13;;;;;;;
Conpeed apotek;NESSJO;SE;Central Government;S.1311;1-Apr-08;Apr-12;;;;;;;
COOP;BORaS;SE;Central Government;S.1311;;;;;;;;;
Corona test;Public Financial Corporation;S.12501;;;;;;;;;;;
CORONA TEST;Stockholm;SE;Public Financial Corporation;S.12501;;;;;;;;;
Cykel g;Public Financial Corporation;S.12501;;;;;;;;;;;
Dackbyte;DUBLIN;IE;Public Financial Corporation;S.12501;;;;;;;;;
Dacklagning;Public Financial Corporation;S.12501;;;;;;;;;;;
DAHLS BAGERI;Stockholm;SE;Public Financial Corporation;S.12501;;;;;;;;;
Disk Stratjara;Stockholm;SE;Public Financial Corporation;S.12501;;;;;;;;;
DJURENS VaRLD;Public Financial Corporation;S.12501;;;;;;;;;;;
DUYTAN;Public Non-Financial Corporation;S.11001;1-Feb-13;Jun-15;;;;;;;;;
EASYPARK;GOTEBORG;SE;Former Public Corporation;S.11001;1-Jul-06;Aug-13;;;;;;;
ECO & FAIR;MSBILL.INFO;IE;Central Government;S.1311;;;;;;;;;
EGMONT PUBLISHING AB;ULRICEHAMN;SE;Public Non-Financial Corporation;S.11001;1-Feb-13;Jun-15;;;;;;;
EKHAGENS PIZZERIA;ASKIM;SE;Former Public Corporation;S.11001;1-Jul-06;Aug-13;;;;;;;
EKLANDA KROG;ULRICEHAMN;SE;Former Central Government;S.1311;1-Jul-12;Sep-12;;;;;;;
ELCYKEL GOTEBORG BUTIK N;NESSJO;SE;Local Government;S.1313;;;;;;;;;
ELGIGANTEN AB;ASKIM;SE;Local Government;S.1313;;;;;;;;;
ENERGIKUNDSERVICE SVERIGE;Local Government;S.1313;;;;;;;;;;;
ENERGIKUNDSERVICE SVERIGE AB;ULRICEHAMN;SE;Public Financial Corporation;S.12201;;;;;;;;;
ESPRESSO HOUSE 317;Former Public Corporation;S.11001;;;;;;;;;;;
EVA'S PARLEY;ASKIM;SE;Local Government;S.1313;;;;;;;;;
Fam moberg;GOTEBORG;SE;Former Central Government;S.1311;1-Apr-06;Feb-12;;;;;;;
Fastighets AB Kalvringen Sisjon;GOTEBORG;SE;Former Central Government;S.1311;1-Jun-03;Feb-12;;;;;;;
FILMSTADEN AB;GOTEBORG;SE;Central Government;S.1311;1-Jun-09;Mar-11;;;;;;;
FKASSA;Stockholm;SE;Former Public Corporation;S.11001;;;;;;;;;
Flaktplatta;Stockholm;SE;Former Public Corporation;S.11001;;;;;;;;;
FLaKTPLATTA;20790637;NL;Local Government;S.1313;;;;;;;;;
Flixbus;MOLNDAL;SE;Former Central Government;S.1311;;;;;;;;;
FLUGGER AB S027;VESTRA FROLUN;SE;Former Central Government;S.1311;;;;;;;;;
Flyttsajer;VESTRA FROLUN;SE;Central Government;S.1311;1-Oct-14;Sep-18;;;;;;;
Flyttsaker;Former Central Government;S.1311;1-Oct-14;Feb-18;;;;;;;;;
FOLKSAM oMSESIDIG SAKFoRSaKRING;GOTEBORG;SE;Public Non-Financial Corporation;S.11001;;;;;;;;;
Fondsparande Lann Mix;GOTEBORG;SE;Central Government;S.1311;;;;;;;;;
FORDONSSKATT TRANSPORTSTYRELSEN;Goteborg;SE;Former Central Government;S.1311;1-Jul-10;Jul-12;;;;;;;
FORDONSSKATT TRANSPORTSTYRELSEN;GoTEBORG;SE;Former Public Non-Financial Corporation;S.11001;2-Dec-15;Oct-16;In accordance with internationally agreed rules in the Europeans System of Accounts 2010 (ESA2010) and accompanying Manual on Government Deficit and Debt 2016 (MGDD 2016); ONS has reviewed the classification of Scottish Trust Ports. Based on provisions contained within the Ports Act 1991; these were previously classified as public non-financial corporations (S.11001). The Scottish Government introduced new legislation in 2015 (the Harbours (Scotland) Act) to repeal sections of the Ports Act 1991 with a view to removing public sector control of Scottish Trust Ports. Following consideration of this legislation; ONS concluded that the Scottish Trust Ports are no longer subject to public sector controls. Scottish Trust Ports are now classified as private non-financial corporations; with this decision effective from 2 December 2015.;;
Forsenat Grattis och God Jul;GoTEBORG;SE;Local Government;S.1313;;;;;;;;;
FOTBOLL FREJ;GOTEBORG;SE;Local Government;S.1313;;;;;;;;;
FRaN LoNEKONTO;ASKIM;SE;Central Government;S.1311;;;;;;;;;
FREDRIK MOBERG;GOTEBORG;SE;Former Central Government;S.1311;1-Apr-06;Nov-11;;;;;;;
Freja borste;INTERNET;GB;Former Central Government;S.1311;;;;;;;;;
Freja hamtar bilnyckel;Former Central Government;S.1311;1-Oct-12;Oct-12;;;;;;;;;
Gbg Stad/Intraservice;GOTEBORG;SE;Local Government;S.1313;;;;;;;;;
GOD JUL;GOTEBORG;SE;Public Non-Financial Corporation;S.11001;;;;;;;;;
GODISHUSET;GOTEBORG;SE;Central Government;S.1311;;;;;;;;;
Golv;GOTEBORG;SE;Central Government;S.1311;;;;;;;;;
Golv;GOTEBORG;SE;Local Government;S.1313;;;;;;;;;
GOOGLE*GOOGLE;Local Government;S.1313;;Sep-12;;;;;;;;;
GOTA MEDIA AB;Local Government;S.1313;;;;;;;;;;;
GOTEBORGS GODISAFFAR;GOTEBORG;SE;Central Government;S.1311;1-Feb-11;Sep-11;;;;;;;
GP.SE;GOTEBORG;SE;Local Government;S.1313;;;;;;;;;
GRENNAS BISTRO AB;ASKIM;SE;Central Government;S.1311;;;;;;;;;
GULF;GOTEBORG;SE;Central Government;S.1311;;;;;;;;;
Gustafs kalaskonto;GOTEBORG;SE;Former Central Government;S.1311;1-Apr-07;Mar-11;;;;;;;
GYLLENE KORVEN;Public Non-Financial Corporation;S.11001;;;;;;;;;;;
HAGABADET;Former Public Corporation;S.11001;;;;;;;;;;;
Halebop;Former Central Government;S.1311;;;;;;;;;;;
Hallon Freja;Former Central Government;S.1311;1-Apr-04;Mar-11;;;;;;;;;
Hallon Gustaf;Stockholm;SE;Former Central Government;S.1311;;;;;;;;;
HALLON.SE;VASTRA FROLUN;SE;Former Central Government;S.1311;1-Apr-06;Mar-11;;;;;;;
HARVEST BY MANNERSTROM;GOTEBORG;SE;Former Central Government;S.1311;1-Apr-05;Aug-11;;;;;;;
HBO Nordic AB;GOTEBORG;SE;Central Government;S.1311;1-Apr-05;Aug-11;;;;;;;
HEMGLASS GOTEBORG;VaSTRA FRoLUN;SE;CG Funds; Accounts; Courts and Posts;S.1311;;;;;;;
HEMKoP;Central Government;S.1311;;;;;;;;;;;
HERTZ;Central Government;S.1311;;;;;;;;;;;
HERTZ 00409 GOTEBORG;ASKIM;SE;Central Government;S.1311;;;;;;;;;
HERTZ SWEDEN FRANCHISE;VETLANDA;SE;Local Government;S.1313;;;;;;;;;
HM SE0249;NESSJO;SE;Local Government;S.1313;;;;;;;;;
HoGSBY PASTORAT;GOTEBORG;SE;Public Non-Financial Corporation;S.11001;;;;;;;;;
HooKS HaSTSPORT;Vetlanda;SE;Local Government;S.1313;;;;;;;;;
Hovas Askim Familjelakare & BVC AB;BORAS;SE;Former Central Government;S.1311;;;;;;;;;
ICA;VETLANDA;SE;Former Central Government;S.1311;1-Oct-12;Apr-13;;;;;;;
ICA KVANTUM FROLUNDA;VETLANDA;SE;Former Central Government;S.1311;1-Apr-08;Jun-12;;;;;;;
ICA NARA KRYSSET VIRS;Local Government;S.1313;;;;;;;;;;;
ICA NARA KRYSSET VIRS;Local Government;S.1313;;;;;;;;;;;
idrottsrabatten Freja Moberg;Local Government;S.1313;;;;;;;;;;;
IF SKADEFoRSaKRING AB (PU;Malmo;SE;Central Government;S.1311;;;;;;;;;
IKANO BANK AB - PREEM;Hovaas;SE;Former Public Non-Financial Corporation;S.11001;2-Dec-15;Oct-16;In accordance with internationally agreed rules in the Europeans System of Accounts 2010 (ESA2010) and accompanying Manual on Government Deficit and Debt 2016 (MGDD 2016); ONS has reviewed the classification of Scottish Trust Ports. Based on provisions contained within the Ports Act 1991; these were previously classified as public non-financial corporations (S.11001). The Scottish Government introduced new legislation in 2015 (the Harbours (Scotland) Act) to repeal sections of the Ports Act 1991 with a view to removing public sector control of Scottish Trust Ports. Following consideration of this legislation; ONS concluded that the Scottish Trust Ports are no longer subject to public sector controls. Scottish Trust Ports are now classified as private non-financial corporations; with this decision effective from 2 December 2015.;;
IKEA-KALLERED;GOTEBORG;SE;Former Public Non-Financial Corporation;S.11001;31-Mar-15;Jan-16;The Audit Commission was closed on 31st March 2015 with its functions being taken on by Public Sector Appointments Ltd; National Audit Office; Financial Reporting Council and Cabinet Office;;;;
INET;GOTEBORG;SE;Public Pension Fund;S.12901;31-May-12;Feb-16;The Audit Commission Pension Scheme provides pensions and other benefits to former employees of the Audit Commission under a defined benefit scheme. The Scheme entered into a Crown Guarantee on 31 May 2012.  It was closed to new members at the end of March 2015 following the dissolution of the Audit Commission.  ONS assessed the Audit Commission crown guarantee arrangement in accordance with internationally agreed rules in the European System of Accounts 2010 (ESA 2010) and accompanying Manual on Government Deficit and Debt 2014 (MGDD 2014). ONS concluded that (i) the Audit Commission Pension Scheme was the pension administrator in the public pension fund subsector (S.12901) and (ii) the Secretary of State for DCLG was the pension manager in the central government subsector (S.1311). This means any difference between the pension entitlements and the assets held by the Scheme will be attributed to the central government subsector as an asset/liability.;;;;;;
INGO ASKIM SISJON;HOVAS;SE;Public Non-Financial Corporation;S.11001;;;;;;;;;
Inteleon AB;Former Local Government;S.1313;1-Apr-14;Jun-14;;;;;;;;;
INTERSPORT GOTE;GOTEBORG;SE;Former Central Government;S.1311;;;;;;;;;
iZ *Svanstrom Lin;GOTEBORG;SE;Former Public Non-Financial Corporation;S.11001;2-Dec-15;Oct-16;In accordance with internationally agreed rules in the Europeans System of Accounts 2010 (ESA2010) and accompanying Manual on Government Deficit and Debt 2016 (MGDD 2016); ONS has reviewed the classification of Scottish Trust Ports. Based on provisions contained within the Ports Act 1991; these were previously classified as public non-financial corporations (S.11001). The Scottish Government introduced new legislation in 2015 (the Harbours (Scotland) Act) to repeal sections of the Ports Act 1991 with a view to removing public sector control of Scottish Trust Ports. Following consideration of this legislation; ONS concluded that the Scottish Trust Ports are no longer subject to public sector controls. Scottish Trust Ports are now classified as private non-financial corporations; with this decision effective from 2 December 2015.;;
Jarnboden;VASTRA FROLUN;SE;Public Non-Financial Corporation;S.11001;;;;;;;;;
JARVSOBACKEN;Public Non-Financial Corporation;S.11001;;;;;;;;;;;
JOHN SCOTT'S;GOTEBORG;SE;Former Central Government;S.1311;;;;;;;;;
Jord och godsel;GOTEBORG;SE;Local Government;S.1313;;;;;;;;;
Jord och godsel;Goteborg;SE;Local Government;S.1313;;;;;;;;;
JULA AB;ASKIM;SE;Local Government;S.1313;;;;;;;;;
Juljlappp Rolf;Goteborg;SE;Former Public Corporation;S.11001;;;;;;;;;
Julklappar amazon;Goteborg;SE;Public Non-Financial Corporation/Public Non-Financial Corporation (see notes in tab);S.11001/03;1-Feb-13;Jun-15;;;;;;;
JULKLAPPAR AMAZON;DUBLIN;IE;Public Financial Corporation;S.121;;;;;;;;;
Julklappar Bokus;KALLERED;SE;Public Pension Fund;S.12901;29-Oct-99;Mar-19;The Bank of England pension scheme is a defined benefit scheme which provides benefits for employees of the Bank of England. ONS has assessed the classification status of the scheme and has concluded that Bank of England Pension Fund Trustees Ltd. is the scheme's Pension Administrator; as it was created with the sole purpose of acting as the trustee for the scheme. As a majority of the trustees are appointed by the Bank of England (which is classified as a public financial corporation (S.121)); this has led to the trustees being classified within the Public Pension Funds subsector (S.12901) with effect from 29 October 1999; the date Bank of England Pension Fund Trustees Ltd. was incorporated. ONS has also determined that the Pension Manager is the Bank of England as it bears responsibility for the Scheme's policy and strategy; and ultimate responsibility for the scheme.;;
JULKLAPPAR BOKUS;VESTRA FROLUN;SE;Former Public Financial Corporation;S.12201;1-Mar-14;Apr-14;;;;;;;
JULKLAPPAR ROLF;MOLNDAL;SE;Public Financial Corporation;S.121;;;;;;;;;
Julklappar Rolf;Local Government;S.1313;;;;;;;;;;;
Jysk Vetlanda;VASTERAS;SE;Public Non-Financial Corporation;S.11001;;;;;;;;;
K-RAUTA;Goteborg;SE;Local Government;S.1313;;;;;;;;;
K*Adlibris A;Goteborg;SE;Local Government;S.1313;;;;;;;;;
K*Apotea AB;msbill.info;IE;Local Government;S.1313;;;;;;;;;
K*Bokus AB;g.co/helppay#;GB;Former Central Government;S.1311;1-May-09;Jun-12;;;;;;;
K*Coop.se;Goteborg;SE;Former Central Government;S.1311;;;;;;;;;
K*DECATHLON;Goteborg;SE;Local Government;S.1313;;;;;;;;;
K*DPJ Svensk;Local Government;S.1313;;;;;;;;;;;
K*Elgiganten;Goteborg;SE;Local Government;S.1313;;;;;;;;;
K*Hall Media;GOTEBORG;SE;Local Government;S.1313;;;;;;;;;
K*Ian & Burt;Goteborg;SE;Local Government;S.1313;;;;;;;;;
K*Lensway BV;Goteborg;SE;Former Public Non-Financial Corporation;S.11001;;;Sold on 1 August 2005 and reclassified to private sector. Subsequently renamed Red Bee media.;;;;;;
K*Matsmart I;Goteborg;SE;Central Government;S.1311;18-Jun-02;Nov-15;BBC Commercial Holdings Limited is the holding company for the British Broadcasting Corporation's (BBC) principal commercial subsidiary undertakings including BBC Worldwide Limited; BBC Global News Limited; and BBC Studios & Post Production Limited. The parent body of BBC Commercial Holdings Ltd is the BBC; which is classified in the Central Government subsector. BBC Commercial Holdings Limited is a public-controlled holding company and therefore; following the European System of Accounts 2010 ( ESA 2010) and accompanying 2014 Manual on Government and Deficit and Debt (MGDD) rules; is classified to the central government subsector; effective 18 June 2002.
K*Smartphoto;Goteborg;SE;Public Non-Financial Corporation;S.11001;;;;;;;;;
KD APOTEK;GOTEBORG;SE;Public Non-Financial Corporation;S.11001;;;;;;;;;
KICKS V FROELUNDA;Goteborg;SE;Public Pension Fund;S.12901;1-Jun-49;Aug-16;The BBC Pension Scheme provides pensions and other benefits to employees of the British Broadcasting Corporation (BBC) and its subsidiaries under a defined benefit scheme.  ONS assessed the BBC Pension Scheme in accordance with internationally agreed rules in the European System of Accounts 2010 (ESA 2010) and accompanying Manual on Government Deficit and Debt 2016 (MGDD 2016). ONS concluded that (i) the BBC Pension Scheme was the pension administrator in the public pension fund subsector (S.12901) and (ii) BBC was the pension manager in the central government subsector (S.1311). This means any difference between the pension entitlements and the assets held by the Scheme will be attributed to the central government subsector as an asset/liability.;;;;;;
KJELL & CO 51;JONKOPING;SE;Public Non-Financial Corporation;S.11001;;;;;;;;;
Klader barnen;BOTTNARYD;SE;Public Non-Financial Corporation;S.11001;;;;;;;;;
KLARNA BANK AB;BORAS;SE;Public Non-Financial Corporation;S.11001;;;;;;;;;
KRY.SE;GOTEBORG;SE;Public Non-Financial Corporation;S.11001;;;;;;;;;
Kylvaska;GOTEBORG;SE;Central Government;S.1311;;;;;;;;;
Lajan;Goteborg;SE;Public Non-Financial Corporation;S.11001;;;;;;;;;
Lakan;NESSJO;SE;Public Non-Financial Corporation;S.11001;;;;;;;;;
LF Goteborg och Bohuslan E-faktura;Public Non-Financial Corporation;S.11001;;;;;;;;;;;
LF LIV;Goteborg;SE;Public Non-Financial Corporation;S.11001;;;;;;;;;
LIDL;Goteborg;SE;Public Non-Financial Corporation;S.11001;;;;;;;;;
LIFE SISJON;Public Non-Financial Corporation;S.11001;;;;;;;;;;;
Lindas Rasta Ibk;Goteborg;SE;Public Non-Financial Corporation;S.11001;;;;;;;;;
LINDEX/39;Askim;SE;Public Non-Financial Corporation;S.11001;;;;;;;;;
Lister;Goteborg;SE;Former Public Corporation;S.11001;;;;;;;;;
Listwr;Goteborg;SE;Local Government;S.1313;;;;;;;;;
Lisyer;Local Government;S.1313;;;;;;;;;;;
LJUNGSTROMS KOK;Local Government;S.1313;;;;;;;;;;;
LLOYDSAPOTEK;Former Central Government;S.1311;1-Feb-15;Mar-15;;;;;;;;;
LLOYDSAPOTEK102;Stockholm;SE;Local Government;S.1313;;;;;;;;;
Lon;Stockholm;SE;Former Central Government;S.1311;1-Dec-05;Jun-14;;;;;;;
Loneinsattning;MOLNDAL;SE;Former Public Corporation;S.11001;;;;;;;;;
Mar Oskarshamn;KALLERED;SE;Local Government;S.1313;;;;;;;;;
MAT;Amsterdam;NL;Central Government;S.1311;;;;;;;;;
Mat Virserum;GOTEBORG;SE;Local Government;S.1313;;;;;;;;;
MAXI;GOTEBORG;SE;Former Central Government;S.1311;1-Apr-02;Nov-11;;;;;;;
MAXI ICA STORMARKNAD O;GOTEBORG;SE;Local Government;S.1313;;;;;;;;;
MCD;ASKIM;SE;Public Non-Financial Corporation;S.11001;;;;;;;;;
MCD 97 - BORAS;ASKIM;SE;Central Government;S.1311;1-Jun-09;Mar-11;;;;;;;
MCD ULRICEHAMN;Former Central Government;S.1311;;;;;;;;;;;
MCDONALD´S;Goteborg;SE;Local Government;S.1313;;;;;;;;;
MCDONALD´S LAND;Goteborg;SE;Central Government;S.1311;;;;;;;;;
MCDONALDS;Goteborg;SE;Former Central Government;S.1311;1-Jan-16;Feb-16;ONS has reviewed the classification of Big Society Trust following the revision of the company’s Articles of Association. ONS has considered the changes made in the Articles of Association and concluded that the residual controls that government had on BST have been removed. Big Society Trust is now classified as a private non-profit institution; as is the Big Society Foundation. Big Society Capital is now classified in the captive financial institutions and money lenders subsector (S.127). This decision is effective from January 2016.;;;;;
MEDIA MARKT;Goteborg;SE;Former Central Government;S.1311;1-Jan-16;Feb-16;ONS has reviewed the classification of Big Society Trust following the revision of the company’s Articles of Association. ONS has considered the changes made in the Articles of Association and concluded that the residual controls that government had on BST have been removed. Big Society Trust is now classified as a private non-profit institution; as is the Big Society Foundation. Big Society Capital is now classified in the captive financial institutions and money lenders subsector (S.127). This decision is effective from January 2016.;;;;;
MEKONOMENTORPAV;Former Central Government;S.1311;1-Jan-16;Feb-16;ONS has reviewed the classification of Big Society Trust following the revision of the company’s Articles of Association. ONS has considered the changes made in the Articles of Association and concluded that the residual controls that government had on BST have been removed. Big Society Trust is now classified as a private non-profit institution; as is the Big Society Foundation. Big Society Capital is now classified in the captive financial institutions and money lenders subsector (S.127). This decision is effective from January 2016.;;;;;;;
MICROSOFT*MICROSOFT 36;Local Government;S.1313;;;;;;;;;;;
Microsoft*Office 365 Pers;Public Non-Financial Corporation;S.11001;;;;;;;;;;;
Microsoft*Store;Goteborg;SE;Former Public Corporation;S.11001;1-Jul-13;May-14;;;;;;;
Mobik;ASKIM;SE;Central Government;S.1311;;;;;;;;;
Mobil barnen;ASKIM;SE;Former Public Corporation;S.11001;;;;;;;;;
Mobil gustaf;Former Public Corporation;S.11001;;;;;;;;;;;
Mobilskal Gustaf;ASKIM;SE;Local Government;S.1313;;;;;;;;;
MOBL BARNEN;GRENNA;SE;Former Public Corporation;S.11001;;;;;;;;;
MR GATSBY PIZZERIA;GRANNA;SE;Central Government;S.1311;1-Feb-12;Sep-12;;;;;;;
MYCASE-PODRUZNICA ZAGR;VIRSERUM;SE;Central Government;S.1311;1-Feb-12;Sep-12;;;;;;;
MYSKJE MACKEN;BOLLEBYGD;SE;Local Government;S.1313;;;;;;;;;
NARA DEJ VETLANDA;BOLLEBYGD;SE;Former Public Corporation;S.11001;;;;;;;;;
Nat;Former Public Financial Corporation;S.12201;1-Mar-14;Apr-14;;;;;;;;;
NETFLIX;BORAS;SE;Former Public Corporation;S.11001;;;;;;;;;
NETFLIX.COM;ASKIM;SE;Local Government;S.1313;;;;;;;;;
NETFLIX.COM;VIRSERUM;SE;Public Non-Financial Corporation;S.11001;;;;;;;;;
NETS*collagefoto.se;VIRSERUM;SE;Local Government;S.1313;;;;;;;;;
Nota Harvest by Mannerstrom;VIRSERUM;SE;Public Non-Financial Corporation;S.11001;;;;;;;;;
NRG PIZZA 225;Local Government;S.1313;;;;;;;;;;;
NYA*Toalett;Local Government;S.1313;;;;;;;;;;;
OKQ8;Local Government;S.1313;;;;;;;;;;;
OKQ8;ASKIM;SE;Local Government;S.1313;;;;;;;;;
OKQ8;NESSJO;SE;Local Government;S.1313;;;;;;;;;
ONGO;Local Government;S.1313;;;;;;;;;;;
overf ISK;Local Government;S.1313;;;;;;;;;;;
overf ISK;Public Non-Financial Corporation;S.11001;;;;;;;;;;;
Pandaforsaljningen;Local Government;S.1313;;;;;;;;;;;
PARKERINGSBOLAGET;Public Non-Financial Corporation;S.11001;;;;;;;;;;;
Parkeringstjanst Vast AB;Askim;SE;Former Public Corporation;S.11001;;;;;;;;;
Parkster / Billogram;Styrso;SE;Public Non-Financial Corporation;S.11001;;;;;;;;;
PayEx Sverige AB/Hemfrid i Sverige;Styrso;SE;Former Public Corporation;S.11001;;;;;;;;;
Paynova AB (publ);Stockholm;SE;Former Public Corporation;S.11001;1-Dec-09;Jan-13;;;;;;;
Paynova AB (publ);GOTEBORG;SE;Public Non-Financial Corporation;S.11001;;;;;;;;;
pjaxor;Former Public Corporation;S.11001;;;;;;;;;;;
PLANTAGEN ASKIM;g.co/HelpPay#;IE;Public Non-Financial Corporation;S.11001;;;;;;;;;
PodMe;VESTRA FROLUN;SE;Central Government;S.1311;;;;;;;;;
Polismyndigheten;ASKIM;SE;Central Government;S.1311;;;;;;;;;
PRALINEHUSET H.R AB;ASKIM;SE;Local Government;S.1313;;;;;;;;;
PREEM;VESTRA FROLUN;SE;Local Government;S.1313;;;;;;;;;
PREEM;Former Public Corporation;S.11001;1-Mar-11;Jul-13;;;;;;;;;
Present Gunvor;DUBLIN;IE;Local Government;S.1313;;;;;;;;;
Present Gustaf;NESSJO;SE;Former Public Corporation;S.11001;17-Jun-05;Sep-13;;;;;;;
PRESENT GUSTAF;JoNKoPING;SE;Central Government;S.1311;;;;;;;;;
Presenter;VIRSERUM;SE;Local Government;S.1313;;;;;;;;;
PRESSBYRaN;VIRSERUM;SE;Local Government;S.1313;;;;;;;;;
PRESSBYRAN 4128810;JONKOPING;SE;Local Government;S.1313;;;;;;;;;
PRESSBYRaN 4150145;OSKARSHAMN;SE;Local Government;S.1313;;;;;;;;;
Qliro;Public Non-Financial Corporation;S.11001;;;;;;;;;;;
QSTAR;Central Government;S.1311;;;;;;;;;;;
QSTAR VETLANDA;MSBILL.INFO;IE;Central Government;S.1311;;;;;;;;;
RASTPUNKT LAXA;VESTRA FROLUN;SE;Former Central Government;S.1311;;;;;;;;;
Regionservice Patientfakturor;ASKIM;SE;Public Non-Financial Corporation/Public Non-Financial Corporation (see notes in tab);S.11001/3;1-Feb-13;Jun-15;;;;;;;
Regnklader;Public Non-Financial Corporation/Public Non-Financial Corporation (see notes in tab);S.11001/3;1-Feb-13;Jun-15;;;;;;;;;
Regnklader;ASKIM;SE;Local Government;S.1313;;;;;;;;;
REPAIRHOUSE AB;ASKIM;SE;Public Non-Financial Corporation/Public Non-Financial Corporation (see notes in tab);S.11001/3;1-Feb-13;Jun-15;;;;;;;
RESTAURANG GREENS;VASTRA FROLUN;SE;Former Public Corporation;S.11001;;;;;;;;;
Ridklubb;ASKIM;SE;Former Public Corporation;S.11001;;;;;;;;;
Rivjarn;GOTEBORG;SE;Central Government;S.1311;;;;;;;;;
RUDDALENS GYM;ASKIM;SE;Former Public Corporation;S.11001;1-Jul-13;May-14;;;;;;;
RUSTA SISJON 46;ASKIM;SE;Former Public Corporation;S.11001;;;;;;;;;
Saco Folksam Forsakring AB;VESTRA FROLUN;SE;Former Central Government;S.1311;;;;;;;;;
SANGUINE;ASKIM;SE;Local Government;S.1313;;;;;;;;;
SEGA GUBBEN;Public Pension Fund;S.12901;29-Sep-08;Feb-16;Bradford & Bingley plc is a public limited company and primarily operates as a servicer of mortgage loans secured on residential properties and of associated services. Following the financial crisis it transferred into public ownership and is currently classified in Central Government. Bradford & Bingley and its subsidiaries operated a defined benefit pension scheme; which entered into a Crown Guarantee on 29 September 2008. ONS assessed the Bradford & Bingley crown guarantee arrangement in accordance with internationally agreed rules in the European System of Accounts 2010 (ESA 2010) and accompanying Manual on Government Deficit and Debt 2014 (MGDD 2014). ONS concluded that (i) the Bradford & Bingley Pension Scheme was the pension administrator in the public pension fund (S.12901) and (ii) HM Treasury was the scheme’s pensioner manager in the central government subsector (S.1311). This means any difference between the pension entitlements and the assets held by the Scheme will be attributed to the central government subsector as an asset/liability.;;;;;;;
Sf anytime;Central Government;S.1311;1-Jul-10;Sep-12;;;;;;;;;
shell;ASKIM;SE;Central Government;S.1311;1-Apr-10;May-12;;;;;;;
SK7512235974;ASKIM;SE;Local Government;S.1313;;;;;;;;;
SKATTEVERKET;ASKIM;SE;Local Government;S.1313;;;;;;;;;
Skolkatalog;Stockholm;SE;Former Public Corporation;S.11001;;;Created in 2001 as a limited company wholly owned by DfT to manage the majority of the remaining property; rights and liabilities of the British Railways Board. The body was abolished in September 2013 using powers from the Public Bodies Act 2011.;;;;;
Skolkatalog;20790637;NL;Local Government;S.1313;;;;;;;;;
Skolklader och skolsaker;Stockholm;SE;Local Government;S.1313;1-Nov-95;Sep-12;;;;;;;
skridskor;London;GB;Local Government;S.1313;;;;;;;;;
SMARTREFILL;MOLNDAL;SE;Local Government;S.1313;;;;;;;;;
SMSPARK.SE;Public Non-Financial Corporation;S.11001;;;;;;;;;;;
Snabboverforing;Vastra Frolun;SE;Local Government;S.1313;;;;;;;;;
Solid Forsakrings AB;VASTRA FROLUN;SE;Local Government;S.1313;;;;;;;;;
SOTA BAR SWEDEN AB;ASKIM;SE;Former Public Corporation;S.11001;;;;;;;;;
Sovsack;Vastra Frolun;SE;Former Public Corporation;S.11001;;;;;;;;;
Spade;ASKIM;SE;Local Government;S.1313;;;;;;;;;
Spade;ASKIM;SE;Former Public Corporation;S.11001;;;;;;;;;
SPORTSHOPEN SIS;VESTRA FROLUN;SE;Local Government;S.1313;;;;;;;;;
Spotify P123B44EC3;Former Central Government;S.1311;1-Feb-15;Mar-15;;;;;;;;;
ST1 VETLANDA;Former Public Corporation;S.11001;;;;;;;;;;;
STADIUM SISJON;Former Public Corporation;S.11001;;;;;;;;;;;
Star Stable NS9MQID1;ASKIM;SE;Central Government;S.1311;;;;;;;;;
STORA COOP;Askim;SE;Former Central Government;S.1311;;;;;;;;;
STORA COOP SISJoN;Former Central Government;S.1311;;;;;;;;;;;
Storytel;Central Government;S.1311;;;;;;;;;;;
Storytel Sweden AB;ASKIM;SE;Central Government;S.1311;1-Jul-13;May-15;;;;;;;
SULF Sveriges Univ.larare och forsk;ASKIM;SE;Former Public Corporation;S.11001;;;;;;;;;
SVERIGES INGENJoRER;London;GB;Former Public Corporation;S.11001;;;;;;;;;
Swish;Public Pension Fund;S.12901;31-Oct-94;Apr-16;The British Coal Staff Superannuation Scheme provides pensions and other benefits to former employees of the British Coal Corporation under a defined benefit scheme. The Scheme entered into a Crown Guarantee on 31 October 1994.  It was closed to new members at the end of October 1994 following the privatisation of the British Coal Corporation.  ONS assessed the  British Coal Corporation crown guarantee arrangement in accordance with internationally agreed rules in the European System of Accounts 2010 (ESA 2010) and accompanying Manual on Government Deficit and Debt 2014 (MGDD 2014). ONS concluded that (i) the British Coal Staff Superannuation Scheme was the pension administrator in the public pension fund subsector (S.12901) and (ii) the Secretary of State for the Department for Energy and Climate Change was the pension manager in the central government subsector (S.1311). This means any difference between the pension entitlements and the assets held by the Scheme will be attributed to the central government subsector as an asset/liability.;;;;;;;;
Swish aterbet fran SF Anytime AB;ASKIM;SE;Public Non-Financial Corporation;S.11001;;;;;;;;;
Swish fran AXEL BJoRKLUND;Former Central Government;S.1311;1-Mar-11;Sep-11;;;;;;;;;
Swish fran Bodil Karlsson;Former Public Corporation;S.11001;;;;;;;;;;;
Swish fran Karlsson;VESTRA FROLUN;SE;Former Public Corporation;S.11001;;;;;;;;;
Swish till BILLDALS RIDKLUBB;Former Public Corporation;S.11001;;;;;;;;;;;
Swish till BSGA GoTEBORG AB;Central Government;S.1311;;;;;;;;;;;
Swish till NYA JaRNBODEN I VIRSERU;Central Government;S.1311;;;;;;;;;;;
Swish till SF Anytime AB;Stockholm;SE;Former Central Government;S.1311;1-Apr-07;Mar-11;;;;;;;
Swish till SF Anytime AB;VASTRA FROLUN;SE;Former Public Corporation;S.11001;;;;;;;;;
Swish till SOKOLOVA CONSULT AB;Former Public Corporation;S.11001;1-Dec-07;Aug-11;;;;;;;;;
Swish till VaSTTRAFIK AB;Former Public Corporation;S.11001;1-Jan-02;Aug-11;;;;;;;;;
SYSTEMBOLAGET ASKIM;Former Public Corporation;S.11001;;;;;;;;;;;
TANKA;Central Government;S.1311;;;;;;;;;;;
TANKA SISJON;Former Central Government;S.1311;;;;;;;;;;;
tapetklister;ASKIM;SE;Central Government;S.1311;27-May-05;Feb-12;;;;;;;
TAPETKLISTTER;ASKIM;SE;Central Government;S.1311;;;;;;;;;
Taxi;VESTRA FROLUN;SE;Central Government;S.1311;;;;;;;;;
Taxi;Public Non-Financial Corporation;S.11001;;;;;;;;;;;
TAXI GOTEBORG;Former Public Corporation;S.11001;;;;;;;;;;;
TEAM SPORTIA SODERHAMN;ASKIM;SE;Public Non-Financial Corporation;S.11001;;;;;;;;;
TILL G & F;msbill.info;IE;Public Non-Financial Corporation;S.11001;;;;;;;;;
Tillf mobil freja;VESTRA FROLUN;SE;Former Public Corporation;S.11001;;;;;;;;;
Tillf mobil frha;VASTRA FROLUN;SE;Public Non-Financial Corporation;S.11001;;;;;;;;;
Toalett;ASKIM;SE;Public Non-Financial Corporation;S.11001;;;;;;;;;
TRADERA SWEDEN AB;ASKIM;SE;Former Central Government;S.1311;;;;;;;;;
TRaNGSELSKATT TRANSPORTSTYRELSEN;VESTRA FROLUN;SE;Central Government;S.1311;;;;;;;;;
TRIUMF GLASS OCH GODIS;VESTRA FROLUN;SE;Former Central Government;S.1311;;;;;;;;;
Trygg-Hansa Forsakring filial;ASKIM;SE;Former Public Corporation;S.11001;;;;;;;;;
UDEMY: ONLINE COURSES;ASKIM;SE;Public Non-MMF Investment Funds;S.12401;2-May-85;Feb-16;British Screen Finance Limited (BSFL) is an institutional unit engaged in financial activity. It was classified by the ONS in 2005 as a public corporation. At the time ONS did not distinguish between public financial corporations and public non-financial corporations.  Its parent is the British Film Institute which is classified as a central government unit. ONS formally reviewed the classification of the body; to see whether under European System of Accounts 2010 (ESA 2010) and accompanying Manual on Government Deficit and Debt 2014 (MGDD 2014) it should be classified as a public financial corporation or a central government body. It was concluded that it was a public financial corporation with effect from 1985.;;;;;
VaSTTRAFIK;Former Central Government;S.1311;1-Mar-12;Apr-13;;;;;;;;;
Vasttrafik AB;Former Central Government;S.1311;;;;;;;;;;;
VaSTTRAFIK AB;ASKIM;SE;Former Central Government;S.1311;;;;;;;;;
VEDBRaNDE RIDLaGER;Central Government;S.1311;;;;;;;;;;;
Ventil;VASTRA FROLUN;SE;Former Public Corporation;S.11001;;;;;;;;;
VENTIL;ASKIM;SE;Public Non-Financial Corporation;S.11001;;;;;;;;;
VOLVOFINANS BANK AB;ASKIM;SE;Public Non-Financial Corporation;S.11001;11-May-05;Sep-10;;;;;;;
Wasterlakarna AB;VESTRA FROLUN;SE;Local Government;S.1313;;;;;;;;;
WILLYS;VaSTRA FRoLUN;SE;Public Non-Financial Corporation;S.11001;;;;;;;;;
WILLYS SISJoN;VASTRA FROLUN;SE;Former Central Government;S.1311;;;;;;;;;
WWW.BILTEMA.COM;Former Public Corporation;S.11001;;;;;;;;;;;
WWW.TELENOR.SE;Former Central Government;S.1311;;;;;;;;;;;
XXL SPORT &VILD;GoTEBORG;SE;Local Government;S.1313;;;;;;;;;
Zooplus AG;GOTEBORG;SE;Former Central Government;S.1311;;;;;;;;;
