In/ut;Betalsätt;Konto;Typ;Huvudkategori;Kategori 2;Kategori 3;Kategori 4;Vad;Januari;Februari;Mars;April;Maj;Juni;Juli;Augusti;September;Oktober;November;December
Utgifter;empty;Lönekonto;Rörligt;Transport;empty;empty;empty;HERTZ 00113 GOTEBORG,GOTEBORG,SE;;;;;;;;;;;;-420.0
Utgifter;empty;Lönekonto;Rörligt;Övrigt;empty;empty;empty;BOKUS,STOCKHOLM,SE;;;;;;;;;;;;-39.0
Utgifter;empty;Lönekonto;Fasta;Spara;empty;empty;empty;Överf ISK;;;;;;;;;;;;-500.0
Utgifter;empty;Lönekonto;Fasta;Spara;empty;empty;empty;Överf ISK;;;;;;;;;;;;-500.0
Inkomster;empty;Lönekonto;Fasta;Mobil;empty;empty;empty;Panda -Gustav /Bengt;;;;;;;;;;;;260.0
Inkomster;empty;Lönekonto;Rörligt;Presenter;empty;empty;empty;JULKLAPP ROLF;;;;;;;;;;;;189.0
Inkomster;empty;Lönekonto;Rörligt;Presenter;empty;empty;empty;PRESENT GUNVOR;;;;;;;;;;;;350.0
Inkomster;empty;Lönekonto;Rörligt;Transport;empty;empty;empty;BILHYRA;;;;;;;;;;;;2669.0
Inkomster;empty;Lönekonto;Rörligt;Övrigt;empty;empty;empty;BODA HUS;;;;;;;;;;;;1000.0
Inkomster;empty;Lönekonto;Rörligt;Mat;empty;empty;empty;MAT;;;;;;;;;;;;900.0
Inkomster;empty;Lönekonto;Rörligt;Övrigt;empty;empty;empty;Rivjärn;;;;;;;;;;;;119.0
Utgifter;empty;Lönekonto;Rörligt;Transport;empty;empty;empty;VÄSTTRAFIK AB,GOTEBORG,SE;;;;;;;;;;;;-34.0
Utgifter;empty;Lönekonto;Rörligt;Mat;empty;empty;empty;MCD ULRICEHAMN,ULRICEHAMN,SE;;;;;;;;;;;;-80.0
Utgifter;empty;Lönekonto;Rörligt;Mat;empty;empty;empty;CIRCLE K ULRICEHAMN,ULRICEHAMN,SE;;;;;;;;;;;;-334.96
Utgifter;empty;Lönekonto;Rörligt;Transport;empty;empty;empty;SHELL GÖTEBORG,,GÖTEBORG,SE;;;;;;;;;;;;-117.81
Utgifter;empty;Lönekonto;Rörligt;Transport;empty;empty;empty;MCDONALDS FROLU,VASTRA FROLUN,SE;;;;;;;;;;;;-84.0
Utgifter;empty;Lönekonto;Rörligt;Mat;empty;empty;empty;NARA DEJ VETLANDA,VETLANDA,SE;;;;;;;;;;;;-350.0
Utgifter;empty;Lönekonto;Rörligt;Transport;empty;empty;empty;PREEM,MÅLILLA,SE;;;;;;;;;;;;-351.28
Utgifter;empty;Lönekonto;Rörligt;Transport;empty;empty;empty;Bodil;;;;;;;;;;;;-1300.0
Utgifter;empty;Lönekonto;Rörligt;Mat;empty;empty;empty;9025.19.457.76;;;;;;;;;;;;-9000.0
Utgifter;empty;Lönekonto;Rörligt;Spara;empty;empty;empty;Avbetalning bil Fredrik;;;;;;;;;;;;-1000.0
Utgifter;empty;Lönekonto;Rörligt;Räkningar;empty;empty;empty;9023.78.887.28;;;;;;;;;;;;-15000.0
Inkomster;empty;Lönekonto;Rörligt;Presenter;empty;empty;empty;Försenat Grattis och God Jul;;;;;;;;;;;;500.0
Utgifter;empty;Lönekonto;Rörligt;Transport;empty;empty;empty;HERTZ SWEDEN FRANCHISE,DUBLIN,IE;;;;;;;;;;;;-2668.99
Utgifter;empty;Lönekonto;Rörligt;Mat;empty;empty;empty;MAXI ICA STORMARKNAD V,VETLANDA,SE;;;;;;;;;;;;-299.0
Utgifter;empty;Lönekonto;Rörligt;Mat;empty;empty;empty;MAXI ICA STORMARKNAD U,ULRICEHAMN,SE;;;;;;;;;;;;-296.24
Utgifter;empty;Lönekonto;Rörligt;Transport;empty;empty;empty;VÄSTTRAFIK AB,GOTEBORG,SE;;;;;;;;;;;;-34.0
Utgifter;empty;Lönekonto;Rörligt;Mat;empty;empty;empty;STORA COOP SISJÖN,ASKIM,SE;;;;;;;;;;;;-194.3
Inkomster;empty;Lönekonto;Fasta;Lön;empty;empty;empty;Löneinsättning;;;;;;;;;;;;35721.0
Utgifter;empty;Lönekonto;Rörligt;Boende;empty;empty;empty;BAUHAUS SISJON,VESTRA FROLUN,SE;;;;;;;;;;;;-129.0
Utgifter;empty;Lönekonto;Rörligt;Mat;empty;empty;empty;ICA KVANTUM FROLUNDA,VASTRA FROLUN,SE;;;;;;;;;;;;-195.7
Utgifter;empty;Lönekonto;Rörligt;Övrigt;empty;empty;empty;Spotify P12ABBAE9D,Stockholm,SE;;;;;;;;;;;;-99.0
Inkomster;empty;Lönekonto;Rörligt;Mat;empty;empty;empty;Mat;;;;;;;;;;;;195.0
Utgifter;empty;Lönekonto;Rörligt;Övrigt;empty;empty;empty;K*Bokus AB;;;;;;;;;;;;-779.0
Utgifter;empty;Lönekonto;Rörligt;Övrigt;empty;empty;empty;IKANO BANK AB - PREEM;;;;;;;;;;;;-11855.99
Inkomster;empty;Lönekonto;Rörligt;Mat;empty;empty;empty;FREDRIK MOBERG;;;;;;;;;;;;11856.0
Inkomster;empty;Lönekonto;Rörligt;Presenter;empty;empty;empty;JULKLAPPAR BOKUS;;;;;;;;;;;;779.0
Inkomster;empty;Lönekonto;Rörligt;Mat;empty;empty;empty;MAT, APOTEK, KLÄDER;;;;;;;;;;;;1200.0
Inkomster;empty;Lönekonto;Rörligt;Övrigt;empty;empty;empty;Pandaförsäljningen;;;;;;;;;;;;119.0
Utgifter;empty;Lönekonto;Rörligt;Transport;empty;empty;empty;TANKA SISJON,GOTEBORG,SE;;;;;;;;;;;;-105.0
Utgifter;empty;Lönekonto;Rörligt;Transport;empty;empty;empty;QSTAR VETLANDA,VETLANDA,SE;;;;;;;;;;;;-385.96
Utgifter;empty;Lönekonto;Rörligt;Transport;empty;empty;empty;HERTZ SWEDEN FRANCHISE,DUBLIN,IE;;;;;;;;;;;;-1263.86
Utgifter;empty;Lönekonto;Rörligt;Mat;empty;empty;empty;BILTEMA SWEDEN VETLAND,VETLANDA,SE;;;;;;;;;;;;-99.7
Utgifter;empty;Lönekonto;Rörligt;Mat;empty;empty;empty;MAXI ICA STORMARKNAD V,VETLANDA,SE;;;;;;;;;;;;-508.5
Utgifter;empty;Lönekonto;Rörligt;Mat;empty;empty;empty;GULF VIRSERUM,VIRSERUM,SE;;;;;;;;;;;;-15.0
Utgifter;empty;Lönekonto;Rörligt;Mat;empty;empty;empty;MCDONALD´S LAND,LANDVETTER,SE;;;;;;;;;;;;-86.0
Utgifter;empty;Lönekonto;Rörligt;Mat;empty;empty;empty;MAXI ICA STORMARKNAD O,OSKARSHAMN,SE;;;;;;;;;;;;-2638.97
Utgifter;empty;Lönekonto;Rörligt;Sjukvård;empty;empty;empty;APOTEK HJARTAT ICA MAX,OSKARSHAMN,SE;;;;;;;;;;;;-143.0
Utgifter;empty;Lönekonto;Rörligt;Sjukvård;empty;empty;empty;APOTEK HJARTAT ICA MAX,OSKARSHAMN,SE;;;;;;;;;;;;-449.8
Utgifter;empty;Lönekonto;Rörligt;Mat;empty;empty;empty;ICA NARA KRYSSET  VIRS,VIRSERUM,SE;;;;;;;;;;;;-200.3
Inkomster;empty;Lönekonto;Rörligt;Mat;empty;empty;empty;Mar Oskarshamn;;;;;;;;;;;;2700.0
Utgifter;empty;Lönekonto;Rörligt;Mat;empty;empty;empty;MCD ULRICEHAMN,ULRICEHAMN,SE;;;;;;;;;;;;-15.0
Utgifter;empty;Lönekonto;Rörligt;Mat;empty;empty;empty;MCD ULRICEHAMN,ULRICEHAMN,SE;;;;;;;;;;;;-80.0
Utgifter;empty;Lönekonto;Rörligt;Övrigt;empty;empty;empty;Microsoft*Microsoft 36,msbill.info,IE;;;;;;;;;;;;-64.99
Utgifter;empty;Lönekonto;Rörligt;Presenter;empty;empty;empty;K*Elgiganten;;;;;;;;;;;;-1569.0
Utgifter;empty;Lönekonto;Rörligt;Mat;empty;empty;empty;K*Coop.se;;;;;;;;;;;;-764.72
Utgifter;empty;Lönekonto;Rörligt;Övrigt;empty;empty;empty;KJELL & CO 51,VASTRA FROLUN,SE;;;;;;;;;;;;-599.0
Utgifter;empty;Lönekonto;Rörligt;Bidrag;empty;empty;empty;Julklappar Rolf;;;;;;;;;;;;-2000.0
Utgifter;empty;Lönekonto;Rörligt;Spara;empty;empty;empty;9023.78.898.13;;;;;;;;;;;;-16000.0
Utgifter;empty;Lönekonto;Rörligt;Presenter;empty;empty;empty;AmazonMktplc*MS9LG7FO4,www.amazon.se,LU;;;;;;;;;;;;-1455.67
Inkomster;empty;Lönekonto;Rörligt;Presenter;empty;empty;empty;GOD JUL;;;;;;;;;;;;20000.0
Inkomster;empty;Lönekonto;Rörligt;Presenter;empty;empty;empty;JULKLAPPAR AMAZON;;;;;;;;;;;;655.0
Inkomster;empty;Lönekonto;Rörligt;Mobil;empty;empty;empty;MOBL BARNEN;;;;;;;;;;;;189.0
Inkomster;empty;Lönekonto;Rörligt;Mat;empty;empty;empty;MAT;;;;;;;;;;;;150.0
Utgifter;empty;Lönekonto;Rörligt;Mat;empty;empty;empty;WILLYS SISJÖN,ASKIM,SE;;;;;;;;;;;;-114.14
Utgifter;empty;Lönekonto;Rörligt;Övrigt;empty;empty;empty;NETFLIX.COM,020790637,NL;;;;;;;;;;;;-89.0
Utgifter;empty;Lönekonto;Rörligt;Mobil;empty;empty;empty;HALLON.SE,Stockholm,SE;;;;;;;;;;;;-99.0
Utgifter;empty;Lönekonto;Rörligt;Mobil;empty;empty;empty;HALLON.SE,Stockholm,SE;;;;;;;;;;;;-99.0
Inkomster;empty;Lönekonto;Fasta;Skatt;empty;empty;empty;ÅterbäringLF;;;;;;;;;;;;524.0
Utgifter;empty;Lönekonto;Rörligt;Övrigt;empty;empty;empty;Storytel Sweden AB,Stockholm,SE;;;;;;;;;;;;-9.0
Utgifter;empty;Lönekonto;Rörligt;Övrigt;empty;empty;empty;PRESSBYRÅN 4150145,GÖTEBORG,SE;;;;;;;;;;;;-26.0
Utgifter;empty;Lönekonto;Rörligt;Presenter;empty;empty;empty;ELGIGANTEN AB,GÖTEBORG,SE;;;;;;;;;;;;-1989.0
Utgifter;empty;Lönekonto;Rörligt;Mat;empty;empty;empty;STORA COOP SISJÖN,ASKIM,SE;;;;;;;;;;;;-112.85
Utgifter;empty;Lönekonto;Rörligt;Mat;empty;empty;empty;STORA COOP SISJÖN,ASKIM,SE;;;;;;;;;;;;-79.0
Utgifter;empty;Lönekonto;Rörligt;Boende;empty;empty;empty;BAUHAUS SISJON,VESTRA FROLUN,SE;;;;;;;;;;;-324.3
Utgifter;empty;Lönekonto;Fasta;Spara;empty;empty;empty;Överf ISK;;;;;;;;;;;-500.0
Utgifter;empty;Lönekonto;Fasta;Spara;empty;empty;empty;Överf ISK;;;;;;;;;;;-500.0
Utgifter;empty;Lönekonto;Rörligt;Mat;empty;empty;empty;K*Coop.se;;;;;;;;;;;-926.74
Utgifter;empty;Lönekonto;Rörligt;Mat;empty;empty;empty;K*Coop.se;;;;;;;;;;;-674.27
Utgifter;empty;Lönekonto;Rörligt;Presenter;empty;empty;empty;K*Tidningsku;;;;;;;;;;;-199.0
Utgifter;empty;Lönekonto;Rörligt;Mat;empty;empty;empty;MAXI ICA STORMARKNAD U,ULRICEHAMN,SE;;;;;;;;;;;-167.0
Inkomster;empty;Lönekonto;Rörligt;Mat;empty;empty;empty;MAT;;;;;;;;;;;1600.0
Utgifter;empty;Lönekonto;Rörligt;Mat;empty;empty;empty;9025.19.457.76;;;;;;;;;;;-9000.0
Utgifter;empty;Lönekonto;Rörligt;Spara;empty;empty;empty;Avbetalning bil Fredrik;;;;;;;;;;;-1000.0
Utgifter;empty;Lönekonto;Rörligt;Räkningar;empty;empty;empty;9023.78.887.28;;;;;;;;;;;-15000.0
Utgifter;empty;Lönekonto;Rörligt;Mat;empty;empty;empty;MCDONALD´S LAND,LANDVETTER,SE;;;;;;;;;;;-86.0
Inkomster;empty;Lönekonto;Fasta;Lön;empty;empty;empty;Löneinsättning;;;;;;;;;;;35721.0
Utgifter;empty;Lönekonto;Rörligt;Mat;empty;empty;empty;ICA NARA KRYSSET  VIRS,VIRSERUM,SE;;;;;;;;;;;-877.44
Utgifter;empty;Lönekonto;Rörligt;Sjukvård;empty;empty;empty;CIRCLE K NESSJO,NESSJO,SE;;;;;;;;;;;-23.0
Utgifter;empty;Lönekonto;Rörligt;Mat;empty;empty;empty;ICA NARA KRYSSET  VIRS,VIRSERUM,SE;;;;;;;;;;;-152.8
Utgifter;empty;Lönekonto;Rörligt;Övrigt;empty;empty;empty;Storytel Sweden AB,Stockholm,SE;;;;;;;;;;;-1.0
Utgifter;empty;Lönekonto;Rörligt;Mat;empty;empty;empty;COOP KONSUM VIRSERUM,VIRSERUM,SE;;;;;;;;;;;-129.95
Utgifter;empty;Lönekonto;Rörligt;Mat;empty;empty;empty;MCD 97 - BORAS,BORAS,SE;;;;;;;;;;;-17.0
Utgifter;empty;Lönekonto;Rörligt;Mat;empty;empty;empty;MCD 97 - BORAS,BORAS,SE;;;;;;;;;;;-161.0
Inkomster;empty;Lönekonto;Rörligt;Mat;empty;empty;empty;Mat;;;;;;;;;;;250.0
Utgifter;empty;Lönekonto;Rörligt;Mat;empty;empty;empty;DAHLS BAGERI,GOTEBORG,SE;;;;;;;;;;;-38.0
Utgifter;empty;Lönekonto;Rörligt;Boende;empty;empty;empty;BILTEMA SWEDEN SISJON,VESTRA FROLUN,SE;;;;;;;;;;;-714.6
Utgifter;empty;Lönekonto;Rörligt;Sjukvård;empty;empty;empty;CIRCLE K NESSJO,NESSJO,SE;;;;;;;;;;;-38.0
Utgifter;empty;Lönekonto;Rörligt;Fritid;empty;empty;empty;HÖÖKS HÄSTSPORT,BORÅS,SE;;;;;;;;;;;-407.0
Utgifter;empty;Lönekonto;Rörligt;Boende;empty;empty;empty;Swish till NYA JÄRNBODEN I VIRSERU;;;;;;;;;;;-119.0
Inkomster;empty;Lönekonto;Rörligt;Mat;empty;empty;empty;Mat Virserum;;;;;;;;;;;1000.0
Utgifter;empty;Lönekonto;Rörligt;Övrigt;empty;empty;empty;Spotify P123B44EC3,Stockholm,SE;;;;;;;;;;;-99.0
Inkomster;empty;Lönekonto;Rörligt;Boende;empty;empty;empty;Biltema;;;;;;;;;;;1000.0
Utgifter;empty;Lönekonto;Rörligt;Transport;empty;empty;empty;HERTZ SWEDEN FRANCHISE,DUBLIN,IE;;;;;;;;;;;-1015.39
Inkomster;empty;Lönekonto;Rörligt;Transport;empty;empty;empty;Bil;;;;;;;;;;;1100.0
Utgifter;empty;Lönekonto;Rörligt;Övrigt;empty;empty;empty;PodMe,Stockholm,SE;;;;;;;;;;;-69.0
Utgifter;empty;Lönekonto;Rörligt;Övrigt;empty;empty;empty;HBO Nordic AB,Stockholm,SE;;;;;;;;;;;-109.0
Utgifter;empty;Lönekonto;Rörligt;Övrigt;empty;empty;empty;Swish till SF Anytime AB;;;;;;;;;;;-79.0
Utgifter;empty;Lönekonto;Rörligt;Mat;empty;empty;empty;K*Coop.se;;;;;;;;;;;-1038.55
Utgifter;empty;Lönekonto;Rörligt;Presenter;empty;empty;empty;K*Tidningsku;;;;;;;;;;;-199.0
Inkomster;empty;Lönekonto;Rörligt;Presenter;empty;empty;empty;PRESENT GUSTAF;;;;;;;;;;;199.0
Utgifter;empty;Lönekonto;Rörligt;Transport;empty;empty;empty;HERTZ 00409 GOTEBORG,GOTEBORG,SE;;;;;;;;;;;-1060.0
Utgifter;empty;Lönekonto;Rörligt;Övrigt;empty;empty;empty;MICROSOFT*MICROSOFT 36,MSBILL.INFO,IE;;;;;;;;;;;-64.99
Utgifter;empty;Lönekonto;Rörligt;Mat;empty;empty;empty;MCD ULRICEHAMN,ULRICEHAMN,SE;;;;;;;;;;;-19.0
Utgifter;empty;Lönekonto;Rörligt;Transport;empty;empty;empty;PREEM,ASKIM,SE;;;;;;;;;;;-430.65
Utgifter;empty;Lönekonto;Rörligt;Mat;empty;empty;empty;MAXI ICA STORMARKNAD U,ULRICEHAMN,SE;;;;;;;;;;;-733.33
Utgifter;empty;Lönekonto;Rörligt;Sjukvård;empty;empty;empty;CIRCLE K NESSJO,NESSJO,SE;;;;;;;;;;;-65.0
Utgifter;empty;Lönekonto;Rörligt;Mat;empty;empty;empty;STORA COOP SISJÖN,ASKIM,SE;;;;;;;;;;;-329.65
Inkomster;empty;Lönekonto;Rörligt;Övrigt;empty;empty;empty;Fredrik Moberg;;;;;;;;;;;1200.0
Utgifter;empty;Lönekonto;Rörligt;Mat;empty;empty;empty;MCD ULRICEHAMN,ULRICEHAMN,SE;;;;;;;;;;;-133.0
Inkomster;empty;Lönekonto;Rörligt;Transport;empty;empty;empty;Bil;;;;;;;;;;;2500.0
Utgifter;empty;Lönekonto;Rörligt;Boende;empty;empty;empty;CIRCLE K ASKIM,ASKIM,SE;;;;;;;;;;;-65.0
Utgifter;empty;Lönekonto;Rörligt;Mat;empty;empty;empty;HARVEST BY MANNERSTROM,GOTEBORG,SE;;;;;;;;;;;-55.0
Utgifter;empty;Lönekonto;Rörligt;Mat;empty;empty;empty;HARVEST BY MANNERSTROM,GOTEBORG,SE;;;;;;;;;;;-55.0
Utgifter;empty;Lönekonto;Rörligt;Transport;empty;empty;empty;VÄSTTRAFIK AB,GOTEBORG,SE;;;;;;;;;;;-737.0
Utgifter;empty;Lönekonto;Rörligt;Mobil;empty;empty;empty;HALLON.SE,Stockholm,SE;;;;;;;;;;;-99.0
Utgifter;empty;Lönekonto;Rörligt;Mobil;empty;empty;empty;HALLON.SE,Stockholm,SE;;;;;;;;;;;-99.0
Utgifter;empty;Lönekonto;Rörligt;Övrigt;empty;empty;empty;NETFLIX.COM,020790637,NL;;;;;;;;;;;-89.0
Utgifter;empty;Lönekonto;Rörligt;Mat;empty;empty;empty;EKLANDA KROG,MOLNDAL,SE;;;;;;;;;;;-332.0
Utgifter;empty;Lönekonto;Rörligt;Boende;empty;empty;empty;BAUHAUS SISJON,VESTRA FROLUN,SE;;;;;;;;;;;-79.95
Inkomster;empty;Lönekonto;Rörligt;Boende;empty;empty;empty;BAUHAUS SISJON,VESTRA FROLUN,SE;;;;;;;;;;;229.0
Inkomster;empty;Lönekonto;Rörligt;Mat;empty;empty;empty;MAT;;;;;;;;;;;350.0
Utgifter;empty;Lönekonto;Rörligt;Transport;empty;empty;empty;VÄSTTRAFIK AB,GOTEBORG,SE;;;;;;;;;;;-76.0
Utgifter;empty;Lönekonto;Rörligt;Transport;empty;empty;empty;VÄSTTRAFIK AB,GOTEBORG,SE;;;;;;;;;;;-53.0
Utgifter;empty;Lönekonto;Rörligt;Mat;empty;empty;empty;HEYNOW.AI,Goteborg,SE;;;;;;;;;;;-153.0
Utgifter;empty;Lönekonto;Rörligt;Övrigt;empty;empty;empty;PRESSBYRÅN 4228100,GÖTEBORG,SE;;;;;;;;;;;-115.0
Utgifter;empty;Lönekonto;Rörligt;Övrigt;empty;empty;empty;7 ELEVEN 4317142,GÖTEBORG,SE;;;;;;;;;;;-19.0
Utgifter;empty;Lönekonto;Rörligt;Mat;empty;empty;empty;HARVEST BY MANNERSTROM,GOTEBORG,SE;;;;;;;;;;-55.0
Utgifter;empty;Lönekonto;Rörligt;Boende;empty;empty;empty;CIRCLE K ASKIM,ASKIM,SE;;;;;;;;;;-92.0
Utgifter;empty;Lönekonto;Rörligt;Transport;empty;empty;empty;VÄSTTRAFIK AB,GOTEBORG,SE;;;;;;;;;;-30.0
Utgifter;empty;Lönekonto;Rörligt;Övrigt;empty;empty;empty;GOOGLE*GOOGLE,INTERNET,GB;;;;;;;;;;-39.0
Utgifter;empty;Lönekonto;Rörligt;Transport;empty;empty;empty;Flixbus;;;;;;;;;;-144.0
Utgifter;empty;Lönekonto;Rörligt;Transport;empty;empty;empty;VÄSTTRAFIK AB,GOTEBORG,SE;;;;;;;;;;-6.0
Utgifter;empty;Lönekonto;Rörligt;Transport;empty;empty;empty;VÄSTTRAFIK AB,GOTEBORG,SE;;;;;;;;;;-30.0
Utgifter;empty;Lönekonto;Rörligt;Mat;empty;empty;empty;HARVEST BY MANNERSTROM,GOTEBORG,SE;;;;;;;;;;-99.0
Utgifter;empty;Lönekonto;Rörligt;Transport;empty;empty;empty;VÄSTTRAFIK AB,GOTEBORG,SE;;;;;;;;;;-30.0
Utgifter;empty;Lönekonto;Rörligt;Transport;empty;empty;empty;VÄSTTRAFIK AB,GOTEBORG,SE;;;;;;;;;;-30.0
Utgifter;empty;Lönekonto;Rörligt;Mobil;empty;empty;empty;Bekräfta laddning av 072965418;;;;;;;;;;-100.0
Inkomster;empty;Lönekonto;Rörligt;Övrigt;empty;empty;empty;Tillf mobil freja;;;;;;;;;;3000.0
Utgifter;empty;Lönekonto;Rörligt;Transport;empty;empty;empty;VÄSTTRAFIK AB,GOTEBORG,SE;;;;;;;;;;-6.0
Utgifter;empty;Lönekonto;Rörligt;Transport;empty;empty;empty;VÄSTTRAFIK AB,GOTEBORG,SE;;;;;;;;;;-30.0
Utgifter;empty;Lönekonto;Rörligt;Boende;empty;empty;empty;CIRCLE K ASKIM,ASKIM,SE;;;;;;;;;;-96.8
Utgifter;empty;Lönekonto;Rörligt;Transport;empty;empty;empty;TANKA SISJON,GOTEBORG,SE;;;;;;;;;;-466.74
Utgifter;empty;Lönekonto;Rörligt;Mat;empty;empty;empty;HARVEST BY MANNERSTROM,GOTEBORG,SE;;;;;;;;;;-55.0
Utgifter;empty;Lönekonto;Rörligt;Mat;empty;empty;empty;K*Coop.se;;;;;;;;;;-1066.16
Utgifter;empty;Lönekonto;Rörligt;Mat;empty;empty;empty;K*Coop.se;;;;;;;;;;-1037.8
Utgifter;empty;Lönekonto;Fasta;Spara;empty;empty;empty;Överf ISK;;;;;;;;;;-500.0
Utgifter;empty;Lönekonto;Fasta;Spara;empty;empty;empty;Överf ISK;;;;;;;;;;-500.0
Utgifter;empty;Lönekonto;Rörligt;Övrigt;empty;empty;empty;Spotify P11E7660D7,Stockholm,SE;;;;;;;;;;-99.0
Utgifter;empty;Lönekonto;Rörligt;Övrigt;empty;empty;empty;KJELL & CO 51,VASTRA FROLUN,SE;;;;;;;;;;-99.9
Utgifter;empty;Lönekonto;Rörligt;Transport;empty;empty;empty;VÄSTTRAFIK AB,GOTEBORG,SE;;;;;;;;;;-30.0
Utgifter;empty;Lönekonto;Rörligt;Transport;empty;empty;empty;VÄSTTRAFIK AB,GOTEBORG,SE;;;;;;;;;;-30.0
Utgifter;empty;Lönekonto;Rörligt;Transport;empty;empty;empty;HEMKÖP VÄSTRA FRÖLUNDA,VÄSTRA FRÖLUN,SE;;;;;;;;;;-26.95
Utgifter;empty;Lönekonto;Rörligt;Övrigt;empty;empty;empty;IKANO BANK AB - PREEM;;;;;;;;;;-1500.0
Inkomster;empty;Lönekonto;Rörligt;Mat;empty;empty;empty;MAT;;;;;;;;;;1066.0
Utgifter;empty;Lönekonto;Rörligt;Mat;empty;empty;empty;STORA COOP SISJÖN,ASKIM,SE;;;;;;;;;;-119.4
Utgifter;empty;Lönekonto;Rörligt;Mat;empty;empty;empty;MCDONALDS 222 V,VETLANDA,SE;;;;;;;;;;-78.0
Utgifter;empty;Lönekonto;Rörligt;Mat;empty;empty;empty;MCD ULRICEHAMN,ULRICEHAMN,SE;;;;;;;;;;-80.0
Utgifter;empty;Lönekonto;Rörligt;Sjukvård;empty;empty;empty;CIRCLE K NESSJO,NESSJO,SE;;;;;;;;;;-199.0
Utgifter;empty;Lönekonto;Rörligt;Transport;empty;empty;empty;VÄSTTRAFIK AB,GOTEBORG,SE;;;;;;;;;;-6.0
Utgifter;empty;Lönekonto;Rörligt;Boende;empty;empty;empty;Jysk Vetlanda,Vetlanda,SE;;;;;;;;;;-259.0
Utgifter;empty;Lönekonto;Rörligt;Mat;empty;empty;empty;MCD 97 - BORAS,BORAS,SE;;;;;;;;;;-173.0
Utgifter;empty;Lönekonto;Rörligt;Mat;empty;empty;empty;MAXI ICA STORMARKNAD V,VETLANDA,SE;;;;;;;;;;-216.65
Utgifter;empty;Lönekonto;Rörligt;Fritid;empty;empty;empty;DJURENS VÄRLD,VETLANDA,SE;;;;;;;;;;-178.0
Utgifter;empty;Lönekonto;Rörligt;Mat;empty;empty;empty;9025.19.457.76;;;;;;;;;;-9000.0
Utgifter;empty;Lönekonto;Rörligt;Spara;empty;empty;empty;Avbetalning bil Fredrik;;;;;;;;;;-1000.0
Utgifter;empty;Lönekonto;Rörligt;Räkningar;empty;empty;empty;9023.78.887.28;;;;;;;;;;-15000.0
Utgifter;empty;Lönekonto;Rörligt;Övrigt;empty;empty;empty;NETS*collagefoto.se,Malmo,SE;;;;;;;;;;-138.0
Utgifter;empty;Lönekonto;Rörligt;Sjukvård;empty;empty;empty;LLOYDSAPOTEK102,Hovaas,SE;;;;;;;;;;-189.0
Utgifter;empty;Lönekonto;Rörligt;Transport;empty;empty;empty;VÄSTTRAFIK AB,GOTEBORG,SE;;;;;;;;;;-30.0
Utgifter;empty;Lönekonto;Rörligt;Transport;empty;empty;empty;VÄSTTRAFIK AB,GOTEBORG,SE;;;;;;;;;;-30.0
Utgifter;empty;Lönekonto;Rörligt;Mat;empty;empty;empty;ICA KVANTUM HOVAS,HOVAS,SE;;;;;;;;;;-140.2
Utgifter;empty;Lönekonto;Rörligt;Transport;empty;empty;empty;Däcklagning;;;;;;;;;;-150.0
Utgifter;empty;Lönekonto;Rörligt;Transport;empty;empty;empty;VÄSTTRAFIK AB,GOTEBORG,SE;;;;;;;;;;-6.0
Utgifter;empty;Lönekonto;Rörligt;Transport;empty;empty;empty;VÄSTTRAFIK AB,GOTEBORG,SE;;;;;;;;;;-30.0
Utgifter;empty;Lönekonto;Rörligt;Övrigt;empty;empty;empty;MAXI ICA STORMARKNAD H,VASTRA FROLUN,SE;;;;;;;;;;-117.4
Inkomster;empty;Lönekonto;Rörligt;Övrigt;empty;empty;empty;Skolkatalog;;;;;;;;;;150.0
Utgifter;empty;Lönekonto;Rörligt;Transport;empty;empty;empty;VÄSTTRAFIK AB,GOTEBORG,SE;;;;;;;;;;-30.0
Utgifter;empty;Lönekonto;Rörligt;Transport;empty;empty;empty;VÄSTTRAFIK AB,GOTEBORG,SE;;;;;;;;;;-30.0
Utgifter;empty;Lönekonto;Rörligt;Mat;empty;empty;empty;DUYTAN,Goteborg,SE;;;;;;;;;;-95.0
Inkomster;empty;Lönekonto;Fasta;Lön;empty;empty;empty;Löneinsättning;;;;;;;;;;33990.0
Utgifter;empty;Lönekonto;Rörligt;Mat;empty;empty;empty;STORA COOP SISJÖN,ASKIM,SE;;;;;;;;;;-158.0
Utgifter;empty;Lönekonto;Rörligt;Transport;empty;empty;empty;Västtrafik AB,Goteborg,SE;;;;;;;;;;-6.0
Utgifter;empty;Lönekonto;Rörligt;Transport;empty;empty;empty;Västtrafik AB,Goteborg,SE;;;;;;;;;;-30.0
Utgifter;empty;Lönekonto;Rörligt;Transport;empty;empty;empty;HERTZ SWEDEN FRANCHISE,DUBLIN,IE;;;;;;;;;;-1044.04
Inkomster;empty;Lönekonto;Rörligt;Boende;empty;empty;empty;IKEA-KALLERED,KALLERED,SE;;;;;;;;;;500.0
Utgifter;empty;Lönekonto;Rörligt;Boende;empty;empty;empty;BAUHAUS SISJON,VESTRA FROLUN,SE;;;;;;;;;;-965.0
Utgifter;empty;Lönekonto;Rörligt;Boende;empty;empty;empty;K-RAUTA,MOLNDAL,SE;;;;;;;;;;-416.0
Utgifter;empty;Lönekonto;Rörligt;Mat;empty;empty;empty;Nota Harvest by Mannerström;;;;;;;;;;-105.0
Utgifter;empty;Lönekonto;Rörligt;Mat;empty;empty;empty;HEMGLASS GOTEBORG,VASTERAS,SE;;;;;;;;;;-239.0
Utgifter;empty;Lönekonto;Rörligt;Transport;empty;empty;empty;Västtrafik AB,Goteborg,SE;;;;;;;;;;-30.0
Utgifter;empty;Lönekonto;Rörligt;Transport;empty;empty;empty;Västtrafik AB,Goteborg,SE;;;;;;;;;;-30.0
Utgifter;empty;Lönekonto;Rörligt;Övrigt;empty;empty;empty;Microsoft*Store,msbill.info,IE;;;;;;;;;;-64.99
Utgifter;empty;Lönekonto;Rörligt;Övrigt;empty;empty;empty;GOOGLE *Google,g.co/helppay#,GB;;;;;;;;;;-69.0
Utgifter;empty;Lönekonto;Rörligt;Transport;empty;empty;empty;Västtrafik AB,Goteborg,SE;;;;;;;;;;-30.0
Utgifter;empty;Lönekonto;Rörligt;Transport;empty;empty;empty;Västtrafik AB,Goteborg,SE;;;;;;;;;;-6.0
Inkomster;empty;Lönekonto;Rörligt;Mat;empty;empty;empty;Mat;;;;;;;;;;1050.0
Utgifter;empty;Lönekonto;Rörligt;Transport;empty;empty;empty;Västtrafik AB,Goteborg,SE;;;;;;;;;;-30.0
Utgifter;empty;Lönekonto;Rörligt;Transport;empty;empty;empty;APOTEK HJARTAT KUNGSGA,GOTEBORG,SE;;;;;;;;;;-236.48
Utgifter;empty;Lönekonto;Rörligt;Transport;empty;empty;empty;Västtrafik AB,Goteborg,SE;;;;;;;;;;-30.0
Utgifter;empty;Lönekonto;Rörligt;Transport;empty;empty;empty;Västtrafik AB,Goteborg,SE;;;;;;;;;;-30.0
Utgifter;empty;Lönekonto;Rörligt;Transport;empty;empty;empty;Västtrafik AB,Goteborg,SE;;;;;;;;;;-30.0
Utgifter;empty;Lönekonto;Rörligt;Transport;empty;empty;empty;Västtrafik AB,Goteborg,SE;;;;;;;;;;-6.0
Utgifter;empty;Lönekonto;Rörligt;Transport;empty;empty;empty;Västtrafik AB,Goteborg,SE;;;;;;;;;;-30.0
Utgifter;empty;Lönekonto;Rörligt;Mat;empty;empty;empty;HARVEST BY MANNERSTROM,GOTEBORG,SE;;;;;;;;;;-55.0
Utgifter;empty;Lönekonto;Rörligt;Transport;empty;empty;empty;CIRCLE K GOTEBORG MARK,GOTEBORG,SE;;;;;;;;;;-191.65
Utgifter;empty;Lönekonto;Rörligt;Transport;empty;empty;empty;Västtrafik AB,Goteborg,SE;;;;;;;;;;-30.0
Utgifter;empty;Lönekonto;Rörligt;Mat;empty;empty;empty;NRG PIZZA 225,JONKOPING,SE;;;;;;;;;;-165.0
Utgifter;empty;Lönekonto;Rörligt;Transport;empty;empty;empty;ST1 VETLANDA,EKENÄSSJÖN,SE;;;;;;;;;;-366.78
Utgifter;empty;Lönekonto;Rörligt;Boende;empty;empty;empty;SHELL BOTTNARYD,BOTTNARYD,SE;;;;;;;;;;-69.0
Utgifter;empty;Lönekonto;Rörligt;Mat;empty;empty;empty;MCD 97 - BORAS,BORAS,SE;;;;;;;;;;-139.0
Utgifter;empty;Lönekonto;Rörligt;Mat;empty;empty;empty;MCDONALDS HULTA,BORAS,SE;;;;;;;;;;-17.0
Utgifter;empty;Lönekonto;Rörligt;Transport;empty;empty;empty;Västtrafik AB,Goteborg,SE;;;;;;;;;;-30.0
Utgifter;empty;Lönekonto;Rörligt;Transport;empty;empty;empty;CIRCLE K GOTEBORG MARK,GOTEBORG,SE;;;;;;;;;;-20.0
Utgifter;empty;Lönekonto;Rörligt;Transport;empty;empty;empty;CIRCLE K GOTEBORG MARK,GOTEBORG,SE;;;;;;;;;;-1648.0
Utgifter;empty;Lönekonto;Rörligt;Transport;empty;empty;empty;Västtrafik AB,Goteborg,SE;;;;;;;;;;-6.0
Utgifter;empty;Lönekonto;Rörligt;Sjukvård;empty;empty;empty;CIRCLE K NESSJO,NESSJO,SE;;;;;;;;;;-70.0
Inkomster;empty;Lönekonto;Rörligt;Övrigt;empty;empty;empty;Fredrik Moberg;;;;;;;;;;1600.0
Utgifter;empty;Lönekonto;Rörligt;Transport;empty;empty;empty;Västtrafik AB,Goteborg,SE;;;;;;;;;;-30.0
Utgifter;empty;Lönekonto;Rörligt;Transport;empty;empty;empty;Västtrafik AB,Goteborg,SE;;;;;;;;;;-30.0
Utgifter;empty;Lönekonto;Rörligt;Mat;empty;empty;empty;K*Coop.se;;;;;;;;;;-1038.25
Utgifter;empty;Lönekonto;Rörligt;Transport;empty;empty;empty;Västtrafik AB,Goteborg,SE;;;;;;;;;;-6.0
Utgifter;empty;Lönekonto;Rörligt;Mat;empty;empty;empty;MR GATSBY PIZZERIA,Askim,SE;;;;;;;;;;-177.0
Utgifter;empty;Lönekonto;Rörligt;Transport;empty;empty;empty;Västtrafik AB,Goteborg,SE;;;;;;;;;;-30.0
Utgifter;empty;Lönekonto;Rörligt;Transport;empty;empty;empty;Västtrafik AB,Goteborg,SE;;;;;;;;;;-30.0
Utgifter;empty;Lönekonto;Rörligt;Transport;empty;empty;empty;Västtrafik AB,Goteborg,SE;;;;;;;;;;-30.0
Inkomster;empty;Lönekonto;Rörligt;Boende;empty;empty;empty;TAPETKLISTTER;;;;;;;;;;300.0
Inkomster;empty;Lönekonto;Rörligt;Mobil;empty;empty;empty;BARN MOBIL;;;;;;;;;;400.0
Inkomster;empty;Lönekonto;Rörligt;Mat;empty;empty;empty;MAT;;;;;;;;;;1500.0
Utgifter;empty;Lönekonto;Rörligt;Mobil;empty;empty;empty;HALLON.SE,Stockholm,SE;;;;;;;;;;-298.0
Utgifter;empty;Lönekonto;Rörligt;Mobil;empty;empty;empty;HALLON.SE,Stockholm,SE;;;;;;;;;;-99.0
Utgifter;empty;Lönekonto;Rörligt;Mat;empty;empty;empty;MCDONALDS MOLND,MOLNDAL,SE;;;;;;;;;;-139.0
Utgifter;empty;Lönekonto;Rörligt;Boende;empty;empty;empty;IKEA-KALLERED,KALLERED,SE;;;;;;;;;;-1730.0
Utgifter;empty;Lönekonto;Rörligt;Övrigt;empty;empty;empty;NETFLIX.COM,Amsterdam,NL;;;;;;;;;;-89.0
Utgifter;empty;Lönekonto;Rörligt;Mat;empty;empty;empty;STORA COOP SISJÖN,ASKIM,SE;;;;;;;;;;-33.0
Utgifter;empty;Lönekonto;Rörligt;Boende;empty;empty;empty;BAUHAUS SISJON,VESTRA FROLUN,SE;;;;;;;;;;-290.0
Utgifter;empty;Lönekonto;Rörligt;Transport;empty;empty;empty;O LEARYS GOTEBO,GOTEBORG,SE;;;;;;;;;;-75.0
Utgifter;empty;Lönekonto;Rörligt;Transport;empty;empty;empty;O LEARYS GOTEBO,GOTEBORG,SE;;;;;;;;;;-39.0
Utgifter;empty;Lönekonto;Rörligt;Transport;empty;empty;empty;O LEARYS GOTEBO,GOTEBORG,SE;;;;;;;;;;-40.0
Utgifter;empty;Lönekonto;Rörligt;Boende;empty;empty;empty;CIRCLE K ASKIM,ASKIM,SE;;;;;;;;;;-19.9
Utgifter;empty;Lönekonto;Rörligt;Mat;empty;empty;empty;STORA COOP SISJÖN,ASKIM,SE;;;;;;;;;;-9.95
Inkomster;empty;Lönekonto;Rörligt;Övrigt;empty;empty;empty;Fredrik Moberg;;;;;;;;;;150.0
Utgifter;empty;Lönekonto;Rörligt;Transport;empty;empty;empty;Västtrafik AB,Goteborg,SE;;;;;;;;;;-6.0
Utgifter;empty;Lönekonto;Rörligt;Transport;empty;empty;empty;Västtrafik AB,Goteborg,SE;;;;;;;;;;-30.0
Utgifter;empty;Lönekonto;Rörligt;Transport;empty;empty;empty;Västtrafik AB,Goteborg,SE;;;;;;;;;;-30.0
Utgifter;empty;Lönekonto;Rörligt;Transport;empty;empty;empty;Västtrafik AB,Goteborg,SE;;;;;;;;;;-30.0
Utgifter;empty;Lönekonto;Rörligt;Mat;empty;empty;empty;Beställning The Hive;;;;;;;;;;-95.0
Utgifter;empty;Lönekonto;Rörligt;Övrigt;empty;empty;empty;Fam moberg;;;;;;;;;;-150.0
Utgifter;empty;Lönekonto;Rörligt;Mat;empty;empty;empty;Nota Harvest by Mannerström;;;;;;;;;;-105.0
Utgifter;empty;Lönekonto;Rörligt;Transport;empty;empty;empty;Västtrafik AB,Goteborg,SE;;;;;;;;;-30.0
Utgifter;empty;Lönekonto;Rörligt;Boende;empty;empty;empty;JULA AB,ASKIM,SE;;;;;;;;;-2.0
Utgifter;empty;Lönekonto;Rörligt;Övrigt;empty;empty;empty;XXL SPORT &VILD,ASKIM,SE;;;;;;;;;-449.0
Utgifter;empty;Lönekonto;Rörligt;Mat;empty;empty;empty;Nota Harvest by Mannerström;;;;;;;;;-105.0
Utgifter;empty;Lönekonto;Rörligt;Boende;empty;empty;empty;CIRCLE K ASKIM,ASKIM,SE;;;;;;;;;-16.64
Utgifter;empty;Lönekonto;Rörligt;Mat;empty;empty;empty;GRENNAS BISTRO AB,GRENNA,SE;;;;;;;;;-275.0
Utgifter;empty;Lönekonto;Rörligt;Mat;empty;empty;empty;GRENNA KONFEKTYR,GRANNA,SE;;;;;;;;;-120.0
Utgifter;empty;Lönekonto;Rörligt;Mat;empty;empty;empty;ICA NARA KRYSSET  VIRS,VIRSERUM,SE;;;;;;;;;-317.75
Utgifter;empty;Lönekonto;Rörligt;Boende;empty;empty;empty;CIRCLE K BOLLEBYGD,BOLLEBYGD,SE;;;;;;;;;-559.83
Utgifter;empty;Lönekonto;Rörligt;Boende;empty;empty;empty;CIRCLE K BOLLEBYGD,BOLLEBYGD,SE;;;;;;;;;-47.0
Utgifter;empty;Lönekonto;Rörligt;Övrigt;empty;empty;empty;K*Smartphoto;;;;;;;;;-367.4
Utgifter;empty;Lönekonto;Rörligt;Mat;empty;empty;empty;BURGER KING VIA,BORAS,SE;;;;;;;;;-90.0
Utgifter;empty;Lönekonto;Rörligt;Mat;empty;empty;empty;STORA COOP SISJÖN,ASKIM,SE;;;;;;;;;-24.95
Utgifter;empty;Lönekonto;Rörligt;Mat;empty;empty;empty;ICA NARA KRYSSET  VIRS,VIRSERUM,SE;;;;;;;;;-55.8
Utgifter;empty;Lönekonto;Rörligt;Mat;empty;empty;empty;ICA NARA KRYSSET  VIRS,VIRSERUM,SE;;;;;;;;;-289.55
Utgifter;empty;Lönekonto;Rörligt;Mat;empty;empty;empty;COOP KONSUM VIRSERUM,VIRSERUM,SE;;;;;;;;;-122.75
Utgifter;empty;Lönekonto;Fasta;Spara;empty;empty;empty;Överf ISK;;;;;;;;;-500.0
Utgifter;empty;Lönekonto;Fasta;Spara;empty;empty;empty;Överf ISK;;;;;;;;;-500.0
Inkomster;empty;Lönekonto;Rörligt;Mat;empty;empty;empty;Mat Virserum;;;;;;;;;785.0
Utgifter;empty;Lönekonto;Rörligt;Boende;empty;empty;empty;CIRCLE K ASKIM,ASKIM,SE;;;;;;;;;-1448.0
Utgifter;empty;Lönekonto;Rörligt;Sjukvård;empty;empty;empty;CIRCLE K NESSJO,NESSJO,SE;;;;;;;;;-34.0
Inkomster;empty;Lönekonto;Rörligt;Mat;empty;empty;empty;FREDRIK MOBERG;;;;;;;;;1015.0
Utgifter;empty;Lönekonto;Rörligt;Mat;empty;empty;empty;K*Coop.se;;;;;;;;;-1015.88
Utgifter;empty;Lönekonto;Rörligt;Mat;empty;empty;empty;9025.19.457.76;;;;;;;;;-9000.0
Utgifter;empty;Lönekonto;Rörligt;Spara;empty;empty;empty;Avbetalning bil Fredrik;;;;;;;;;-1000.0
Utgifter;empty;Lönekonto;Rörligt;Räkningar;empty;empty;empty;9023.78.887.28;;;;;;;;;-15000.0
Inkomster;empty;Lönekonto;Fasta;Lön;empty;empty;empty;Löneinsättning;;;;;;;;;35259.0
Utgifter;empty;Lönekonto;Rörligt;Boende;empty;empty;empty;FLUGGER AB S027,Askim,SE;;;;;;;;;-2251.0
Utgifter;empty;Lönekonto;Rörligt;Mat;empty;empty;empty;iZ *Svanstrom  Lin,Styrso,SE;;;;;;;;;-28.0
Utgifter;empty;Lönekonto;Rörligt;Mat;empty;empty;empty;iZ *Svanstrom  Lin,Styrso,SE;;;;;;;;;-40.0
Utgifter;empty;Lönekonto;Rörligt;Transport;empty;empty;empty;Swish till VÄSTTRAFIK AB;;;;;;;;;-30.0
Utgifter;empty;Lönekonto;Rörligt;Transport;empty;empty;empty;Swish till VÄSTTRAFIK AB;;;;;;;;;-30.0
Utgifter;empty;Lönekonto;Rörligt;Övrigt;empty;empty;empty;Spotify P1163C1786,Stockholm,SE;;;;;;;;;-99.0
Utgifter;empty;Lönekonto;Rörligt;Övrigt;empty;empty;empty;LIDL 274/GBG FROLUNDA,GOTEBORG,SE;;;;;;;;;-113.13
Inkomster;empty;Lönekonto;Rörligt;Övrigt;empty;empty;empty;Fredrik Moberg;;;;;;;;;300.0
Utgifter;empty;Lönekonto;Rörligt;Övrigt;empty;empty;empty;GOOGLE *Google Play Ap,g.co/HelpPay#,IE;;;;;;;;;-10.0
Utgifter;empty;Lönekonto;Rörligt;Boende;empty;empty;empty;BILTEMA SWEDEN SISJON,VESTRA FROLUN,SE;;;;;;;;;-428.9
Utgifter;empty;Lönekonto;Rörligt;Transport;empty;empty;empty;PREEM,ASKIM,SE;;;;;;;;;-512.4
Utgifter;empty;Lönekonto;Rörligt;Transport;empty;empty;empty;PREEM,ASKIM,SE;;;;;;;;;-81.05
Utgifter;empty;Lönekonto;Rörligt;Boende;empty;empty;empty;BAUHAUS SISJON,VESTRA FROLUN,SE;;;;;;;;;-99.9
Inkomster;empty;Lönekonto;Rörligt;Mat;empty;empty;empty;Mat;;;;;;;;;200.0
Utgifter;empty;Lönekonto;Rörligt;Transport;empty;empty;empty;HERTZ SWEDEN FRANCHISE,DUBLIN,IE;;;;;;;;;-1044.04
Utgifter;empty;Lönekonto;Rörligt;Sjukvård;empty;empty;empty;CIRCLE K NESSJO,NESSJO,SE;;;;;;;;;-20.0
Utgifter;empty;Lönekonto;Rörligt;Mat;empty;empty;empty;EKHAGENS PIZZERIA,JÖNKÖPING,SE;;;;;;;;;-207.0
Utgifter;empty;Lönekonto;Rörligt;Mat;empty;empty;empty;COOP KONSUM VIRSERUM,VIRSERUM,SE;;;;;;;;;-649.89
Utgifter;empty;Lönekonto;Rörligt;Mat;empty;empty;empty;ICA NARA KRYSSET  VIRS,VIRSERUM,SE;;;;;;;;;-142.3
Utgifter;empty;Lönekonto;Rörligt;Mat;empty;empty;empty;MCD 066 - A6 MC,JONKOPING,SE;;;;;;;;;-146.0
Utgifter;empty;Lönekonto;Rörligt;Kläder;empty;empty;empty;LINDEX/39,OSKARSHAMN,SE;;;;;;;;;-50.0
Inkomster;empty;Lönekonto;Rörligt;Transport;empty;empty;empty;Bensib;;;;;;;;;900.0
Inkomster;empty;Lönekonto;Rörligt;Mat;empty;empty;empty;Mat;;;;;;;;;1100.0
Utgifter;empty;Lönekonto;Rörligt;Övrigt;empty;empty;empty;MICROSOFT*MICROSOFT 36,MSBILL.INFO,IE;;;;;;;;;-64.99
Utgifter;empty;Lönekonto;Rörligt;Boende;empty;empty;empty;BAUHAUS SISJON,VESTRA FROLUN,SE;;;;;;;;;-2048.0
Utgifter;empty;Lönekonto;Rörligt;Mat;empty;empty;empty;WILLYS SISJÖN,ASKIM,SE;;;;;;;;;-52.5
Inkomster;empty;Lönekonto;Rörligt;Skatt;empty;empty;empty;ÅTERBETALNIN;;;;;;;;;233.13
Inkomster;empty;Lönekonto;Rörligt;Boende;empty;empty;empty;COLORAMA ASKIM,ASKIM,SE;;;;;;;;;1319.0
Utgifter;empty;Lönekonto;Rörligt;Boende;empty;empty;empty;COLORAMA ASKIM,ASKIM,SE;;;;;;;;;-1319.0
Utgifter;empty;Lönekonto;Rörligt;Övrigt;empty;empty;empty;MAXI ICA STORMARKNAD H,VASTRA FROLUN,SE;;;;;;;;;-840.15
Utgifter;empty;Lönekonto;Rörligt;Mat;empty;empty;empty;WILLYS SISJÖN,ASKIM,SE;;;;;;;;;-207.6
Utgifter;empty;Lönekonto;Rörligt;Transport;empty;empty;empty;PARKERINGSBOLAGET,GOTEBORG,SE;;;;;;;;;-8.0
Utgifter;empty;Lönekonto;Rörligt;Boende;empty;empty;empty;CIRCLE K ASKIM,ASKIM,SE;;;;;;;;;-42.0
Utgifter;empty;Lönekonto;Rörligt;Boende;empty;empty;empty;JULA AB,ASKIM,SE;;;;;;;;;-99.8
Utgifter;empty;Lönekonto;Rörligt;Boende;empty;empty;empty;BAUHAUS SISJON,VESTRA FROLUN,SE;;;;;;;;;-109.0
Utgifter;empty;Lönekonto;Rörligt;Boende;empty;empty;empty;RUSTA SISJON 46,ASKIM,SE;;;;;;;;;-228.8
Inkomster;empty;Lönekonto;Rörligt;Boende;empty;empty;empty;Flyttsaker;;;;;;;;;400.0
Inkomster;empty;Lönekonto;Rörligt;Boende;empty;empty;empty;biltema lampa;;;;;;;;;449.0
Utgifter;empty;Lönekonto;Rörligt;Boende;empty;empty;empty;CLAS OHLSON,ASKIM,SE;;;;;;;;;-159.7
Utgifter;empty;Lönekonto;Rörligt;Boende;empty;empty;empty;CIRCLE K ASKIM,ASKIM,SE;;;;;;;;;-54.0
Utgifter;empty;Lönekonto;Rörligt;Kläder;empty;empty;empty;SPORTSHOPEN SIS,ASKIM,SE;;;;;;;;;-149.0
Utgifter;empty;Lönekonto;Rörligt;Mobil;empty;empty;empty;HALLON.SE,Stockholm,SE;;;;;;;;;-99.0
Utgifter;empty;Lönekonto;Rörligt;Övrigt;empty;empty;empty;NETFLIX.COM,020790637,NL;;;;;;;;;-89.0
Utgifter;empty;Lönekonto;Rörligt;Mobil;empty;empty;empty;HALLON.SE,Stockholm,SE;;;;;;;;;-99.0
Utgifter;empty;Lönekonto;Rörligt;Övrigt;empty;empty;empty;GOOGLE  Google Play Ap,London,GB;;;;;;;;;-59.0
Utgifter;empty;Lönekonto;Rörligt;Transport;empty;empty;empty;SMSPARK.SE,MOLNDAL,SE;;;;;;;;;-25.0
Inkomster;empty;Lönekonto;Rörligt;Övrigt;empty;empty;empty;Swish återbet från SF Anytime AB;;;;;;;;;39.0
Utgifter;empty;Lönekonto;Rörligt;Mat;empty;empty;empty;K*Coop.se;;;;;;;;;-862.99
Utgifter;empty;Lönekonto;Rörligt;Boende;empty;empty;empty;Jysk Vastra Frolunda,Vastra Frolun,SE;;;;;;;;-100.0
Utgifter;empty;Lönekonto;Rörligt;Kläder;empty;empty;empty;INTERSPORT GOTE,VASTRA FROLUN,SE;;;;;;;;-59.0
Utgifter;empty;Lönekonto;Rörligt;Boende;empty;empty;empty;CIRCLE K ASKIM,ASKIM,SE;;;;;;;;-11.0
Utgifter;empty;Lönekonto;Rörligt;Övrigt;empty;empty;empty;REPAIRHOUSE AB,Vastra Frolun,SE;;;;;;;;-1195.0
Utgifter;empty;Lönekonto;Rörligt;Kläder;empty;empty;empty;SPORTSHOPEN SIS,ASKIM,SE;;;;;;;;-238.0
Utgifter;empty;Lönekonto;Rörligt;Övrigt;empty;empty;empty;XXL SPORT &VILD,ASKIM,SE;;;;;;;;-499.0
Utgifter;empty;Lönekonto;Rörligt;Boende;empty;empty;empty;BILTEMA SWEDEN SISJON,VESTRA FROLUN,SE;;;;;;;;-449.0
Inkomster;empty;Lönekonto;Rörligt;Mobil;empty;empty;empty;KLÄDER BARNEN;;;;;;;;846.0
Inkomster;empty;Lönekonto;Rörligt;Mat;empty;empty;empty;MAT;;;;;;;;935.0
Inkomster;empty;Lönekonto;Rörligt;Mat;empty;empty;empty;WILLYS;;;;;;;;250.0
Utgifter;empty;Lönekonto;Rörligt;Övrigt;empty;empty;empty;Swish till SF Anytime AB;;;;;;;;-39.0
Utgifter;empty;Lönekonto;Rörligt;Övrigt;empty;empty;empty;Swish till SF Anytime AB;;;;;;;;-39.0
Utgifter;empty;Lönekonto;Rörligt;Mat;empty;empty;empty;WILLYS SISJÖN,ASKIM,SE;;;;;;;;-250.81
Utgifter;empty;Lönekonto;Rörligt;Mat;empty;empty;empty;GYLLENE KORVEN,Askim,SE;;;;;;;;-198.0
Inkomster;empty;Lönekonto;Rörligt;Övrigt;empty;empty;empty;Swish från AXEL BJÖRKLUND;;;;;;;;300.0
Utgifter;empty;Lönekonto;Fasta;Spara;empty;empty;empty;Överf ISK;;;;;;;;-500.0
Utgifter;empty;Lönekonto;Fasta;Spara;empty;empty;empty;Överf ISK;;;;;;;;-500.0
Utgifter;empty;Lönekonto;Rörligt;Mat;empty;empty;empty;ASKIMS CAMPING,ASKIM,SE;;;;;;;;-80.0
Utgifter;empty;Lönekonto;Rörligt;Mat;empty;empty;empty;ASKIMS CAMPING,ASKIM,SE;;;;;;;;-54.0
Utgifter;empty;Lönekonto;Rörligt;Övrigt;empty;empty;empty;GOOGLE  Google Play Ap,London,GB;;;;;;;;-119.0
Utgifter;empty;Lönekonto;Rörligt;Mat;empty;empty;empty;K*Coop.se;;;;;;;;-1078.44
Utgifter;empty;Lönekonto;Rörligt;Övrigt;empty;empty;empty;XXL SPORT &VILD,ASKIM,SE;;;;;;;;-2799.0
Utgifter;empty;Lönekonto;Rörligt;Övrigt;empty;empty;empty;IKANO BANK AB - PREEM;;;;;;;;-1500.0
Inkomster;empty;Lönekonto;Rörligt;Mat;empty;empty;empty;MAT;;;;;;;;1078.0
Inkomster;empty;Lönekonto;Rörligt;Boende;empty;empty;empty;BILTEMA SWEDEN SISJON,VESTRA FROLUN,SE;;;;;;;;1899.0
Utgifter;empty;Lönekonto;Rörligt;Mat;empty;empty;empty;9025.19.457.76;;;;;;;;-9000.0
Utgifter;empty;Lönekonto;Rörligt;Spara;empty;empty;empty;Avbetalning bil Fredrik;;;;;;;;-1000.0
Utgifter;empty;Lönekonto;Rörligt;Räkningar;empty;empty;empty;9023.78.887.28;;;;;;;;-15000.0
Inkomster;empty;Lönekonto;Fasta;Lön;empty;empty;empty;Löneinsättning;;;;;;;;37285.0
Utgifter;empty;Lönekonto;Rörligt;Övrigt;empty;empty;empty;Spotify P1102EA02C,Stockholm,SE;;;;;;;;-99.0
Utgifter;empty;Lönekonto;Rörligt;Mat;empty;empty;empty;ICA KVANTUM FROLUNDA,VASTRA FROLUN,SE;;;;;;;;-297.2
Utgifter;empty;Lönekonto;Rörligt;Övrigt;empty;empty;empty;Swish till SF Anytime AB;;;;;;;;-39.0
Utgifter;empty;Lönekonto;Rörligt;Övrigt;empty;empty;empty;Blocketannons 20 kr;;;;;;;;-20.0
Utgifter;empty;Lönekonto;Rörligt;Övrigt;empty;empty;empty;Blocketannons 30 kr;;;;;;;;-30.0
Utgifter;empty;Lönekonto;Rörligt;Övrigt;empty;empty;empty;Swish till BSGA GÖTEBORG AB;;;;;;;;-249.0
Inkomster;empty;Lönekonto;Rörligt;Mat;empty;empty;empty;Mat;;;;;;;;500.0
Utgifter;empty;Lönekonto;Rörligt;Övrigt;empty;empty;empty;Blocketannons 50 kr;;;;;;;;-50.0
Inkomster;empty;Lönekonto;Rörligt;Övrigt;empty;empty;empty;Fredrik Moberg;;;;;;;;300.0
Utgifter;empty;Lönekonto;Rörligt;Mat;empty;empty;empty;GOTEBORGS GODISAFFAR,ASKIM,SE;;;;;;;;-81.0
Utgifter;empty;Lönekonto;Rörligt;Mat;empty;empty;empty;STORA COOP SISJÖN,ASKIM,SE;;;;;;;;-348.39
Utgifter;empty;Lönekonto;Rörligt;Boende;empty;empty;empty;BILTEMA SWEDEN SISJON,VESTRA FROLUN,SE;;;;;;;;-2148.0
Inkomster;empty;Lönekonto;Rörligt;Mat;empty;empty;empty;Mat;;;;;;;;300.0
Inkomster;empty;Lönekonto;Rörligt;Fritid;empty;empty;empty;Cykel g;;;;;;;;2000.0
Utgifter;empty;Lönekonto;Rörligt;Mat;empty;empty;empty;ASKIMS CAMPING,ASKIM,SE;;;;;;;;-51.0
Utgifter;empty;Lönekonto;Rörligt;Övrigt;empty;empty;empty;Microsoft*Microsoft 36,msbill.info,IE;;;;;;;;-64.99
Utgifter;empty;Lönekonto;Rörligt;Boende;empty;empty;empty;BILTEMA SWEDEN SISJON,VESTRA FROLUN,SE;;;;;;;;-19.9
Utgifter;empty;Lönekonto;Rörligt;Mat;empty;empty;empty;ICA KVANTUM FROLUNDA,VASTRA FROLUN,SE;;;;;;;;-163.24
Utgifter;empty;Lönekonto;Rörligt;Transport;empty;empty;empty;PREEM,ASKIM,SE;;;;;;;;-824.38
Utgifter;empty;Lönekonto;Rörligt;Mat;empty;empty;empty;STORA COOP SISJÖN,ASKIM,SE;;;;;;;;-29.9
Utgifter;empty;Lönekonto;Rörligt;Boende;empty;empty;empty;BAUHAUS SISJON,VESTRA FROLUN,SE;;;;;;;;-49.95
Utgifter;empty;Lönekonto;Rörligt;Boende;empty;empty;empty;BILTEMA SWEDEN SISJON,VESTRA FROLUN,SE;;;;;;;;-79.7
Utgifter;empty;Lönekonto;Rörligt;Mat;empty;empty;empty;WILLYS SISJÖN,ASKIM,SE;;;;;;;;-168.4
Utgifter;empty;Lönekonto;Rörligt;Mat;empty;empty;empty;WILLYS SISJÖN,ASKIM,SE;;;;;;;;-31.4
Inkomster;empty;Lönekonto;Rörligt;Övrigt;empty;empty;empty;Fredrik Moberg;;;;;;;;500.0
Inkomster;empty;Lönekonto;Rörligt;Övrigt;empty;empty;empty;Fredrik Moberg;;;;;;;;200.0
Utgifter;empty;Lönekonto;Rörligt;Boende;empty;empty;empty;CIRCLE K ASKIM,ASKIM,SE;;;;;;;;-118.0
Inkomster;empty;Lönekonto;Rörligt;Mat;empty;empty;empty;Mat;;;;;;;;200.0
Inkomster;empty;Lönekonto;Rörligt;Övrigt;empty;empty;empty;Swish från Bodil Karlsson;;;;;;;;700.0
Utgifter;empty;Lönekonto;Rörligt;Mat;empty;empty;empty;ICA KVANTUM FROLUNDA,VASTRA FROLUN,SE;;;;;;;;-282.75
Utgifter;empty;Lönekonto;Rörligt;Boende;empty;empty;empty;CLAS OHLSON,ASKIM,SE;;;;;;;;-319.7
Utgifter;empty;Lönekonto;Rörligt;Boende;empty;empty;empty;RUSTA SISJON 46,ASKIM,SE;;;;;;;;-169.0
Utgifter;empty;Lönekonto;Rörligt;Mat;empty;empty;empty;TRIUMF GLASS OCH GODIS,VESTRA FROLUN,SE;;;;;;;;-85.0
Utgifter;empty;Lönekonto;Rörligt;Transport;empty;empty;empty;OKQ8,VÄSTRA FRÖLUN,SE;;;;;;;;-5685.0
Utgifter;empty;Lönekonto;Rörligt;Mat;empty;empty;empty;ICA KVANTUM FROLUNDA,VASTRA FROLUN,SE;;;;;;;;-226.6
Inkomster;empty;Lönekonto;Rörligt;Övrigt;empty;empty;empty;Fredrik Moberg;;;;;;;;5300.0
Inkomster;empty;Lönekonto;Rörligt;Mat;empty;empty;empty;Mat;;;;;;;;600.0
Utgifter;empty;Lönekonto;Rörligt;Transport;empty;empty;empty;MEKONOMENTORPAV,GÖTEBORG,SE;;;;;;;;-799.0
Utgifter;empty;Lönekonto;Rörligt;Transport;empty;empty;empty;CIRCLE K GOTEBORG MUNK,GOTEBORG,SE;;;;;;;;-28.0
Utgifter;empty;Lönekonto;Rörligt;Mat;empty;empty;empty;ICA KVANTUM FROLUNDA,VASTRA FROLUN,SE;;;;;;;;-164.03
Utgifter;empty;Lönekonto;Rörligt;Sjukvård;empty;empty;empty;KD APOTEK,ASKIM,SE;;;;;;;;-119.9
Utgifter;empty;Lönekonto;Rörligt;Boende;empty;empty;empty;JULA AB,ASKIM,SE;;;;;;;;-59.7
Utgifter;empty;Lönekonto;Rörligt;Mat;empty;empty;empty;ASKIMS CAMPING,ASKIM,SE;;;;;;;;-70.0
Utgifter;empty;Lönekonto;Rörligt;Mat;empty;empty;empty;ASKIMS CAMPING,ASKIM,SE;;;;;;;;-76.0
Utgifter;empty;Lönekonto;Rörligt;Övrigt;empty;empty;empty;ASKIMSBADET,ASKIM,SE;;;;;;;;-50.0
Utgifter;empty;Lönekonto;Rörligt;Övrigt;empty;empty;empty;ASKIMSBADET,ASKIM,SE;;;;;;;;-120.0
Utgifter;empty;Lönekonto;Rörligt;Mat;empty;empty;empty;WILLYS SISJÖN,ASKIM,SE;;;;;;;;-584.31
Utgifter;empty;Lönekonto;Rörligt;Boende;empty;empty;empty;BRODHUSET,ASKIM,SE;;;;;;;;-57.0
Inkomster;empty;Lönekonto;Rörligt;Mat;empty;empty;empty;MAT  WILLY;;;;;;;;316.0
Inkomster;empty;Lönekonto;Rörligt;Mat;empty;empty;empty;MAT;;;;;;;;560.0
Inkomster;empty;Lönekonto;Rörligt;Mat;empty;empty;empty;MAT WILLYS;;;;;;;;1115.0
Inkomster;empty;Lönekonto;Rörligt;Presenter;empty;empty;empty;HALLON GUSTAF;;;;;;;;99.0
Inkomster;empty;Lönekonto;Rörligt;Fritid;empty;empty;empty;HALLON FREJA;;;;;;;;99.0
Utgifter;empty;Lönekonto;Rörligt;Boende;empty;empty;empty;PLANTAGEN ASKIM,ASKIM,SE;;;;;;;;-89.7
Utgifter;empty;Lönekonto;Rörligt;Boende;empty;empty;empty;BLOMSTERLANDET,ASKIM,SE;;;;;;;;-56.9
Utgifter;empty;Lönekonto;Rörligt;Mat;empty;empty;empty;WILLYS SISJÖN,ASKIM,SE;;;;;;;;-560.31
Utgifter;empty;Lönekonto;Rörligt;Transport;empty;empty;empty;PARKERINGSBOLAGET,GOTEBORG,SE;;;;;;;;-6.0
Utgifter;empty;Lönekonto;Rörligt;Mobil;empty;empty;empty;HALLON.SE,Stockholm,SE;;;;;;;;-99.0
Utgifter;empty;Lönekonto;Rörligt;Mobil;empty;empty;empty;HALLON.SE,Stockholm,SE;;;;;;;;-99.0
Utgifter;empty;Lönekonto;Rörligt;Övrigt;empty;empty;empty;GOOGLE  Google Play Ap,London,GB;;;;;;;;-10.0
Utgifter;empty;Lönekonto;Rörligt;Övrigt;empty;empty;empty;NETFLIX.COM,020790637,NL;;;;;;;;-89.0
Utgifter;empty;Lönekonto;Rörligt;Övrigt;empty;empty;empty;GOOGLE  Google Play Ap,London,GB;;;;;;;;-10.0
Utgifter;empty;Lönekonto;Rörligt;Sjukvård;empty;empty;empty;APOTEK HJARTAT ICA MAX,VASTRA FROLUN,SE;;;;;;;;-143.0
Utgifter;empty;Lönekonto;Rörligt;Övrigt;empty;empty;empty;MAXI ICA STORMARKNAD H,VASTRA FROLUN,SE;;;;;;;;-1115.45
Utgifter;empty;Lönekonto;Rörligt;Boende;empty;empty;empty;BILTEMA SWEDEN SISJON,VESTRA FROLUN,SE;;;;;;;;-44.9
Utgifter;empty;Lönekonto;Rörligt;Mat;empty;empty;empty;ICA NARA HAGA,GOTEBORG,SE;;;;;;;-353.96
Utgifter;empty;Lönekonto;Rörligt;Mat;empty;empty;empty;INET RINGON,GOTEBORG,SE;;;;;;;-878.0
Utgifter;empty;Lönekonto;Rörligt;Transport;empty;empty;empty;INTER BOWLING MAJORNA,GOTEBORG,SE;;;;;;;-28.0
Utgifter;empty;Lönekonto;Rörligt;Transport;empty;empty;empty;PARKERINGSBOLAGET,GOTEBORG,SE;;;;;;;-26.0
Utgifter;empty;Lönekonto;Rörligt;Boende;empty;empty;empty;CLAS OHLSON,ASKIM,SE;;;;;;;-59.8
Utgifter;empty;Lönekonto;Rörligt;Mat;empty;empty;empty;WILLYS SISJÖN,ASKIM,SE;;;;;;;-111.9
Utgifter;empty;Lönekonto;Rörligt;Mat;empty;empty;empty;ICA KVANTUM FROLUNDA,VASTRA FROLUN,SE;;;;;;;-205.2
Utgifter;empty;Lönekonto;Rörligt;Boende;empty;empty;empty;CLAS OHLSON,FROLUNDA TORG,SE;;;;;;;-79.9
Utgifter;empty;Lönekonto;Fasta;Spara;empty;empty;empty;Överf ISK;;;;;;;-500.0
Utgifter;empty;Lönekonto;Fasta;Spara;empty;empty;empty;Överf ISK;;;;;;;-500.0
Utgifter;empty;Lönekonto;Rörligt;Övrigt;empty;empty;empty;GOOGLE  Google Play Apps,London,GB;;;;;;;-59.0
Utgifter;empty;Lönekonto;Rörligt;Övrigt;empty;empty;empty;Swish till SF Anytime AB;;;;;;;-39.0
Utgifter;empty;Lönekonto;Rörligt;Övrigt;empty;empty;empty;PodMe,Stockholm,SE;;;;;;;-69.0
Utgifter;empty;Lönekonto;Rörligt;Mat;empty;empty;empty;BEERISTA,GOTEBORG,SE;;;;;;;-75.0
Utgifter;empty;Lönekonto;Rörligt;Mat;empty;empty;empty;9025.19.457.76;;;;;;;-9000.0
Utgifter;empty;Lönekonto;Rörligt;Spara;empty;empty;empty;Avbetalning bil Fredrik;;;;;;;-1000.0
Utgifter;empty;Lönekonto;Rörligt;Räkningar;empty;empty;empty;9023.78.887.28;;;;;;;-15000.0
Utgifter;empty;Lönekonto;Rörligt;Övrigt;empty;empty;empty;Swish till SF Anytime AB;;;;;;;-49.0
Utgifter;empty;Lönekonto;Rörligt;Övrigt;empty;empty;empty;IKANO BANK AB - PREEM;;;;;;;-1500.0
Utgifter;empty;Lönekonto;Rörligt;Övrigt;empty;empty;empty;9023.94.307.61;;;;;;;-2.0
Utgifter;empty;Lönekonto;Rörligt;Övrigt;empty;empty;empty;9023.94.307.61;;;;;;;-184.0
Utgifter;empty;Lönekonto;Rörligt;Mat;empty;empty;empty;SANGUINE,GOTEBORG,SE;;;;;;;-59.0
Inkomster;empty;Lönekonto;Rörligt;Övrigt;empty;empty;empty;Fredrik Moberg;;;;;;;186.0
Utgifter;empty;Lönekonto;Rörligt;Mat;empty;empty;empty;WILLYS SISJÖN,ASKIM,SE;;;;;;;-217.77
Utgifter;empty;Lönekonto;Rörligt;Övrigt;empty;empty;empty;GOTEBORGS BOTANISKA TR,GOTEBORG,SE;;;;;;;-24.0
Utgifter;empty;Lönekonto;Rörligt;Övrigt;empty;empty;empty;GOTEBORGS BOTANISKA TR,GOTEBORG,SE;;;;;;;-66.0
Utgifter;empty;Lönekonto;Rörligt;Övrigt;empty;empty;empty;LIDL 274/GBG FROLUNDA,GOTEBORG,SE;;;;;;;-114.5
Utgifter;empty;Lönekonto;Rörligt;Transport;empty;empty;empty;PARKERINGSBOLAGET,GOTEBORG,SE;;;;;;;-2.0
Utgifter;empty;Lönekonto;Rörligt;Presenter;empty;empty;empty;ECO & FAIR,GOTEBORG,SE;;;;;;;-395.0
Utgifter;empty;Lönekonto;Rörligt;Transport;empty;empty;empty;PARKERINGSBOLAGET,GOTEBORG,SE;;;;;;;-20.0
Inkomster;empty;Lönekonto;Fasta;Lön;empty;empty;empty;Löneinsättning;;;;;;;32877.0
Inkomster;empty;Lönekonto;Rörligt;Övrigt;empty;empty;empty;Fredrik Moberg;;;;;;;200.0
Inkomster;empty;Lönekonto;Rörligt;Mat;empty;empty;empty;Mat;;;;;;;200.0
Inkomster;empty;Lönekonto;Rörligt;Övrigt;empty;empty;empty;Fredrik Moberg;;;;;;;380.0
Utgifter;empty;Lönekonto;Rörligt;Övrigt;empty;empty;empty;GOOGLE *Google Play Ap,g.co/HelpPay#,IE;;;;;;;-59.0
Utgifter;empty;Lönekonto;Rörligt;Mat;empty;empty;empty;ICA KVANTUM HOVAS,HOVAS,SE;;;;;;;-118.0
Utgifter;empty;Lönekonto;Rörligt;Mat;empty;empty;empty;STORA COOP SISJÖN,ASKIM,SE;;;;;;;-219.7
Utgifter;empty;Lönekonto;Rörligt;Övrigt;empty;empty;empty;Spotify P109911445,Stockholm,SE;;;;;;;-99.0
Utgifter;empty;Lönekonto;Rörligt;Mat;empty;empty;empty;MR GATSBY PIZZERIA,Askim,SE;;;;;;;-90.0
Utgifter;empty;Lönekonto;Rörligt;Boende;empty;empty;empty;RUSTA SISJON 46,ASKIM,SE;;;;;;;-576.9
Utgifter;empty;Lönekonto;Rörligt;Boende;empty;empty;empty;BAUHAUS SISJON,VESTRA FROLUN,SE;;;;;;;-169.0
Utgifter;empty;Lönekonto;Rörligt;Boende;empty;empty;empty;BAUHAUS SISJON,VESTRA FROLUN,SE;;;;;;;-89.9
Utgifter;empty;Lönekonto;Rörligt;Mat;empty;empty;empty;RESTAURANG GREENS,VESTRA FROLUN,SE;;;;;;;-25.0
Inkomster;empty;Lönekonto;Rörligt;Boende;empty;empty;empty;BAUHAUS SISJON,VESTRA FROLUN,SE;;;;;;;19.95
Utgifter;empty;Lönekonto;Rörligt;Boende;empty;empty;empty;FLUGGER AB S027,Askim,SE;;;;;;;-1642.9
Utgifter;empty;Lönekonto;Rörligt;Presenter;empty;empty;empty;iZ *Boguro AB,GOTEBORG,SE;;;;;;;-52.0
Utgifter;empty;Lönekonto;Rörligt;Transport;empty;empty;empty;CIRCLE K GOTEBORG HJAL,GOTEBORG,SE;;;;;;;-26.0
Utgifter;empty;Lönekonto;Rörligt;Transport;empty;empty;empty;PARKERINGSBOLAGET,GOTEBORG,SE;;;;;;;-7.0
Utgifter;empty;Lönekonto;Rörligt;Mat;empty;empty;empty;STORA COOP SISJÖN,ASKIM,SE;;;;;;;-196.35
Utgifter;empty;Lönekonto;Rörligt;Boende;empty;empty;empty;BAUHAUS SISJON,VESTRA FROLUN,SE;;;;;;;-193.95
Utgifter;empty;Lönekonto;Rörligt;Boende;empty;empty;empty;BAUHAUS SISJON,VESTRA FROLUN,SE;;;;;;;-169.0
Utgifter;empty;Lönekonto;Rörligt;Mat;empty;empty;empty;STORA COOP SISJÖN,ASKIM,SE;;;;;;;-172.85
Utgifter;empty;Lönekonto;Rörligt;Övrigt;empty;empty;empty;GOOGLE *Google Play Ap,g.co/HelpPay#,IE;;;;;;;-10.0
Utgifter;empty;Lönekonto;Rörligt;Mat;empty;empty;empty;STORA COOP SISJON,ASKIM,SE;;;;;;;-161.4
Utgifter;empty;Lönekonto;Rörligt;Boende;empty;empty;empty;BAUHAUS SISJON,VESTRA FROLUN,SE;;;;;;;-119.9
Inkomster;empty;Lönekonto;Rörligt;Boende;empty;empty;empty;FLÄKTPLATTA;;;;;;;120.0
Inkomster;empty;Lönekonto;Rörligt;Mat;empty;empty;empty;MAT WILLY;;;;;;;295.0
Inkomster;empty;Lönekonto;Rörligt;Övrigt;empty;empty;empty;MAT VIRSERUM;;;;;;;303.0
Utgifter;empty;Lönekonto;Rörligt;Mat;empty;empty;empty;ICA KVANTUM FROLUNDA,VASTRA FROLUN,SE;;;;;;;-134.75
Utgifter;empty;Lönekonto;Rörligt;Mat;empty;empty;empty;MR GATSBY PIZZERIA,ASKIM,SE;;;;;;;-90.0
Utgifter;empty;Lönekonto;Rörligt;Övrigt;empty;empty;empty;PA SPARET,VIMMERBY,SE;;;;;;;-20.0
Utgifter;empty;Lönekonto;Rörligt;Övrigt;empty;empty;empty;MICROSOFT*MICROSOFT 365 P,MSBILL.INFO,IE;;;;;;;-64.99
Utgifter;empty;Lönekonto;Rörligt;Transport;empty;empty;empty;Vasttrafik AB,Goteborg,SE;;;;;;;-30.0
Utgifter;empty;Lönekonto;Rörligt;Övrigt;empty;empty;empty;NYA*Toalett,46031920985,SE;;;;;;;-10.0
Utgifter;empty;Lönekonto;Rörligt;Mat;empty;empty;empty;7-ELEVEN 4324101,GOTEBORG,SE;;;;;;;-74.0
Utgifter;empty;Lönekonto;Rörligt;Mat;empty;empty;empty;7-ELEVEN 4324101,GOTEBORG,SE;;;;;;;-28.0
Utgifter;empty;Lönekonto;Rörligt;Mat;empty;empty;empty;ESPRESSO HOUSE 317,NASSJO,SE;;;;;;;-79.0
Utgifter;empty;Lönekonto;Rörligt;Mat;empty;empty;empty;ICA NARA KRYSSET  VIRSERU,VIRSERUM,SE;;;;;;;-136.85
Utgifter;empty;Lönekonto;Rörligt;Mat;empty;empty;empty;ICA NARA KRYSSET  VIRSERU,VIRSERUM,SE;;;;;;;-167.7
Utgifter;empty;Lönekonto;Rörligt;Mat;empty;empty;empty;PRESSBYRAN 4128810,GOTEBORG,SE;;;;;;;-24.0
Utgifter;empty;Lönekonto;Rörligt;Mat;empty;empty;empty;PRALINEHUSET H.R AB,GOTEBORG,SE;;;;;;;-129.0
Utgifter;empty;Lönekonto;Rörligt;Mat;empty;empty;empty;BURGER KING JAR,GOTEBORG,SE;;;;;;;-87.0
Utgifter;empty;Lönekonto;Rörligt;Transport;empty;empty;empty;TAXI GOTEBORG,GOTEBORG,SE;;;;;;;-413.0
Utgifter;empty;Lönekonto;Rörligt;Sjukvård;empty;empty;empty;APOTEKSHOP CENTRALEN,GOETEBORG,SE;;;;;;;-99.0
Inkomster;empty;Lönekonto;Rörligt;Transport;empty;empty;empty;Taxi;;;;;;;413.0
Inkomster;empty;Lönekonto;Rörligt;Sjukvård;empty;empty;empty;Conpeed apotek;;;;;;;99.0
Inkomster;empty;Lönekonto;Rörligt;Presenter;empty;empty;empty;Presenter;;;;;;;1814.0
Utgifter;empty;Lönekonto;Rörligt;Mat;empty;empty;empty;STORA COOP SISJON,ASKIM,SE;;;;;;;-161.95
Utgifter;empty;Lönekonto;Rörligt;Presenter;empty;empty;empty;AKADEMIBOKHANDE,GOTEBORG,SE;;;;;;;-249.0
Utgifter;empty;Lönekonto;Rörligt;Presenter;empty;empty;empty;AKADEMIBOKHANDE,VASTRA FROLU,SE;;;;;;;-299.0
Utgifter;empty;Lönekonto;Rörligt;Presenter;empty;empty;empty;AKADEMIBOKHANDE,VASTRA FROLU,SE;;;;;;;-103.2
Utgifter;empty;Lönekonto;Rörligt;Presenter;empty;empty;empty;KICKS V FROELUNDA,VAESTRA FROEL,SE;;;;;;;-215.6
Inkomster;empty;Lönekonto;Fasta;Mobil;empty;empty;empty;Mobil;;;;;;;150.0
Inkomster;empty;Lönekonto;Rörligt;Mat;empty;empty;empty;Mat;;;;;;;200.0
Utgifter;empty;Lönekonto;Rörligt;Mat;empty;empty;empty;JOHN SCOTT'S,MOLNDAL,SE;;;;;;;-130.0
Utgifter;empty;Lönekonto;Rörligt;Mat;empty;empty;empty;JOHN SCOTT'S,MOLNDAL,SE;;;;;;;-167.0
Utgifter;empty;Lönekonto;Rörligt;Mat;empty;empty;empty;JOHN SCOTT'S,MOLNDAL,SE;;;;;;;-134.0
Utgifter;empty;Lönekonto;Rörligt;Övrigt;empty;empty;empty;KJELL & CO 51,VASTRA FROLUN,SE;;;;;;;-349.9
Utgifter;empty;Lönekonto;Rörligt;Mat;empty;empty;empty;MR GATSBY PIZZERIA,ASKIM,SE;;;;;;;-90.0
Utgifter;empty;Lönekonto;Rörligt;Övrigt;empty;empty;empty;NETFLIX.COM,Amsterdam,NL;;;;;;;-89.0
Utgifter;empty;Lönekonto;Rörligt;Sjukvård;empty;empty;empty;HALLON.SE,STOCKHOLM,SE;;;;;;;-99.0
Utgifter;empty;Lönekonto;Rörligt;Sjukvård;empty;empty;empty;HALLON.SE,STOCKHOLM,SE;;;;;;;-49.0
Utgifter;empty;Lönekonto;Rörligt;Övrigt;empty;empty;empty;Swish till SF Anytime AB;;;;;;;-49.0
Inkomster;empty;Lönekonto;Rörligt;Boende;empty;empty;empty;BAUHAUS;;;;;;180.0
Inkomster;empty;Lönekonto;Rörligt;Mat;empty;empty;empty;MAT WILLYS;;;;;;950.0
Utgifter;empty;Lönekonto;Rörligt;Boende;empty;empty;empty;BAUHAUS SISJON,VESTRA FROLUN,SE;;;;;;-183.95
Utgifter;empty;Lönekonto;Rörligt;Mat;empty;empty;empty;MCDONALDS MOLND,MOLNDAL,SE;;;;;;-81.0
Utgifter;empty;Lönekonto;Rörligt;Transport;empty;empty;empty;PARKERINGSBOLAGET,GOTEBORG,SE;;;;;;-8.0
Utgifter;empty;Lönekonto;Rörligt;Transport;empty;empty;empty;PREEM,ASKIM,SE;;;;;;-817.14
Utgifter;empty;Lönekonto;Fasta;Spara;empty;empty;empty;Överf ISK;;;;;;-500.0
Utgifter;empty;Lönekonto;Fasta;Spara;empty;empty;empty;Överf ISK;;;;;;-500.0
Utgifter;empty;Lönekonto;Rörligt;Övrigt;empty;empty;empty;MAXI ICA STORMARKNAD HOGS,VASTRA FROLUN,SE;;;;;;-936.81
Utgifter;empty;Lönekonto;Rörligt;Övrigt;empty;empty;empty;9023.94.307.61;;;;;;-2000.0
Utgifter;empty;Lönekonto;Rörligt;Övrigt;empty;empty;empty;IKANO BANK AB - PREEM;;;;;;-1000.0
Inkomster;empty;Lönekonto;Rörligt;Mat;empty;empty;empty;MAT;;;;;;118.0
Inkomster;empty;Lönekonto;Rörligt;Sjukvård;empty;empty;empty;CORONA TEST;;;;;;495.0
Utgifter;empty;Lönekonto;Rörligt;Mat;empty;empty;empty;ICA KVANTUM FROLUNDA,VASTRA FROLUN,SE;;;;;;-118.26
Utgifter;empty;Lönekonto;Rörligt;Sjukvård;empty;empty;empty;KRY.SE,STOCKHOLM,SE;;;;;;-495.0
Utgifter;empty;Lönekonto;Rörligt;Mat;empty;empty;empty;9025.19.457.76;;;;;;-9000.0
Utgifter;empty;Lönekonto;Rörligt;Spara;empty;empty;empty;Avbetalning bil Fredrik;;;;;;-1000.0
Utgifter;empty;Lönekonto;Rörligt;Räkningar;empty;empty;empty;9023.78.887.28;;;;;;-15000.0
Utgifter;empty;Lönekonto;Rörligt;Övrigt;empty;empty;empty;SwishPaymentMessage;;;;;;-100.0
Utgifter;empty;Lönekonto;Rörligt;Övrigt;empty;empty;empty;Spotify P10409D9E4,Stockholm,SE;;;;;;-99.0
Inkomster;empty;Lönekonto;Fasta;Lön;empty;empty;empty;Löneinsättning;;;;;;32813.0
Utgifter;empty;Lönekonto;Rörligt;Övrigt;empty;empty;empty;SwishPaymentMessage;;;;;;-100.0
Inkomster;empty;Lönekonto;Rörligt;Mat;empty;empty;empty;Mat virserum;;;;;;140.0
Utgifter;empty;Lönekonto;Rörligt;Transport;empty;empty;empty;MCDONALDS FROLU,VASTRA FROLUN,SE;;;;;;-77.0
Utgifter;empty;Lönekonto;Rörligt;Mat;empty;empty;empty;STORA COOP SISJON,ASKIM,SE;;;;;;-77.9
Inkomster;empty;Lönekonto;Rörligt;Bidrag;empty;empty;empty;TILL G & F;;;;;;2000.0
Utgifter;empty;Lönekonto;Rörligt;Övrigt;empty;empty;empty;SwishPaymentMessage;;;;;;-100.0
Inkomster;empty;Lönekonto;Rörligt;Övrigt;empty;empty;empty;Fredrik Moberg;;;;;;1.0
Inkomster;empty;Lönekonto;Rörligt;Övrigt;empty;empty;empty;Fredrik Moberg;;;;;;11.0
Inkomster;empty;Lönekonto;Rörligt;Övrigt;empty;empty;empty;Fredrik Moberg;;;;;;35.0
Inkomster;empty;Lönekonto;Rörligt;Övrigt;empty;empty;empty;Fredrik Moberg;;;;;;50.0
Utgifter;empty;Lönekonto;Rörligt;Mat;empty;empty;empty;WILLYS SISJON,ASKIM,SE;;;;;;-412.42
Utgifter;empty;Lönekonto;Rörligt;Mat;empty;empty;empty;ICA KVANTUM FROLUNDA,VASTRA FROLUN,SE;;;;;;-114.17
Inkomster;empty;Lönekonto;Rörligt;Övrigt;empty;empty;empty;Fredrik Moberg;;;;;;500.0
Utgifter;empty;Lönekonto;Rörligt;Sjukvård;empty;empty;empty;APOTEK HJARTAT ICA MAXI H,VASTRA FROLUN,SE;;;;;;-167.9
Utgifter;empty;Lönekonto;Rörligt;Mat;empty;empty;empty;STORA COOP SISJON,ASKIM,SE;;;;;;-197.35
Inkomster;empty;Lönekonto;Rörligt;Sjukvård;empty;empty;empty;Compeed igen;;;;;;100.0
Inkomster;empty;Lönekonto;Rörligt;Sjukvård;empty;empty;empty;Compeed;;;;;;200.0
Utgifter;empty;Lönekonto;Rörligt;Boende;empty;empty;empty;PLANTAGEN ASKIM,ASKIM,SE;;;;;;-378.8
Utgifter;empty;Lönekonto;Rörligt;Mat;empty;empty;empty;SOTA BAR SWEDEN AB,KUNGALV,SE;;;;;;-100.0
Utgifter;empty;Lönekonto;Rörligt;Mat;empty;empty;empty;STORA COOP SISJON,ASKIM,SE;;;;;;-387.6
Inkomster;empty;Lönekonto;Rörligt;Övrigt;empty;empty;empty;Fredrik Moberg;;;;;;142.0
Utgifter;empty;Lönekonto;Rörligt;Mat;empty;empty;empty;SYSTEMBOLAGET ASKIM,ASKIM,SE;;;;;;-644.4
Utgifter;empty;Lönekonto;Rörligt;Övrigt;empty;empty;empty;Storytel Sweden AB,Stockholm,SE;;;;;;-169.0
Inkomster;empty;Lönekonto;Rörligt;Övrigt;empty;empty;empty;Fredrik Moberg;;;;;;500.0
Utgifter;empty;Lönekonto;Rörligt;Övrigt;empty;empty;empty;MAXI ICA STORMARKNAD HOGS,VASTRA FROLUN,SE;;;;;;-3174.63
Utgifter;empty;Lönekonto;Rörligt;Transport;empty;empty;empty;PREEM,ASKIM,SE;;;;;;-802.4
Utgifter;empty;Lönekonto;Rörligt;Presenter;empty;empty;empty;MYCASE-PODRUZNICA ZAGR,ZAGREB,HR;;;;;;-267.37
Utgifter;empty;Lönekonto;Rörligt;Övrigt;empty;empty;empty;GP.SE,INTERNET,SE;;;;;;-49.0
Inkomster;empty;Lönekonto;Rörligt;Övrigt;empty;empty;empty;Fredrik Moberg;;;;;;1000.0
Inkomster;empty;Lönekonto;Rörligt;Mat;empty;empty;empty;Mat midsommar;;;;;;3200.0
Utgifter;empty;Lönekonto;Rörligt;Mat;empty;empty;empty;STORA COOP SISJON,ASKIM,SE;;;;;;-192.0
Inkomster;empty;Lönekonto;Rörligt;Presenter;empty;empty;empty;Mobilskal Gustaf;;;;;;200.0
Utgifter;empty;Lönekonto;Rörligt;Övrigt;empty;empty;empty;K*Ian & Burt;;;;;;-258.0
Utgifter;empty;Lönekonto;Rörligt;Boende;empty;empty;empty;RUSTA SISJON 46,ASKIM,SE;;;;;;-697.6
Utgifter;empty;Lönekonto;Rörligt;Mat;empty;empty;empty;ICA KVANTUM FROLUNDA,VASTRA FROLUN,SE;;;;;;-270.5
Utgifter;empty;Lönekonto;Rörligt;Transport;empty;empty;empty;MCDONALDS FROLU,VASTRA FROLUN,SE;;;;;;-77.0
Utgifter;empty;Lönekonto;Rörligt;Övrigt;empty;empty;empty;IKANO BANK AB - PREEM;;;;;;-3000.0
Inkomster;empty;Lönekonto;Rörligt;Mat;empty;empty;empty;Mat;;;;;;270.0
Inkomster;empty;Lönekonto;Rörligt;Mat;empty;empty;empty;Mat;;;;;;192.0
Inkomster;empty;Lönekonto;Rörligt;Boende;empty;empty;empty;Lakan;;;;;;700.0
Utgifter;empty;Lönekonto;Rörligt;Mat;empty;empty;empty;COOP KONSUM VIRSERUM,VIRSERUM,SE;;;;;;-178.0
Inkomster;empty;Lönekonto;Fasta;Mobil;empty;empty;empty;Mat coop;;;;;;178.0
Inkomster;empty;Lönekonto;Fasta;Mobil;empty;empty;empty;Mat coop;;;;;;485.0
Utgifter;empty;Lönekonto;Rörligt;Mat;empty;empty;empty;COOP KONSUM VIRSERUM,VIRSERUM,SE;;;;;;-485.7
Utgifter;empty;Lönekonto;Rörligt;Övrigt;empty;empty;empty;Microsoft*Microsoft 365 P,msbill.info,IE;;;;;;-64.99
Utgifter;empty;Lönekonto;Rörligt;Övrigt;empty;empty;empty;MAXI ICA STORMARKNAD HOGS,VASTRA FROLUN,SE;;;;;;-99.0
Inkomster;empty;Lönekonto;Rörligt;Skatt;empty;empty;empty;SK7512235974;;;;;;2453.0
Inkomster;empty;Lönekonto;Rörligt;Boende;empty;empty;empty;BAUHAUS SISJON,VESTRA FROLUN,SE;;;;;;329.0
Utgifter;empty;Lönekonto;Rörligt;Boende;empty;empty;empty;BAUHAUS SISJON,VESTRA FROLUN,SE;;;;;;-299.0
Utgifter;empty;Lönekonto;Rörligt;Boende;empty;empty;empty;BAUHAUS SISJON,VESTRA FROLUN,SE;;;;;;-329.0
Utgifter;empty;Lönekonto;Rörligt;Boende;empty;empty;empty;BAUHAUS SISJON,VESTRA FROLUN,SE;;;;;;-315.9
Inkomster;empty;Lönekonto;Rörligt;Övrigt;empty;empty;empty;Kylväska;;;;;;300.0
Inkomster;empty;Lönekonto;Rörligt;Mat;empty;empty;empty;Mat;;;;;;1200.0
Utgifter;empty;Lönekonto;Rörligt;Mat;empty;empty;empty;WILLYS SISJON,ASKIM,SE;;;;;;-1168.47
Utgifter;empty;Lönekonto;Rörligt;Transport;empty;empty;empty;PREEM,ASKIM,SE;;;;;;-903.97
Utgifter;empty;Lönekonto;Rörligt;Sjukvård;empty;empty;empty;APOTEK HJARTAT ICA MAXI H,VASTRA FROLUN,SE;;;;;;-263.49
Utgifter;empty;Lönekonto;Rörligt;Mat;empty;empty;empty;MCDONALDS MOLND,MOLNDAL,SE;;;;;;-77.0
Utgifter;empty;Lönekonto;Rörligt;Transport;empty;empty;empty;OKQ8,VASTRA FROLUN,SE;;;;;;-61.0
Utgifter;empty;Lönekonto;Rörligt;Transport;empty;empty;empty;OKQ8,VASTRA FROLUN,SE;;;;;;-8386.0
Utgifter;empty;Lönekonto;Rörligt;Övrigt;empty;empty;empty;MAXI ICA STORMARKNAD HOGS,VASTRA FROLUN,SE;;;;;;-1635.47
Utgifter;empty;Lönekonto;Rörligt;Mat;empty;empty;empty;ICA KVANTUM HOVAS,HOVAS,SE;;;;;;-194.6
Utgifter;empty;Lönekonto;Rörligt;Övrigt;empty;empty;empty;Gustaf Moberg;;;;;;-100.0
Utgifter;empty;Lönekonto;Rörligt;Presenter;empty;empty;empty;BESIKTA BILPROV,STOCKHOLM,SE;;;;;;-319.0
Inkomster;empty;Lönekonto;Rörligt;Mat;empty;empty;empty;Mat;;;;;;1700.0
Inkomster;empty;Lönekonto;Rörligt;Övrigt;empty;empty;empty;Fredrik Moberg;;;;;;2000.0
Inkomster;empty;Lönekonto;Rörligt;Övrigt;empty;empty;empty;Fredrik Moberg;;;;;;2000.0
Utgifter;empty;Lönekonto;Rörligt;Övrigt;empty;empty;empty;NETFLIX.COM,Amsterdam,NL;;;;;;-89.0
Utgifter;empty;Lönekonto;Rörligt;Boende;empty;empty;empty;BAUHAUS SISJON,VESTRA FROLUN,SE;;;;;;-251.9
Utgifter;empty;Lönekonto;Rörligt;Övrigt;empty;empty;empty;Gustaf Moberg;;;;;;-50.0
Utgifter;empty;Lönekonto;Rörligt;Transport;empty;empty;empty;MCDONALDS FROLU,VASTRA FROLUN,SE;;;;;;-201.0
Utgifter;empty;Lönekonto;Rörligt;Övrigt;empty;empty;empty;MAXI ICA STORMARKNAD HOGS,VASTRA FROLUN,SE;;;;;;-333.65
Utgifter;empty;Lönekonto;Rörligt;Mat;empty;empty;empty;ICA KVANTUM FROLUNDA,VASTRA FROLUN,SE;;;;;;-156.65
Utgifter;empty;Lönekonto;Rörligt;Mat;empty;empty;empty;ICA KVANTUM FROLUNDA,VASTRA FROLUN,SE;;;;;;-265.49
Utgifter;empty;Lönekonto;Rörligt;Sjukvård;empty;empty;empty;HALLON.SE,STOCKHOLM,SE;;;;;;-49.0
Utgifter;empty;Lönekonto;Rörligt;Sjukvård;empty;empty;empty;HALLON.SE,STOCKHOLM,SE;;;;;;-99.0
Utgifter;empty;Lönekonto;Rörligt;Presenter;empty;empty;empty;BESIKTA BILPROV,STOCKHOLM,SE;;;;;;-449.0
Utgifter;empty;Lönekonto;Rörligt;Övrigt;empty;empty;empty;Swish till SF Anytime AB;;;;;;-39.0
Inkomster;empty;Lönekonto;Rörligt;Boende;empty;empty;empty;VENTIL;;;;;;251.0
Inkomster;empty;Lönekonto;Rörligt;Boende;empty;empty;empty;BESIKTNING;;;;;;449.0
Inkomster;empty;Lönekonto;Rörligt;Mat;empty;empty;empty;MAT;;;;;;753.0
Inkomster;empty;Lönekonto;Rörligt;Övrigt;empty;empty;empty;MAT VIRSERUM;;;;;;627.0
Utgifter;empty;Lönekonto;Rörligt;Transport;empty;empty;empty;MCDONALDS FROLU,VASTRA FROLUN,SE;;;;;;-77.0
Utgifter;empty;Lönekonto;Rörligt;Boende;empty;empty;empty;CIRCLE K ASKIM,ASKIM,SE;;;;;;-83.0
Utgifter;empty;Lönekonto;Rörligt;Transport;empty;empty;empty;PARKERINGSBOLAGET,GOTEBORG,SE;;;;;;-27.0
Utgifter;empty;Lönekonto;Rörligt;Mat;empty;empty;empty;MCDONALDS MOLND,MOLNDAL,SE;;;;;-77.0
Utgifter;empty;Lönekonto;Rörligt;Mat;empty;empty;empty;CIRCLE K MOLNDAL SODERLED,MOLNDAL,SE;;;;;-46.0
Utgifter;empty;Lönekonto;Rörligt;Mat;empty;empty;empty;ICA NARA KRYSSET  VIRSERU,VIRSERUM,SE;;;;;-205.1
Utgifter;empty;Lönekonto;Rörligt;Mat;empty;empty;empty;COOP KONSUM VIRSERUM,VIRSERUM,SE;;;;;-422.6
Utgifter;empty;Lönekonto;Fasta;Spara;empty;empty;empty;Överf ISK;;;;;-500.0
Utgifter;empty;Lönekonto;Fasta;Spara;empty;empty;empty;Överf ISK;;;;;-500.0
Utgifter;empty;Lönekonto;Rörligt;Fritid;empty;empty;empty;Kläder Freja Moberg;;;;;-778.0
Utgifter;empty;Lönekonto;Rörligt;Mat;empty;empty;empty;9025.19.457.76;;;;;-9000.0
Utgifter;empty;Lönekonto;Rörligt;Spara;empty;empty;empty;Avbetalning bil Fredrik;;;;;-1000.0
Utgifter;empty;Lönekonto;Rörligt;Räkningar;empty;empty;empty;9023.78.887.28;;;;;-15000.0
Utgifter;empty;Lönekonto;Rörligt;Övrigt;empty;empty;empty;STADIUM SISJON,ASKIM,SE;;;;;-798.0
Utgifter;empty;Lönekonto;Rörligt;Boende;empty;empty;empty;JULA AB,ASKIM,SE;;;;;-957.4
Utgifter;empty;Lönekonto;Rörligt;Boende;empty;empty;empty;RUSTA SISJON 46,ASKIM,SE;;;;;-433.8
Inkomster;empty;Lönekonto;Rörligt;Boende;empty;empty;empty;BAUHAUS SISJON,VESTRA FROLUN,SE;;;;;149.0
Utgifter;empty;Lönekonto;Rörligt;Mat;empty;empty;empty;MCDONALDS MOLND,MOLNDAL,SE;;;;;-77.0
Utgifter;empty;Lönekonto;Rörligt;Mat;empty;empty;empty;WILLYS SISJON,ASKIM,SE;;;;;-396.88
Utgifter;empty;Lönekonto;Rörligt;Transport;empty;empty;empty;PARKERINGSBOLAGET,GOTEBORG,SE;;;;;-2.0
Inkomster;empty;Lönekonto;Rörligt;Övrigt;empty;empty;empty;MAXI ICA STORMARKNAD HOGS,VASTRA FROLUN,SE;;;;;99.0
Utgifter;empty;Lönekonto;Rörligt;Övrigt;empty;empty;empty;MAXI ICA STORMARKNAD HOGS,VASTRA FROLUN,SE;;;;;-430.25
Utgifter;empty;Lönekonto;Rörligt;Övrigt;empty;empty;empty;MAXI ICA STORMARKNAD HOGS,VASTRA FROLUN,SE;;;;;-1736.9
Utgifter;empty;Lönekonto;Rörligt;Mat;empty;empty;empty;MR GATSBY PIZZERIA,ASKIM,SE;;;;;-90.0
Inkomster;empty;Lönekonto;Rörligt;Övrigt;empty;empty;empty;Bodil Karlsson;;;;;500.0
Inkomster;empty;Lönekonto;Rörligt;Övrigt;empty;empty;empty;Fredrik Moberg;;;;;500.0
Utgifter;empty;Lönekonto;Rörligt;Boende;empty;empty;empty;BAUHAUS SISJON,VESTRA FROLUN,SE;;;;;-500.75
Utgifter;empty;Lönekonto;Rörligt;Mat;empty;empty;empty;ICA KVANTUM FROLUNDA,VASTRA FROLUN,SE;;;;;-274.19
Inkomster;empty;Lönekonto;Rörligt;Övrigt;empty;empty;empty;Fredrik Moberg;;;;;3400.0
Inkomster;empty;Lönekonto;Rörligt;Övrigt;empty;empty;empty;Fredrik Moberg;;;;;40.0
Inkomster;empty;Lönekonto;Rörligt;Fritid;empty;empty;empty;Sovsäck;;;;;599.0
Inkomster;empty;Lönekonto;Rörligt;Bidrag;empty;empty;empty;FKASSA;;;;;1797.0
Inkomster;empty;Lönekonto;Fasta;Lön;empty;empty;empty;Löneinsättning;;;;;33944.0
Inkomster;empty;Lönekonto;Rörligt;Övrigt;empty;empty;empty;Freja borste;;;;;200.0
Inkomster;empty;Lönekonto;Rörligt;Övrigt;empty;empty;empty;Fredrik Moberg;;;;;500.0
Inkomster;empty;Lönekonto;Rörligt;Övrigt;empty;empty;empty;Snabböverföring;;;;;300.0
Utgifter;empty;Lönekonto;Rörligt;Mat;empty;empty;empty;STORA COOP SISJON,ASKIM,SE;;;;;-327.7
Utgifter;empty;Lönekonto;Rörligt;Mat;empty;empty;empty;BAUHAUS GOTEBORG,HISINGSBACKA,SE;;;;;-347.9
Utgifter;empty;Lönekonto;Rörligt;Övrigt;empty;empty;empty;Spotify P0FCFC7EE8,Stockholm,SE;;;;;-99.0
Inkomster;empty;Lönekonto;Rörligt;Övrigt;empty;empty;empty;Snabböverföring;;;;;200.0
Utgifter;empty;Lönekonto;Rörligt;Boende;empty;empty;empty;BAUHAUS SISJON,VESTRA FROLUN,SE;;;;;-112.26
Utgifter;empty;Lönekonto;Rörligt;Transport;empty;empty;empty;MCDONALDS FROLU,VASTRA FROLUN,SE;;;;;-77.0
Utgifter;empty;Lönekonto;Rörligt;Övrigt;empty;empty;empty;Storytel Sweden AB,Stockholm,SE;;;;;-169.0
Utgifter;empty;Lönekonto;Rörligt;Boende;empty;empty;empty;BILTEMA SWEDEN SISJON 164,VESTRA FROLUN,SE;;;;;-135.0
Utgifter;empty;Lönekonto;Rörligt;Boende;empty;empty;empty;CIRCLE K ASKIM,ASKIM,SE;;;;;-69.9
Utgifter;empty;Lönekonto;Rörligt;Transport;empty;empty;empty;INGO ASKIM SISJON,GOTEBORG,SE;;;;;-480.58
Utgifter;empty;Lönekonto;Rörligt;Boende;empty;empty;empty;BAUHAUS SISJON,VESTRA FROLUN,SE;;;;;-630.8
Inkomster;empty;Lönekonto;Fasta;Boende;empty;empty;empty;Bauhaus;;;;;1000.0
Inkomster;empty;Lönekonto;Rörligt;Övrigt;empty;empty;empty;Fredrik Moberg;;;;;1000.0
Utgifter;empty;Lönekonto;Rörligt;Transport;empty;empty;empty;MCDONALDS FROLU,VASTRA FROLUN,SE;;;;;-77.0
Utgifter;empty;Lönekonto;Rörligt;Mat;empty;empty;empty;ICA KVANTUM FROLUNDA,VASTRA FROLUN,SE;;;;;-162.65
Inkomster;empty;Lönekonto;Rörligt;Övrigt;empty;empty;empty;Fredrik Moberg;;;;;300.0
Utgifter;empty;Lönekonto;Rörligt;Boende;empty;empty;empty;BILTEMA SWEDEN SISJON 164,VESTRA FROLUN,SE;;;;;-202.5
Utgifter;empty;Lönekonto;Rörligt;Övrigt;empty;empty;empty;Swish till SF Anytime AB;;;;;-49.0
Utgifter;empty;Lönekonto;Rörligt;Övrigt;empty;empty;empty;IKANO BANK AB - PREEM;;;;;-500.0
Utgifter;empty;Lönekonto;Rörligt;Mat;empty;empty;empty;MCDONALDS MOLND,MOLNDAL,SE;;;;;-77.0
Utgifter;empty;Lönekonto;Rörligt;Mat;empty;empty;empty;WILLYS SISJON,ASKIM,SE;;;;;-609.35
Utgifter;empty;Lönekonto;Rörligt;Sjukvård;empty;empty;empty;KD APOTEK,ASKIM,SE;;;;;-65.0
Utgifter;empty;Lönekonto;Rörligt;Sjukvård;empty;empty;empty;KD APOTEK,ASKIM,SE;;;;;-419.0
Inkomster;empty;Lönekonto;Rörligt;Mat;empty;empty;empty;Mat;;;;;1500.0
Inkomster;empty;Lönekonto;Rörligt;Övrigt;empty;empty;empty;Fredrik Moberg;;;;;400.0
Utgifter;empty;Lönekonto;Rörligt;Sjukvård;empty;empty;empty;APOTEK HJARTAT ICA MAXI H,VASTRA FROLUN,SE;;;;;-357.9
Utgifter;empty;Lönekonto;Rörligt;Mat;empty;empty;empty;STORA COOP SISJON,ASKIM,SE;;;;;-291.69
Utgifter;empty;Lönekonto;Rörligt;Boende;empty;empty;empty;BAUHAUS SISJON,VESTRA FROLUN,SE;;;;;-2148.8
Utgifter;empty;Lönekonto;Rörligt;Övrigt;empty;empty;empty;Microsoft*Microsoft 365 P,msbill.info,IE;;;;;-64.99
Utgifter;empty;Lönekonto;Rörligt;Mat;empty;empty;empty;MCDONALDS MOLND,MOLNDAL,SE;;;;;-197.0
Inkomster;empty;Lönekonto;Rörligt;Boende;empty;empty;empty;Lister;;;;;2500.0
Utgifter;empty;Lönekonto;Rörligt;Mat;empty;empty;empty;WILLYS SISJON,ASKIM,SE;;;;;-1487.85
Utgifter;empty;Lönekonto;Rörligt;Boende;empty;empty;empty;CIRCLE K ASKIM,ASKIM,SE;;;;;-18.9
Utgifter;empty;Lönekonto;Rörligt;Boende;empty;empty;empty;BILTEMA SWEDEN SISJON 164,VESTRA FROLUN,SE;;;;;-99.9
Inkomster;empty;Lönekonto;Rörligt;Övrigt;empty;empty;empty;Fredrik Moberg;;;;;2000.0
Inkomster;empty;Lönekonto;Rörligt;Övrigt;empty;empty;empty;Snabböverföring;;;;;100.0
Utgifter;empty;Lönekonto;Rörligt;Mat;empty;empty;empty;STORA COOP BACKEBOL,HISINGSBACKA,SE;;;;;-215.85
Utgifter;empty;Lönekonto;Rörligt;Mat;empty;empty;empty;BAUHAUS GOTEBORG,HISINGSBACKA,SE;;;;;-686.0
Utgifter;empty;Lönekonto;Rörligt;Boende;empty;empty;empty;BAUHAUS SISJON,VESTRA FROLUN,SE;;;;;-74.95
Utgifter;empty;Lönekonto;Rörligt;Övrigt;empty;empty;empty;Billogram / faktura;;;;;-1910.0
Inkomster;empty;Lönekonto;Rörligt;Mat;empty;empty;empty;FREDRIK MOBERG;;;;;1900.0
Inkomster;empty;Lönekonto;Rörligt;Boende;empty;empty;empty;Lister;;;;;1000.0
Utgifter;empty;Lönekonto;Rörligt;Mat;empty;empty;empty;MCDONALDS MOLND,MOLNDAL,SE;;;;;-77.0
Utgifter;empty;Lönekonto;Rörligt;Boende;empty;empty;empty;CLAS OHLSON,ASKIM,SE;;;;;-479.0
Utgifter;empty;Lönekonto;Rörligt;Mat;empty;empty;empty;MCDONALDS MOLND,MOLNDAL,SE;;;;;-77.0
Utgifter;empty;Lönekonto;Rörligt;Presenter;empty;empty;empty;HM SE0249,Vaestra Froel,SE;;;;;-298.0
Inkomster;empty;Lönekonto;Rörligt;Kläder;empty;empty;empty;Kläder barnen;;;;;300.0
Utgifter;empty;Lönekonto;Rörligt;Kläder;empty;empty;empty;SPORTSHOPEN SIS,ASKIM,SE;;;;;-499.0
Utgifter;empty;Lönekonto;Rörligt;Övrigt;empty;empty;empty;NETFLIX.COM,Amsterdam,NL;;;;;-89.0
Utgifter;empty;Lönekonto;Rörligt;Boende;empty;empty;empty;BILTEMA SWEDEN SISJON 164,VESTRA FROLUN,SE;;;;;-145.0
Utgifter;empty;Lönekonto;Rörligt;Sjukvård;empty;empty;empty;HALLON.SE,STOCKHOLM,SE;;;;;-49.0
Utgifter;empty;Lönekonto;Rörligt;Boende;empty;empty;empty;BAUHAUS SISJON,VESTRA FROLUN,SE;;;;;-1616.65
Utgifter;empty;Lönekonto;Rörligt;Sjukvård;empty;empty;empty;HALLON.SE,STOCKHOLM,SE;;;;;-49.0
Utgifter;empty;Lönekonto;Rörligt;Mat;empty;empty;empty;WILLYS SISJON,ASKIM,SE;;;;;-1016.05
Utgifter;empty;Lönekonto;Rörligt;Transport;empty;empty;empty;PREEM,ASKIM,SE;;;;;-523.2
Inkomster;empty;Lönekonto;Rörligt;Boende;empty;empty;empty;Listwr;;;;;3000.0
Utgifter;empty;Lönekonto;Rörligt;Mat;empty;empty;empty;STORA COOP SISJON,ASKIM,SE;;;;;-331.45
Utgifter;empty;Lönekonto;Rörligt;Boende;empty;empty;empty;BYGGMAX/1216,ASKIM,SE;;;;;-1487.08
Utgifter;empty;Lönekonto;Fasta;Spara;empty;empty;empty;Överf ISK;;;;-500.0
Utgifter;empty;Lönekonto;Rörligt;Boende;empty;empty;empty;BYGGMAX/1216,ASKIM,SE;;;;-29.95
Utgifter;empty;Lönekonto;Rörligt;Boende;empty;empty;empty;BYGGMAX/1216,ASKIM,SE;;;;-3717.7
Utgifter;empty;Lönekonto;Rörligt;Boende;empty;empty;empty;BYGGMAX/1203,KALLERED,SE;;;;-327.0
Inkomster;empty;Lönekonto;Rörligt;Boende;empty;empty;empty;Golv;;;;4000.0
Utgifter;empty;Lönekonto;Rörligt;Mat;empty;empty;empty;WILLYS SISJON,ASKIM,SE;;;;-2105.0
Utgifter;empty;Lönekonto;Rörligt;Sjukvård;empty;empty;empty;KD APOTEK,ASKIM,SE;;;;-393.0
Inkomster;empty;Lönekonto;Rörligt;Övrigt;empty;empty;empty;Fredrik Moberg;;;;1500.0
Inkomster;empty;Lönekonto;Rörligt;Sjukvård;empty;empty;empty;Mat o apotek;;;;2500.0
Utgifter;empty;Lönekonto;Fasta;Spara;empty;empty;empty;Överf ISK;;;;-500.0
Utgifter;empty;Lönekonto;Rörligt;Transport;empty;empty;empty;MCDONALDS FROLU,VASTRA FROLUN,SE;;;;-77.0
Utgifter;empty;Lönekonto;Rörligt;Mat;empty;empty;empty;STORA COOP SISJON,ASKIM,SE;;;;-200.8
Utgifter;empty;Lönekonto;Rörligt;Mat;empty;empty;empty;9025.19.457.76;;;;-9000.0
Utgifter;empty;Lönekonto;Rörligt;Spara;empty;empty;empty;Avbetalning bil Fredrik;;;;-1000.0
Utgifter;empty;Lönekonto;Rörligt;Räkningar;empty;empty;empty;9023.78.887.28;;;;-15000.0
Inkomster;empty;Lönekonto;Fasta;Lön;empty;empty;empty;Löneinsättning;;;;28449.0
Utgifter;empty;Lönekonto;Rörligt;Mat;empty;empty;empty;WILLYS SISJON,ASKIM,SE;;;;-1195.86
Utgifter;empty;Lönekonto;Rörligt;Presenter;empty;empty;empty;Star Stable NS9MQID1,Stockholm,SE;;;;-419.3
Utgifter;empty;Lönekonto;Rörligt;Spara;empty;empty;empty;9023.78.898.13;;;;-2000.0
Inkomster;empty;Lönekonto;Rörligt;Mat;empty;empty;empty;Nat;;;;1200.0
Inkomster;empty;Lönekonto;Rörligt;Övrigt;empty;empty;empty;Fredrik Moberg;;;;2000.0
Utgifter;empty;Lönekonto;Rörligt;Sjukvård;empty;empty;empty;KD APOTEK,ASKIM,SE;;;;-92.0
Utgifter;empty;Lönekonto;Rörligt;Övrigt;empty;empty;empty;Spotify P0F6A01D74,Stockholm,SE;;;;-99.0
Inkomster;empty;Lönekonto;Rörligt;Övrigt;empty;empty;empty;Fredrik Moberg;;;;400.0
Utgifter;empty;Lönekonto;Rörligt;Övrigt;empty;empty;empty;Freja hämtar bilnyckel;;;;-5.0
Utgifter;empty;Lönekonto;Rörligt;Övrigt;empty;empty;empty;Disk Stråtjära;;;;-10.0
Utgifter;empty;Lönekonto;Rörligt;Övrigt;empty;empty;empty;Däckbyte;;;;-20.0
Utgifter;empty;Lönekonto;Rörligt;Boende;empty;empty;empty;BYGGMAX/1216,ASKIM,SE;;;;-6691.86
Inkomster;empty;Lönekonto;Rörligt;Övrigt;empty;empty;empty;Fredrik Moberg;;;;6800.0
Utgifter;empty;Lönekonto;Rörligt;Transport;empty;empty;empty;PARKERINGSBOLAGET,GOTEBORG,SE;;;;-2.0
Utgifter;empty;Lönekonto;Rörligt;Mat;empty;empty;empty;WILLYS SISJON,ASKIM,SE;;;;-454.51
Utgifter;empty;Lönekonto;Fasta;Mobil;empty;empty;empty;bodil;;;;-240.0
Utgifter;empty;Lönekonto;Rörligt;Övrigt;empty;empty;empty;MAXI ICA STORMARKNAD HOGS,VASTRA FROLUN,SE;;;;-1612.35
Utgifter;empty;Lönekonto;Rörligt;Boende;empty;empty;empty;BAUHAUS SISJON,VESTRA FROLUN,SE;;;;-199.0
Utgifter;empty;Lönekonto;Rörligt;Transport;empty;empty;empty;MCDONALDS FROLU,VASTRA FROLUN,SE;;;;-81.0
Utgifter;empty;Lönekonto;Rörligt;Transport;empty;empty;empty;WWW.BILTEMA.COM,HELSINGBORG,SE;;;;-213.8
Utgifter;empty;Lönekonto;Rörligt;Boende;empty;empty;empty;BILTEMA SWEDEN SISJON 164,VESTRA FROLUN,SE;;;;-79.9
Utgifter;empty;Lönekonto;Rörligt;Övrigt;empty;empty;empty;MAXI ICA STORMARKNAD HOGS,VASTRA FROLUN,SE;;;;-763.5
Utgifter;empty;Lönekonto;Rörligt;Övrigt;empty;empty;empty;MAXI ICA STORMARKNAD HOGS,VASTRA FROLUN,SE;;;;-1717.73
Inkomster;empty;Lönekonto;Rörligt;Övrigt;empty;empty;empty;Fredrik Moberg;;;;1500.0
Utgifter;empty;Lönekonto;Rörligt;Övrigt;empty;empty;empty;Microsoft*Office 365 Pers,msbill.info,IE;;;;-64.99
Utgifter;empty;Lönekonto;Rörligt;Boende;empty;empty;empty;BAUHAUS SISJON,VESTRA FROLUN,SE;;;;-129.0
Utgifter;empty;Lönekonto;Rörligt;Boende;empty;empty;empty;BAUHAUS SISJON,VESTRA FROLUN,SE;;;;-278.56
Utgifter;empty;Lönekonto;Rörligt;Övrigt;empty;empty;empty;Microsoft*Store,msbill.info,IE;;;;-10.0
Utgifter;empty;Lönekonto;Rörligt;Övrigt;empty;empty;empty;Microsoft*Store,msbill.info,IE;;;;-10.0
Utgifter;empty;Lönekonto;Rörligt;Övrigt;empty;empty;empty;Microsoft*Store,msbill.info,IE;;;;-10.0
Utgifter;empty;Lönekonto;Rörligt;Mat;empty;empty;empty;WILLYS SISJON,ASKIM,SE;;;;-239.04
Utgifter;empty;Lönekonto;Rörligt;Transport;empty;empty;empty;MCDONALDS FROLU,VASTRA FROLUN,SE;;;;-81.0
Inkomster;empty;Lönekonto;Rörligt;Boende;empty;empty;empty;Jord och gödsel;;;;400.0
Inkomster;empty;Lönekonto;Rörligt;Mat;empty;empty;empty;Mat;;;;2100.0
Utgifter;empty;Lönekonto;Rörligt;Övrigt;empty;empty;empty;MAXI ICA STORMARKNAD HOGS,VASTRA FROLUN,SE;;;;-2197.99
Utgifter;empty;Lönekonto;Rörligt;Sjukvård;empty;empty;empty;HALLON.SE,STOCKHOLM,SE;;;;-40.83
Utgifter;empty;Lönekonto;Rörligt;Mat;empty;empty;empty;ICA KVANTUM FROLUNDA,VASTRA FROLUN,SE;;;;-500.03
Utgifter;empty;Lönekonto;Rörligt;Boende;empty;empty;empty;BAUHAUS SISJON,VESTRA FROLUN,SE;;;;-202.85
Utgifter;empty;Lönekonto;Rörligt;Boende;empty;empty;empty;CIRCLE K ASKIM,ASKIM,SE;;;;-30.0
Utgifter;empty;Lönekonto;Rörligt;Transport;empty;empty;empty;PARKERINGSBOLAGET,GOTEBORG,SE;;;;-12.0
Inkomster;empty;Lönekonto;Rörligt;Kläder;empty;empty;empty;Regnkläder;;;;830.0
Inkomster;empty;Lönekonto;Rörligt;Boende;empty;empty;empty;Spade;;;;423.0
Inkomster;empty;Lönekonto;Rörligt;Sjukvård;empty;empty;empty;Apotek;;;;200.0
Inkomster;empty;Lönekonto;Rörligt;Mat;empty;empty;empty;Mat;;;;400.0
Utgifter;empty;Lönekonto;Rörligt;Mat;empty;empty;empty;ICA KVANTUM FROLUNDA,VASTRA FROLUN,SE;;;;-110.4
Utgifter;empty;Lönekonto;Rörligt;Boende;empty;empty;empty;BAUHAUS SISJON,VESTRA FROLUN,SE;;;;-423.95
Utgifter;empty;Lönekonto;Rörligt;Övrigt;empty;empty;empty;NETFLIX.COM,Amsterdam,NL;;;;-89.0
Utgifter;empty;Lönekonto;Rörligt;Övrigt;empty;empty;empty;STADIUM OUTLET,ASKIM,SE;;;;-830.0
Utgifter;empty;Lönekonto;Rörligt;Boende;empty;empty;empty;CIRCLE K ASKIM,ASKIM,SE;;;;-35.8
Utgifter;empty;Lönekonto;Rörligt;Sjukvård;empty;empty;empty;APOTEK HJARTAT ICA MAXI H,VASTRA FROLUN,SE;;;;-203.9
Utgifter;empty;Lönekonto;Rörligt;Mat;empty;empty;empty;ICA KVANTUM HOVAS,HOVAS,SE;;;;-277.58
Utgifter;empty;Lönekonto;Rörligt;Övrigt;empty;empty;empty;MAXI ICA STORMARKNAD HOGS,VASTRA FROLUN,SE;;;;-109.0
Utgifter;empty;Lönekonto;Rörligt;Sjukvård;empty;empty;empty;HALLON.SE,STOCKHOLM,SE;;;;-49.0
Utgifter;empty;Lönekonto;Rörligt;Transport;empty;empty;empty;MCDONALDS FROLU,VASTRA FROLUN,SE;;;;-199.0
Inkomster;empty;Lönekonto;Rörligt;Mat;empty;empty;empty;Mat;;;;1300.0
Utgifter;empty;Lönekonto;Rörligt;Övrigt;empty;empty;empty;UDEMY: ONLINE COURSES,DUBLIN 2,IE;;;;-270.7
Utgifter;empty;Lönekonto;Rörligt;Transport;empty;empty;empty;PARKERINGSBOLAGET,GOTEBORG,SE;;;;-79.0
Utgifter;empty;Lönekonto;Rörligt;Mat;empty;empty;empty;WILLYS SISJON,ASKIM,SE;;;;-1189.28
Utgifter;empty;Lönekonto;Rörligt;Transport;empty;empty;empty;MCDONALDS FROLU,VASTRA FROLUN,SE;;;;-84.0
Utgifter;empty;Lönekonto;Rörligt;Boende;empty;empty;empty;CIRCLE K ASKIM,ASKIM,SE;;;-55.0
Utgifter;empty;Lönekonto;Rörligt;Övrigt;empty;empty;empty;HBO NORDIC AB,0770-455000,SE;;;-109.0
Utgifter;empty;Lönekonto;Rörligt;Boende;empty;empty;empty;CIRCLE K ASKIM,ASKIM,SE;;;-512.08
Utgifter;empty;Lönekonto;Rörligt;Boende;empty;empty;empty;CIRCLE K ASKIM,ASKIM,SE;;;-105.0
Utgifter;empty;Lönekonto;Rörligt;Mat;empty;empty;empty;WILLYS SISJON,ASKIM,SE;;;-521.51
Utgifter;empty;Lönekonto;Fasta;Spara;empty;empty;empty;Överf ISK;;;-500.0
Utgifter;empty;Lönekonto;Fasta;Spara;empty;empty;empty;Överf ISK;;;-500.0
Utgifter;empty;Lönekonto;Rörligt;Övrigt;empty;empty;empty;MAXI ICA STORMARKNAD HOGS,VASTRA FROLUN,SE;;;-1083.15
Utgifter;empty;Lönekonto;Rörligt;Mat;empty;empty;empty;ICA NARA HAGA,GOTEBORG,SE;;;-24.0
Utgifter;empty;Lönekonto;Rörligt;Transport;empty;empty;empty;PARKERINGSBOLAGET,GOTEBORG,SE;;;-8.0
Utgifter;empty;Lönekonto;Rörligt;Övrigt;empty;empty;empty;ICA SUPERMARKET AKERED,VASTRA FROLUN,SE;;;-343.11
Inkomster;empty;Lönekonto;Rörligt;Övrigt;empty;empty;empty;Fredrik Moberg;;;1100.0
Utgifter;empty;Lönekonto;Rörligt;Mat;empty;empty;empty;MCDONALDS MOLND,MOLNDAL,SE;;;-84.0
Utgifter;empty;Lönekonto;Rörligt;Transport;empty;empty;empty;PARKERINGSBOLAGET,GOTEBORG,SE;;;-15.0
Utgifter;empty;Lönekonto;Rörligt;Transport;empty;empty;empty;PARKERINGSBOLAGET,GOTEBORG,SE;;;-26.0
Utgifter;empty;Lönekonto;Rörligt;Spara;empty;empty;empty;9023.78.898.13;;;-4000.0
Utgifter;empty;Lönekonto;Rörligt;Mat;empty;empty;empty;ICA KVANTUM FROLUNDA,VASTRA FROLUN,SE;;;-42.9
Utgifter;empty;Lönekonto;Rörligt;Transport;empty;empty;empty;PARKERINGSBOLAGET,GOTEBORG,SE;;;-1.0
Utgifter;empty;Lönekonto;Rörligt;Transport;empty;empty;empty;PARKERINGSBOLAGET,GOTEBORG,SE;;;-7.0
Utgifter;empty;Lönekonto;Rörligt;Mat;empty;empty;empty;9025.19.457.76;;;-9000.0
Utgifter;empty;Lönekonto;Rörligt;Spara;empty;empty;empty;Avbetalning bil Fredrik;;;-1000.0
Utgifter;empty;Lönekonto;Rörligt;Räkningar;empty;empty;empty;9023.78.887.28;;;-15000.0
Inkomster;empty;Lönekonto;Rörligt;Övrigt;empty;empty;empty;Fredrik Moberg;;;100.0
Utgifter;empty;Lönekonto;Rörligt;Transport;empty;empty;empty;MCDONALDS FROLU,VASTRA FROLUN,SE;;;-84.0
Utgifter;empty;Lönekonto;Rörligt;Transport;empty;empty;empty;PREEM,ASKIM,SE;;;-242.73
Utgifter;empty;Lönekonto;Rörligt;Transport;empty;empty;empty;PARKERINGSBOLAGET,GOTEBORG,SE;;;-8.0
Inkomster;empty;Lönekonto;Fasta;Lön;empty;empty;empty;Löneinsättning;;;37870.0
Utgifter;empty;Lönekonto;Rörligt;Övrigt;empty;empty;empty;ICA SUPERMARKET AKERED,VASTRA FROLUN,SE;;;-25.95
Utgifter;empty;Lönekonto;Rörligt;Övrigt;empty;empty;empty;SwishPaymentMessage;;;-100.0
Utgifter;empty;Lönekonto;Rörligt;Mat;empty;empty;empty;ICA KVANTUM FROLUNDA,VASTRA FROLUN,SE;;;-320.4
Utgifter;empty;Lönekonto;Rörligt;Transport;empty;empty;empty;PARKERINGSBOLAGET,GOTEBORG,SE;;;-11.0
Inkomster;empty;Lönekonto;Rörligt;Övrigt;empty;empty;empty;Bodil Karlsson;;;500.0
Utgifter;empty;Lönekonto;Rörligt;Övrigt;empty;empty;empty;Spotify P0F05356AF,Stockholm,SE;;;-99.0
Utgifter;empty;Lönekonto;Rörligt;Transport;empty;empty;empty;PARKERINGSBOLAGET,GOTEBORG,SE;;;-17.0
Inkomster;empty;Lönekonto;Rörligt;Övrigt;empty;empty;empty;Fredrik Moberg;;;400.0
Utgifter;empty;Lönekonto;Rörligt;Transport;empty;empty;empty;MCDONALDS FROLU,VASTRA FROLUN,SE;;;-96.0
Utgifter;empty;Lönekonto;Rörligt;Mat;empty;empty;empty;MCDONALDS MOLND,MOLNDAL,SE;;;-80.0
Utgifter;empty;Lönekonto;Rörligt;Transport;empty;empty;empty;PARKERINGSBOLAGET,GOTEBORG,SE;;;-14.0
Utgifter;empty;Lönekonto;Rörligt;Transport;empty;empty;empty;PARKERINGSBOLAGET,GOTEBORG,SE;;;-23.0
Utgifter;empty;Lönekonto;Rörligt;Sjukvård;empty;empty;empty;K*Apotea AB;;;-169.0
Utgifter;empty;Lönekonto;Rörligt;Fritid;empty;empty;empty;idrottsrabatten Freja Moberg;;;-300.0
Inkomster;empty;Lönekonto;Rörligt;Övrigt;empty;empty;empty;Fredrik Moberg;;;500.0
Utgifter;empty;Lönekonto;Rörligt;Fritid;empty;empty;empty;idrottsrabatten Gustaf Moberg;;;-150.0
Utgifter;empty;Lönekonto;Rörligt;;empty;empty;empty;Paynova AB (publ);;;-90.0
Utgifter;empty;Lönekonto;Rörligt;Övrigt;empty;empty;empty;IKANO BANK AB - PREEM;;;-6000.0
Inkomster;empty;Lönekonto;Rörligt;Mat;empty;empty;empty;FREDRIK MOBERG;;;6000.0
Inkomster;empty;Lönekonto;Rörligt;Mat;empty;empty;empty;FREDRIK MOBERG;;;300.0
Utgifter;empty;Lönekonto;Rörligt;Övrigt;empty;empty;empty;MAXI ICA STORMARKNAD HOGS,VASTRA FROLUN,SE;;;-1236.25
Utgifter;empty;Lönekonto;Rörligt;Mat;empty;empty;empty;WILLYS SISJON,ASKIM,SE;;;-57.53
Utgifter;empty;Lönekonto;Rörligt;Sjukvård;empty;empty;empty;LIFE SISJON,ASKIM,SE;;;-60.0
Utgifter;empty;Lönekonto;Rörligt;Boende;empty;empty;empty;CIRCLE K ASKIM,ASKIM,SE;;;-23.0
Utgifter;empty;Lönekonto;Rörligt;Mat;empty;empty;empty;STORA COOP SISJON,ASKIM,SE;;;-98.4
Utgifter;empty;Lönekonto;Rörligt;Transport;empty;empty;empty;PARKERINGSBOLAGET,GOTEBORG,SE;;;-7.0
Utgifter;empty;Lönekonto;Rörligt;Transport;empty;empty;empty;MCDONALDS FROLU,VASTRA FROLUN,SE;;;-93.0
Utgifter;empty;Lönekonto;Rörligt;Övrigt;empty;empty;empty;PodMe,Stockholm,SE;;;-29.0
Inkomster;empty;Lönekonto;Rörligt;Boende;empty;empty;empty;BILTEMA SWEDEN SISJON 164,VESTRA FROLUN,SE;;;20.0
Inkomster;empty;Lönekonto;Rörligt;Övrigt;empty;empty;empty;Fredrik Moberg;;;1000.0
Utgifter;empty;Lönekonto;Rörligt;Boende;empty;empty;empty;BILTEMA SWEDEN SISJON 164,VESTRA FROLUN,SE;;;-69.7
Utgifter;empty;Lönekonto;Rörligt;Boende;empty;empty;empty;JULA AB,ASKIM,SE;;;-134.9
Utgifter;empty;Lönekonto;Rörligt;Mat;empty;empty;empty;WILLYS HEMMA PAVELUND,VASTRA FROLUN,SE;;;-165.31
Utgifter;empty;Lönekonto;Rörligt;Transport;empty;empty;empty;MCDONALDS FROLU,VASTRA FROLUN,SE;;;-80.0
Utgifter;empty;Lönekonto;Rörligt;Presenter;empty;empty;empty;MCD 238 GBG, RA,GOTEBORG,SE;;;-76.0
Utgifter;empty;Lönekonto;Rörligt;Boende;empty;empty;empty;RUSTA SISJON 46,ASKIM,SE;;;-397.9
Utgifter;empty;Lönekonto;Rörligt;Mat;empty;empty;empty;WILLYS SISJON,ASKIM,SE;;;-543.15
Utgifter;empty;Lönekonto;Rörligt;Transport;empty;empty;empty;STORA COOP BACKAPLAN,GOTEBORG,SE;;;-339.56
Inkomster;empty;Lönekonto;Rörligt;Övrigt;empty;empty;empty;Fredrik Moberg;;;1200.0
Utgifter;empty;Lönekonto;Rörligt;Övrigt;empty;empty;empty;MAXI ICA STORMARKNAD HOGS,VASTRA FROLUN,SE;;;-959.0
Utgifter;empty;Lönekonto;Rörligt;Mat;empty;empty;empty;WILLYS SISJON,ASKIM,SE;;;-995.71
Utgifter;empty;Lönekonto;Rörligt;Övrigt;empty;empty;empty;ELCYKEL GOTEBORG BUTIK  N,GOTEBORG,SE;;;-10.0
Inkomster;empty;Lönekonto;Rörligt;Övrigt;empty;empty;empty;Fredrik Moberg;;;1000.0
Inkomster;empty;Lönekonto;Rörligt;Övrigt;empty;empty;empty;Fredrik Moberg;;;1500.0
Utgifter;empty;Lönekonto;Rörligt;Mat;empty;empty;empty;16232 - NETTO GOTEBORG,GOTEBORG,SE;;;-95.35
Utgifter;empty;Lönekonto;Rörligt;Sjukvård;empty;empty;empty;HALLON.SE,STOCKHOLM,SE;;;-35.93
Utgifter;empty;Lönekonto;Rörligt;Övrigt;empty;empty;empty;Microsoft*Office 365 Pers,msbill.info,IE;;;-64.99
Utgifter;empty;Lönekonto;Rörligt;Transport;empty;empty;empty;PARKERINGSBOLAGET,GOTEBORG,SE;;;-13.0
Utgifter;empty;Lönekonto;Rörligt;Fritid;empty;empty;empty;IZ *LINDAS INNEBAN,HOVAS,SE;;;-35.0
Inkomster;empty;Lönekonto;Rörligt;Fritid;empty;empty;empty;FOTBOLL FREJ;;;1000.0
Utgifter;empty;Lönekonto;Rörligt;Övrigt;empty;empty;empty;NETFLIX.COM,Amsterdam,NL;;;-89.0
Utgifter;empty;Lönekonto;Rörligt;Mat;empty;empty;empty;STORA COOP SISJON,ASKIM,SE;;;-199.59
Utgifter;empty;Lönekonto;Rörligt;Övrigt;empty;empty;empty;Swish till BILLDALS RIDKLUBB;;;-51.0
Utgifter;empty;Lönekonto;Rörligt;Övrigt;empty;empty;empty;Swish till BILLDALS RIDKLUBB;;;-25.0
Utgifter;empty;Lönekonto;Rörligt;Övrigt;empty;empty;empty;Swish till SF Anytime AB;;;-149.0
Inkomster;empty;Lönekonto;Rörligt;Mat;empty;empty;empty;mat;;;400.0
Utgifter;empty;Lönekonto;Rörligt;Transport;empty;empty;empty;ICA NARA TOPPEN  GOTEBORG,GOTEBORG,SE;;;-79.6
Utgifter;empty;Lönekonto;Rörligt;Mat;empty;empty;empty;16232 - NETTO GOTEBORG,GOTEBORG,SE;;;-39.9
Utgifter;empty;Lönekonto;Rörligt;Övrigt;empty;empty;empty;HBO NORDIC AB,0770-455000,SE;;;-109.0
Utgifter;empty;Lönekonto;Rörligt;Transport;empty;empty;empty;PARKERINGSBOLAGET,GOTEBORG,SE;;;-18.0
Utgifter;empty;Lönekonto;Rörligt;Transport;empty;empty;empty;PARKERINGSBOLAGET,GOTEBORG,SE;;;-18.0
Utgifter;empty;Lönekonto;Rörligt;Transport;empty;empty;empty;PARKERINGSBOLAGET,GOTEBORG,SE;;;-21.0
Utgifter;empty;Lönekonto;Rörligt;Fritid;empty;empty;empty;IZ *LINDAS INNEBAN,HOVAS,SE;;;-90.0
Utgifter;empty;Lönekonto;Rörligt;Transport;empty;empty;empty;SHELL GOTEBORG,GOTEBORG,SE;;;-121.0
Utgifter;empty;Lönekonto;Rörligt;Mat;empty;empty;empty;16232 - NETTO GOTEBORG,GOTEBORG,SE;;-189.85
Utgifter;empty;Lönekonto;Rörligt;Mat;empty;empty;empty;ALBATROSS GOLFK,HISINGS BACK,SE;;-115.0
Inkomster;empty;Lönekonto;Rörligt;Övrigt;empty;empty;empty;Fredrik Moberg;;1000.0
Utgifter;empty;Lönekonto;Rörligt;Övrigt;empty;empty;empty;IKANO BANK AB - PREEM;;-500.0
Utgifter;empty;Lönekonto;Fasta;Spara;empty;empty;empty;Överf ISK;;-500.0
Utgifter;empty;Lönekonto;Fasta;Spara;empty;empty;empty;Överf ISK;;-500.0
Utgifter;empty;Lönekonto;Rörligt;Transport;empty;empty;empty;MCDONALDS FROLU,VASTRA FROLUN,SE;;-84.0
Utgifter;empty;Lönekonto;Rörligt;Transport;empty;empty;empty;PARKERINGSBOLAGET,GOTEBORG,SE;;-15.0
Utgifter;empty;Lönekonto;Rörligt;Mat;empty;empty;empty;16232 - NETTO GOTEBORG,GOTEBORG,SE;;-43.9
Utgifter;empty;Lönekonto;Rörligt;Transport;empty;empty;empty;PARKERINGSBOLAGET,GOTEBORG,SE;;-34.0
Utgifter;empty;Lönekonto;Rörligt;Spara;empty;empty;empty;9023.78.898.13;;-5500.0
Utgifter;empty;Lönekonto;Rörligt;Mat;empty;empty;empty;WILLYS SISJON,ASKIM,SE;;-110.4
Utgifter;empty;Lönekonto;Rörligt;Sjukvård;empty;empty;empty;KD APOTEK,ASKIM,SE;;-229.49
Utgifter;empty;Lönekonto;Rörligt;Mat;empty;empty;empty;9025.19.457.76;;-9000.0
Utgifter;empty;Lönekonto;Rörligt;Spara;empty;empty;empty;Avbetalning bil Fredrik;;-1000.0
Utgifter;empty;Lönekonto;Rörligt;Räkningar;empty;empty;empty;9023.78.887.28;;-15000.0
Inkomster;empty;Lönekonto;Rörligt;Övrigt;empty;empty;empty;Fredrik Moberg;;200.0
Utgifter;empty;Lönekonto;Rörligt;Fritid;empty;empty;empty;BOUNCE HOVAAS AB,HOVAAS,SE;;-30.0
Utgifter;empty;Lönekonto;Rörligt;Fritid;empty;empty;empty;BOUNCE HOVAAS AB,HOVAAS,SE;;-40.0
Utgifter;empty;Lönekonto;Rörligt;Mat;empty;empty;empty;ICA KVANTUM HOVAS,HOVAS,SE;;-48.6
Utgifter;empty;Lönekonto;;Övrigt;empty;empty;empty;7401262980;;-300.0
Inkomster;empty;Lönekonto;Fasta;Lön;empty;empty;empty;Löneinsättning;;32109.0
Utgifter;empty;Lönekonto;Rörligt;Mat;empty;empty;empty;WILLYS SISJON,ASKIM,SE;;-1258.22
Utgifter;empty;Lönekonto;Rörligt;Övrigt;empty;empty;empty;STADIUM SISJON,ASKIM,SE;;-239.7
Utgifter;empty;Lönekonto;Rörligt;Mat;empty;empty;empty;STORA COOP SISJON,ASKIM,SE;;-10.95
Utgifter;empty;Lönekonto;Rörligt;Presenter;empty;empty;empty;HM SE0249,Vaestra Froel,SE;;-178.9
Inkomster;empty;Lönekonto;Rörligt;Övrigt;empty;empty;empty;Fredrik Moberg;;500.0
Utgifter;empty;Lönekonto;Rörligt;Mat;empty;empty;empty;ICA KVANTUM HOVAS,HOVAS,SE;;-44.9
Utgifter;empty;Lönekonto;Rörligt;Mat;empty;empty;empty;ICA KVANTUM HOVAS,HOVAS,SE;;-112.26
Utgifter;empty;Lönekonto;Rörligt;Mat;empty;empty;empty;ICA KVANTUM HOVAS,HOVAS,SE;;-150.0
Utgifter;empty;Lönekonto;Rörligt;Mat;empty;empty;empty;BILLDALS RIDKLUBB,BILLDAL,SE;;-42.0
Inkomster;empty;Lönekonto;Rörligt;Övrigt;empty;empty;empty;Fredrik Moberg;;1000.0
Inkomster;empty;Lönekonto;Rörligt;Mat;empty;empty;empty;mat;;661.0
Utgifter;empty;Lönekonto;Rörligt;Övrigt;empty;empty;empty;Spotify P0EA6E6096,Stockholm,SE;;-99.0
Utgifter;empty;Lönekonto;Rörligt;Mat;empty;empty;empty;WILLYS SISJON,ASKIM,SE;;-92.7
Utgifter;empty;Lönekonto;Rörligt;Övrigt;empty;empty;empty;K*Lensway BV;;-276.0
Utgifter;empty;Lönekonto;Rörligt;;empty;empty;empty;Paynova AB (publ);;-265.0
Inkomster;empty;Lönekonto;Rörligt;Mat;empty;empty;empty;FREDRIK MOBERG;;1000.0
Utgifter;empty;Lönekonto;Rörligt;Transport;empty;empty;empty;ICA SUPERMARKET HORNDAL,HORNDAL,SE;;-107.9
Utgifter;empty;Lönekonto;Rörligt;Mat;empty;empty;empty;RASTPUNKT LAXA,LAXA,SE;;-26.0
Utgifter;empty;Lönekonto;Rörligt;Övrigt;empty;empty;empty;PodMe,Stockholm,SE;;-29.0
Utgifter;empty;Lönekonto;Rörligt;Mat;empty;empty;empty;WILLYS SISJON,ASKIM,SE;;-68.3
Utgifter;empty;Lönekonto;Rörligt;Mat;empty;empty;empty;COOP KILAFORS,KILAFORS,SE;;-32.9
Utgifter;empty;Lönekonto;Rörligt;Mat;empty;empty;empty;LJUNGSTROMS KOK,JERVSO,SE;;-75.0
Inkomster;empty;Lönekonto;Rörligt;Mat;empty;empty;empty;JARVSOBACKEN,JERVSO,SE;;80.0
Utgifter;empty;Lönekonto;Rörligt;Mat;empty;empty;empty;IZ *EFTERTANKE I J,JARVSO,SE;;-446.0
Utgifter;empty;Lönekonto;Rörligt;Sjukvård;empty;empty;empty;APOTEK HJARTAT E CENTER,SODERHAMN,SE;;-78.4
Utgifter;empty;Lönekonto;Rörligt;Kläder;empty;empty;empty;TEAM SPORTIA SODERHAMN,SODERHAMN,SE;;-199.0
Utgifter;empty;Lönekonto;Rörligt;Mat;empty;empty;empty;MYSKJE MACKEN,SODERALA,SE;;-25.0
Inkomster;empty;Lönekonto;Rörligt;Övrigt;empty;empty;empty;Fredrik Moberg;;1000.0
Utgifter;empty;Lönekonto;Rörligt;Övrigt;empty;empty;empty;disk Stråtjära;;-10.0
Utgifter;empty;Lönekonto;Rörligt;Mat;empty;empty;empty;LJUNGSTROMS KOK,JERVSO,SE;;-158.0
Utgifter;empty;Lönekonto;Rörligt;Mat;empty;empty;empty;ICA NARA KILAFORS,KILAFORS,SE;;-79.75
Inkomster;empty;Lönekonto;Rörligt;Övrigt;empty;empty;empty;Fredrik Moberg;;400.0
Utgifter;empty;Lönekonto;Rörligt;Övrigt;empty;empty;empty;GOOGLE*GOOGLE,INTERNET,GB;;-29.0
Utgifter;empty;Lönekonto;Rörligt;Övrigt;empty;empty;empty;Microsoft*Office 365 Pers,msbill.info,IE;;-64.99
Utgifter;empty;Lönekonto;Rörligt;Transport;empty;empty;empty;OKQ8,BILLDAL,SE;;-308.05
Utgifter;empty;Lönekonto;Rörligt;Mat;empty;empty;empty;ICA NARA KILAFORS,KILAFORS,SE;;-102.65
Utgifter;empty;Lönekonto;Rörligt;Mat;empty;empty;empty;COOP KILAFORS,KILAFORS,SE;;-13.95
Utgifter;empty;Lönekonto;Rörligt;Mat;empty;empty;empty;JARVSOBACKEN,JERVSO,SE;;-3590.0
Utgifter;empty;Lönekonto;Rörligt;Mat;empty;empty;empty;JARVSOBACKEN,JERVSO,SE;;-1580.0
Utgifter;empty;Lönekonto;Rörligt;Mat;empty;empty;empty;JARVSOBACKEN,JERVSO,SE;;-90.0
Utgifter;empty;Lönekonto;Rörligt;Mat;empty;empty;empty;IZ *BOLLNAS ALPINA,BOLLNAS,SE;;-360.0
Utgifter;empty;Lönekonto;Rörligt;Mat;empty;empty;empty;IZ *BOLLNAS ALPINA,BOLLNAS,SE;;-120.0
Inkomster;empty;Lönekonto;Rörligt;Övrigt;empty;empty;empty;Fredrik Moberg;;3000.0
Utgifter;empty;Lönekonto;Rörligt;Övrigt;empty;empty;empty;Toalett,Borlange,SE;;-5.0
Utgifter;empty;Lönekonto;Rörligt;Mat;empty;empty;empty;PRESSBYRAN 4128810,GOTEBORG,SE;;-125.0
Utgifter;empty;Lönekonto;Rörligt;Mobil;empty;empty;empty;WWW.TELENOR.SE,HELSINGBORG,SE;;-99.0
Inkomster;empty;Lönekonto;Rörligt;Övrigt;empty;empty;empty;Fredrik Moberg;;3000.0
Utgifter;empty;Lönekonto;Rörligt;Transport;empty;empty;empty;BURGER KING JAR,VASTRA FROLUN,SE;;-39.0
Utgifter;empty;Lönekonto;Rörligt;Mat;empty;empty;empty;STORA COOP SISJON,ASKIM,SE;;-914.9
Utgifter;empty;Lönekonto;Rörligt;Övrigt;empty;empty;empty;Swish till BILLDALS RIDKLUBB;;-15.0
Utgifter;empty;Lönekonto;Rörligt;Övrigt;empty;empty;empty;Swish till BILLDALS RIDKLUBB;;-15.0
Utgifter;empty;Lönekonto;Rörligt;Mat;empty;empty;empty;WILLYS SISJON,ASKIM,SE;;-1095.48
Utgifter;empty;Lönekonto;Rörligt;Sjukvård;empty;empty;empty;KD APOTEK,ASKIM,SE;;-161.0
Utgifter;empty;Lönekonto;Rörligt;Presenter;empty;empty;empty;MCD 238 GBG, RA,GOTEBORG,SE;;-80.0
Inkomster;empty;Lönekonto;Rörligt;Mat;empty;empty;empty;mat;;1500.0
Inkomster;empty;Lönekonto;Rörligt;Övrigt;empty;empty;empty;Fredrik Moberg;;500.0
Inkomster;empty;Lönekonto;Rörligt;Övrigt;empty;empty;empty;Fredrik Moberg;;700.0
Utgifter;empty;Lönekonto;Rörligt;Mat;empty;empty;empty;ICA KVANTUM FROLUNDA,VASTRA FROLUN,SE;;-49.85
Utgifter;empty;Lönekonto;Rörligt;Transport;empty;empty;empty;MCDONALDS FROLU,VASTRA FROLUN,SE;;-80.0
Utgifter;empty;Lönekonto;Rörligt;Transport;empty;empty;empty;PARKERINGSBOLAGET,GOTEBORG,SE;;-8.0
Utgifter;empty;Lönekonto;Rörligt;Transport;empty;empty;empty;EASYPARK,2676820639,SE;;-17.82
Utgifter;empty;Lönekonto;Rörligt;Övrigt;empty;empty;empty;NETFLIX.COM,Amsterdam,NL;;-89.0
Utgifter;empty;Lönekonto;Rörligt;Transport;empty;empty;empty;PARKERINGSBOLAGET,GOTEBORG,SE;;-20.0
Utgifter;empty;Lönekonto;Rörligt;Transport;empty;empty;empty;PARKERINGSBOLAGET,GOTEBORG,SE;;-14.0
Utgifter;empty;Lönekonto;Rörligt;Mat;empty;empty;empty;ASKIMS SIMOCH,HOVAAS,SE;;-130.0
Utgifter;empty;Lönekonto;Rörligt;Fritid;empty;empty;empty;pjäxor;;-300.0
Utgifter;empty;Lönekonto;Rörligt;Övrigt;empty;empty;empty;HBO NORDIC AB,0770-455000,SE;;-109.0
Utgifter;empty;Lönekonto;Rörligt;Mat;empty;empty;empty;WILLYS HVITFELDTSPLATS,GOTEBORG,SE;;-954.39
Utgifter;empty;Lönekonto;Rörligt;Boende;empty;empty;empty;BYGGMAX/1204,HISINGSBACKA,SE;;-4390.65
Utgifter;empty;Lönekonto;Rörligt;Mat;empty;empty;empty;ICA KVANTUM FROLUNDA,VASTRA FROLUN,SE;;-172.5
Utgifter;empty;Lönekonto;Rörligt;Mat;empty;empty;empty;SYSTEMBOLAGET ASKIM,ASKIM,SE;;-219.0
Utgifter;empty;Lönekonto;Fasta;Spara;empty;empty;empty;Överf ISK;;-500.0
Utgifter;empty;Lönekonto;Fasta;Spara;empty;empty;empty;Överf ISK;;-500.0
Inkomster;empty;Lönekonto;Rörligt;Övrigt;empty;empty;empty;Fredrik Moberg;;6000.0
Inkomster;empty;Lönekonto;Rörligt;Övrigt;empty;empty;empty;Fredrik Moberg;;1800.0
Utgifter;empty;Lönekonto;Rörligt;Transport;empty;empty;empty;MCDONALDS FROLU,VASTRA FROLUN,SE;-80.0
Utgifter;empty;Lönekonto;Rörligt;Transport;empty;empty;empty;PARKERINGSBOLAGET,GOTEBORG,SE;-13.0
Utgifter;empty;Lönekonto;Rörligt;Boende;empty;empty;empty;BAUHAUS SISJON,VESTRA FROLUN,SE;-1113.0
Inkomster;empty;Lönekonto;Rörligt;Övrigt;empty;empty;empty;Snabböverföring;200.0
Utgifter;empty;Lönekonto;Rörligt;Övrigt;empty;empty;empty;9024.12.656.91;-17.0
Inkomster;empty;Lönekonto;Rörligt;Övrigt;empty;empty;empty;Fredrik Moberg;17.0
Inkomster;empty;Lönekonto;Rörligt;Övrigt;empty;empty;empty;Fredrik Moberg;1000.0
Utgifter;empty;Lönekonto;Rörligt;Transport;empty;empty;empty;PREEM,ASKIM,SE;-919.49
Utgifter;empty;Lönekonto;Rörligt;Transport;empty;empty;empty;PARKERINGSBOLAGET,GOTEBORG,SE;-70.0
Utgifter;empty;Lönekonto;Rörligt;Transport;empty;empty;empty;PARKERINGSBOLAGET,GOTEBORG,SE;-13.0
Utgifter;empty;Lönekonto;Rörligt;Transport;empty;empty;empty;ONGO,VASTRA FROLUN,SE;-131.0
Utgifter;empty;Lönekonto;Rörligt;Fritid;empty;empty;empty;IZ *LINDAS INNEBAN,HOVAS,SE;-80.0
Utgifter;empty;Lönekonto;Rörligt;Transport;empty;empty;empty;GOTEBORGS KONST,GOTEBORG,SE;-100.0
Utgifter;empty;Lönekonto;Rörligt;Transport;empty;empty;empty;EVA'S PARLEY,GOTEBORG,SE;-154.0
Utgifter;empty;Lönekonto;Rörligt;Mat;empty;empty;empty;WILLYS SISJON,ASKIM,SE;-1599.68
Utgifter;empty;Lönekonto;Rörligt;Övrigt;empty;empty;empty;STADIUM SISJON,ASKIM,SE;-998.0
Utgifter;empty;Lönekonto;Rörligt;Kläder;empty;empty;empty;KAPPAHL 142,V. FROLUNDA,SE;-99.0
Utgifter;empty;Lönekonto;Rörligt;Mat;empty;empty;empty;STORA COOP SISJON,ASKIM,SE;-125.85
Inkomster;empty;Lönekonto;Rörligt;Fritid;empty;empty;empty;skridskor;300.0
Inkomster;empty;Lönekonto;Rörligt;Övrigt;empty;empty;empty;Fredrik Moberg;800.0
Utgifter;empty;Lönekonto;Rörligt;Boende;empty;empty;empty;BAUHAUS SISJON,VESTRA FROLUN,SE;-199.0
Inkomster;empty;Lönekonto;Rörligt;Boende;empty;empty;empty;BAUHAUS SISJON,VESTRA FROLUN,SE;99.95
Inkomster;empty;Lönekonto;Rörligt;Övrigt;empty;empty;empty;Fredrik Moberg;300.0
Inkomster;empty;Lönekonto;Rörligt;Övrigt;empty;empty;empty;Fredrik Moberg;2000.0
Utgifter;empty;Lönekonto;Rörligt;Mat;empty;empty;empty;9025.19.457.76;-9000.0
Utgifter;empty;Lönekonto;Rörligt;Spara;empty;empty;empty;Avbetalning bil Fredrik;-1000.0
Utgifter;empty;Lönekonto;Rörligt;Räkningar;empty;empty;empty;9023.78.887.28;-15000.0
Utgifter;empty;Lönekonto;Rörligt;Övrigt;empty;empty;empty;IKANO BANK AB - PREEM;-1500.0
Utgifter;empty;Lönekonto;Rörligt;Spara;empty;empty;empty;9023.78.898.13;-13845.0
Inkomster;empty;Lönekonto;Fasta;Lön;empty;empty;empty;Löneinsättning;32685.0
Utgifter;empty;Lönekonto;Rörligt;Mat;empty;empty;empty;16232 - NETTO GOTEBORG,GOTEBORG,SE;-111.85
Inkomster;empty;Lönekonto;Rörligt;Övrigt;empty;empty;empty;MEDIA MARKT,VASTRA FROLUN,SE;349.0
Utgifter;empty;Lönekonto;Rörligt;Presenter;empty;empty;empty;ELGIGANTEN GBG,SISJON GBG,SE;-299.0
Utgifter;empty;Lönekonto;Rörligt;Boende;empty;empty;empty;CLAS OHLSON,ASKIM,SE;-697.9
Utgifter;empty;Lönekonto;Rörligt;Transport;empty;empty;empty;MCDONALDS FROLU,VASTRA FROLUN,SE;-80.0
Utgifter;empty;Lönekonto;Rörligt;Transport;empty;empty;empty;EASYPARK,2662822077,SE;-11.03
Utgifter;empty;Lönekonto;Rörligt;Mat;empty;empty;empty;MR GATSBY PIZZERIA,ASKIM,SE;-105.0
Utgifter;empty;Lönekonto;Rörligt;Övrigt;empty;empty;empty;Spotify P0E48FDF15,Stockholm,SE;-99.0
Utgifter;empty;Lönekonto;Rörligt;Mat;empty;empty;empty;MR GATSBY PIZZERIA,ASKIM,SE;-105.0
Utgifter;empty;Lönekonto;Rörligt;Boende;empty;empty;empty;BAUHAUS SISJON,VESTRA FROLUN,SE;-308.0
Utgifter;empty;Lönekonto;Rörligt;Mat;empty;empty;empty;MCDONALDS MOLND,MOLNDAL,SE;-80.0
Utgifter;empty;Lönekonto;Rörligt;Övrigt;empty;empty;empty;Swish till BILLDALS RIDKLUBB;-20.0
Utgifter;empty;Lönekonto;Rörligt;Övrigt;empty;empty;empty;Swish till BILLDALS RIDKLUBB;-15.0
Inkomster;empty;Lönekonto;Rörligt;Övrigt;empty;empty;empty;Swish från Karlsson, Bodil;200.0
Utgifter;empty;Lönekonto;Rörligt;Övrigt;empty;empty;empty;PodMe,Stockholm,SE;-29.0
Inkomster;empty;Lönekonto;Rörligt;Bidrag;empty;empty;empty;BILREP;10000.0
Utgifter;empty;Lönekonto;Rörligt;Transport;empty;empty;empty;MCDONALDS FROLU,VASTRA FROLUN,SE;-80.0
Utgifter;empty;Lönekonto;Rörligt;Transport;empty;empty;empty;Vasttrafik AB,Goteborg,SE;-30.0
Utgifter;empty;Lönekonto;Rörligt;Transport;empty;empty;empty;Vasttrafik AB,Goteborg,SE;-6.0
Utgifter;empty;Lönekonto;Rörligt;Transport;empty;empty;empty;MEKONOMEN BILLI,VASTRA FROLU,SE;-8520.0
Inkomster;empty;Lönekonto;Rörligt;Övrigt;empty;empty;empty;Fredrik Moberg;8520.0
Utgifter;empty;Lönekonto;Rörligt;Mat;empty;empty;empty;STORA COOP SISJON,ASKIM,SE;-356.7
Utgifter;empty;Lönekonto;Rörligt;Transport;empty;empty;empty;PARKERINGSBOLAGET,GOTEBORG,SE;-1.0
Inkomster;empty;Lönekonto;Rörligt;Övrigt;empty;empty;empty;Fredrik Moberg;200.0
Utgifter;empty;Lönekonto;Rörligt;Övrigt;empty;empty;empty;XXL SPORT VILD,ASKIM,SE;-49.0
Inkomster;empty;Lönekonto;Rörligt;Övrigt;empty;empty;empty;Fredrik Moberg;300.0
Utgifter;empty;Lönekonto;Rörligt;Transport;empty;empty;empty;Vasttrafik AB,Goteborg,SE;-30.0
Utgifter;empty;Lönekonto;Rörligt;Transport;empty;empty;empty;Vasttrafik AB,Goteborg,SE;-30.0
Utgifter;empty;Lönekonto;Rörligt;Mat;empty;empty;empty;7-ELEVEN 4324101,GOTEBORG,SE;-27.0
Utgifter;empty;Lönekonto;Rörligt;Övrigt;empty;empty;empty;Microsoft*Office 365 Pers,msbill.info,IE;-64.99
Utgifter;empty;Lönekonto;Rörligt;Mat;empty;empty;empty;STORA COOP SISJON,ASKIM,SE;-126.9
Utgifter;empty;Lönekonto;Rörligt;Transport;empty;empty;empty;MCDONALDS FROLU,VASTRA FROLUN,SE;-76.0
Inkomster;empty;Lönekonto;Rörligt;Övrigt;empty;empty;empty;Fredrik Moberg;400.0
Utgifter;empty;Lönekonto;Rörligt;Övrigt;empty;empty;empty;SHELL VASTRA FR,VASTRA FROLUN,SE;-68.0
Utgifter;empty;Lönekonto;Rörligt;Boende;empty;empty;empty;CIRCLE K ASKIM,ASKIM,SE;-88.0
Utgifter;empty;Lönekonto;Rörligt;Transport;empty;empty;empty;Vasttrafik AB,Goteborg,SE;-30.0
Utgifter;empty;Lönekonto;Rörligt;Transport;empty;empty;empty;Vasttrafik AB,Goteborg,SE;-30.0
Utgifter;empty;Lönekonto;Rörligt;Mat;empty;empty;empty;PRESSBYRAN 4028142,GOTEBORG,SE;-25.0
Utgifter;empty;Lönekonto;Rörligt;Mat;empty;empty;empty;ICA KVANTUM FROLUNDA,VASTRA FROLUN,SE;-156.25
Utgifter;empty;Lönekonto;Rörligt;Övrigt;empty;empty;empty;NETFLIX.COM,020790637,NL;-89.0
Utgifter;empty;Lönekonto;Rörligt;Boende;empty;empty;empty;BYGGMAX/1216,ASKIM,SE;-163.95
Inkomster;empty;Lönekonto;Rörligt;Mat;empty;empty;empty;mat;500.0
Utgifter;empty;Lönekonto;Rörligt;Övrigt;empty;empty;empty;4459;-275.0
Utgifter;empty;Lönekonto;Rörligt;Mat;empty;empty;empty;MAXI ICA STORMARKNAD TORS,TORSLANDA,SE;-98.8
