value;TypeofPayment;fixedOrVariableCost;Category;Category_1;Category_2;Category_3;Comment
COLORAMA ASKIM,ASKIM,SE;Återbetalning;Rörligt;Boende;;;;
HOLMENS HERR GOTEBORG;Återbetalning;Rörligt;Kläder;;;;
IKEA-KALLERED,KALLERED,SE;Återbetalning;Rörligt;Boende;;;;
JARVSOBACKEN,JERVSO,SE;Återbetalning;Rörligt;Fritid;;;;
MEDIA MARKT,VASTRA FROLUN,SE;Återbetalning;Rörligt;Övrigt;;;;
MIO MOLNDAL,MOLNDAL,SE;Återbetalning;Rörligt;Boende;;;;
SV INGENJ;Autogiro;Fasta;Facket;;;;
1000 HSB Göteborg Ek. Förening;Betalning;Fasta;Boende;;;;
1000 HSB Göteborg Ek. Förening/Medl;Betalning;Fasta;Boende;;;;
AKAVIA;Betalning;Fasta;Facket;;;;
Bahnhof;Betalning;Fasta;Boende;;;;
Boxer;Betalning;Fasta;Boende;;;;
CENTRALA STUDIESTÖDSNÄMNDEN;Betalning;Fasta;Lån;;;;
FORDONSSKATT TRANSPORTSTYRELSEN;Betalning;Fasta;Transport;;;;
FÖRSÄKRINGS AB SKANDIA;Betalning;Fasta;Försäkring;;;;
Gbg Stad/Intraservice;Betalning;Fasta;Övrigt;;;;
GODEL I SVERIGE AB;Betalning;Fasta;Boende;;;;
Göteborgs Stad;Betalning;Fasta;Boende;;;;
HAGABADET;Betalning;Fasta;Fritid;;;;
Halebop;Betalning;Fasta;Mobil;;;;
IF SKADEFÖRSÄKRING AB (PU;Betalning;Fasta;Försäkring;;;;
LF Göteborg och Bohuslän E-fak;Betalning;Fasta;Försäkring;;;;
LF Göteborg och Bohuslän E-faktura;Betalning;Fasta;Försäkring;;;;
LF LIV;Betalning;Fasta;Försäkring;;;;
LÄNSFÖRSÄKRINGAR LIV;Betalning;Fasta;Försäkring;;;;
LÄNSFÖRSÄKRINGAR ÄLVSBORG;Betalning;Fasta;Försäkring;;;;
Solid Försäkrings AB;Betalning;Fasta;Försäkring;;;;
SULF Sveriges Univ.lärare och;Betalning;Fasta;Facket;;;;
SULF Sveriges Univ.lärare och forsk;Betalning;Fasta;Facket;;;;
SVERIGES INGENJÖRER;Betalning;Fasta;Facket;;;;
Trygg-Hansa Försäkring filial;Betalning;Fasta;Boende;;;;
TRÄNGSELSKATT TRANSPORTSTYRELS;Betalning;Fasta;Transport;;;;
TRÄNGSELSKATT TRANSPORTSTYRELSEN;Betalning;Fasta;Transport;;;;
VATTENFALL KUNDSERVICE AB;Betalning;Fasta;Boende;;;;
VOLVOFINANS BANK AB;Betalning;Fasta;Transport;;;;
Årsavg. Bankkort 4459;Betalning;Fasta;Övrigt;;;;
4459;Betalning;Rörligt;Övrigt;;;;
ARVATO FINANCE AB;Betalning;Rörligt;Övrigt;;;;
BILLDALS RIDKLUBB;Betalning;Rörligt;Fritid;;;;
Billmate AB;Betalning;Rörligt;Övrigt;;;;
Billogram / faktura;Betalning;Rörligt;Övrigt;;;;
BIOZONE SCIENTIFIC SCANDINAVIA AB;Betalning;Rörligt;Boende;;;;
BOTANISKA ANALYSGRUPPEN I;Betalning;Rörligt;Boende;;;;
COLLECTOR BANK AB;Betalning;Rörligt;Övrigt;;;;
EBE SKADESERVICE AB;Betalning;Rörligt;Boende;;;;
EGMONT PUBLISHING AB;Betalning;Rörligt;Övrigt;;;;
EMINENTA TJÄNSTEUTVECKLING I;Betalning;Rörligt;Boende;;;;
ENERGIKUNDSERVICE SVERIGE;Betalning;Rörligt;Boende;;;;
ENERGIKUNDSERVICE SVERIGE AB;Betalning;Rörligt;Boende;;;;
ePayment Service Europe AB;Betalning;Rörligt;Övrigt;;;;
Evema Miljö & Kemi AB;Betalning;Rörligt;Boende;;;;
Fastighets AB Kalvringen Sisjön;Betalning;Rörligt;Övrigt;;;;
FOLKSAM ÖMSESIDIG SAKFÖRSÄKRING;Betalning;Rörligt;Försäkring;;;;
Fondsparande Lann Mix;Betalning;Rörligt;Spara;;;;
GARANTIENTREPRENAD I SVERIGE AB;Betalning;Rörligt;Boende;;;;
GBG SOCIAL RESURSFÖRVALTN;Betalning;Rörligt;Övrigt;;;;
GOTA MEDIA AB;Betalning;Rörligt;Övrigt;;;;
GÖSAB SOTNING AB;Betalning;Rörligt;Boende;;;;
Göteborgs Stads Parkerings AB;Betalning;Rörligt;Transport;;;;
GÖTEBORGS UNIVERSITET;Betalning;Rörligt;Övrigt;;;;
Hovås Askim Familjeläkare & BVC AB;Betalning;Rörligt;Sjukvård;;;;
Husesyning Sverige AB;Betalning;Rörligt;Boende;;;;
HÖGSBY PASTORAT;Betalning;Rörligt;Övrigt;;;;
IKANO BANK AB - PREEM;Betalning;Rörligt;kredit;;;;
Inteleon AB;Betalning;Rörligt;Transport;;;;
INTRUM SVERIGE AB;Betalning;Rörligt;Övrigt;;;;
JUSEK;Betalning;Rörligt;Facket;;;;
K*Adlibris A;Betalning;Rörligt;Presenter;;;;
K*Apotea AB;Betalning;Rörligt;Sjukvård;;;;
K*Bokus AB;Betalning;Rörligt;Övrigt;;;;
K*Coop.se;Betalning;Rörligt;Mat;;;;
K*DECATHLON;Betalning;Rörligt;Presenter;;;;
K*DPJ Svensk;Betalning;Rörligt;Övrigt;;;;
K*Elgiganten;Betalning;Rörligt;Övrigt;;;;
K*Hall Media;Betalning;Rörligt;Övrigt;;;;
K*Ian & Burt;Betalning;Rörligt;Övrigt;;;;
K*Leksakscit;Betalning;Rörligt;Övrigt;;;;
K*Lensway BV;Betalning;Rörligt;Övrigt;;;;
K*Matsmart I;Betalning;Rörligt;Mat;;;;
K*PL Sverige;Betalning;Rörligt;Övrigt;;;;
K*Smartphoto;Betalning;Rörligt;Övrigt;;;;
K*Tidningsku;Betalning;Rörligt;Övrigt;;;;
Klarna;Betalning;Rörligt;Övrigt;;;;
Klarna AB;Betalning;Rörligt;Övrigt;;;;
KLARNA BANK AB;Betalning;Rörligt;Övrigt;;;;
LEOCAN AQUA INVENT AB;Betalning;Rörligt;Boende;;;;
Lindås Rasta Ibk;Betalning;Rörligt;Övrigt;;;;
Ljungby Fuktkontroll & Sanering AB;Betalning;Rörligt;Boende;;;;
MARKS KOMMUN;Betalning;Rörligt;Övrigt;;;;
MATS HYLLSTAM AB;Betalning;Rörligt;Boende;;;;
Parkeringstjänst Väst AB;Betalning;Rörligt;Transport;;;;
Parkster / Billogram;Betalning;Rörligt;Transport;;;;
PayEx Sverige AB/Hemfrid i Sverige;Betalning;Rörligt;Boende;;;;
Paynova AB (publ);Betalning;Rörligt;Övrigt;;;;
PERSSONS HYRMASKINER AB C;Betalning;Rörligt;Boende;;;;
Polismyndigheten;Betalning;Rörligt;Övrigt;;;;
Regionservice Patientfakturor;Betalning;Rörligt;Sjukvård;;;;
Resurs Bank AB;Betalning;Rörligt;Övrigt;;;;
RÅDAHEDS VÄGSAMFÄLLIGHET;Betalning;Rörligt;Boende;;;;
Saco Folksam Försäkring AB;Betalning;Rörligt;Försäkring;;;;
SKATTEVERKET;Betalning;Rörligt;Skatt;;;;
SVD/PayEx Sverige AB;Betalning;Rörligt;Övrigt;;;;
SVEA EKONOMI AB;Betalning;Rörligt;Övrigt;;;;
Team Åkered TK;Betalning;Rörligt;Fritid;;;;
TRADERA SWEDEN AB;Betalning;Rörligt;Övrigt;;;;
VEDBRÄNDE RIDLÄGER;Betalning;Rörligt;Fritid;;;;
Wästerläkarna AB;Betalning;Rörligt;Sjukvård;;;;
Zooplus AG;Betalning;Rörligt;Övrigt;;;;
LF FONDER;Insättning;Fasta;Övrigt;;;;
FKASSA;Insättning;Rörligt;Bidrag;;;;
Insättning;Insättning;Rörligt;Övrigt;;;;
SK7512235974;Insättning;Rörligt;Övrigt;;;;
ÅterbäringLF;Insättning;Rörligt;Bidrag;;;;
HALLON.SE,Stockholm,SE;Kort;Fasta;Mobil;Barn;;;
Microsoft*Microsoft 36,msbill.info,IE;Kort;Fasta;Övrigt;;;;
MICROSOFT*MICROSOFT 365 P,MSBILL.INFO,IE;Kort;Fasta;Övrigt;;;;
MICROSOFT*OFFICE 365 PERS MSBI;Kort;Fasta;Övrigt;;;;
Microsoft*Office 365 Pers,msbill.info,IE;Kort;Fasta;Övrigt;;;;
NETFLIX.COM,020790637,NL;Kort;Fasta;Övrigt;;;;
NETFLIX.COM,Amsterdam,NL;Kort;Fasta;Övrigt;;;;
Spotify P09281CA7B Stockholm;Kort;Fasta;Övrigt;;;;
Spotify P0992C9EE2 Stockholm;Kort;Fasta;Övrigt;;;;
Spotify P0A03EB1E3 Stockholm;Kort;Fasta;Övrigt;;;;
Spotify P0A7B2EB96,Stockholm,SE;Kort;Fasta;Övrigt;;;;
Spotify P0AF2CC3CF,Stockholm,SE;Kort;Fasta;Övrigt;;;;
Spotify P0B6DEF794,Stockholm,SE;Kort;Fasta;Övrigt;;;;
Spotify P0BE528573,Stockholm,SE;Kort;Fasta;Övrigt;;;;
Spotify P0C5D60FF9,Stockholm,SE;Kort;Fasta;Övrigt;;;;
Spotify P0CD3C5122,Stockholm,SE;Kort;Fasta;Övrigt;;;;
Spotify P0D326F159,Stockholm,SE;Kort;Fasta;Övrigt;;;;
Spotify P0D8D142E8,Stockholm,SE;Kort;Fasta;Övrigt;;;;
Spotify P0DF3831D9,Stockholm,SE;Kort;Fasta;Övrigt;;;;
Spotify P0E48FDF15,Stockholm,SE;Kort;Fasta;Övrigt;;;;
Spotify P0EA6E6096,Stockholm,SE;Kort;Fasta;Övrigt;;;;
Spotify P0F05356AF,Stockholm,SE;Kort;Fasta;Övrigt;;;;
Spotify P0F6A01D74,Stockholm,SE;Kort;Fasta;Övrigt;;;;
Spotify P0FCFC7EE8,Stockholm,SE;Kort;Fasta;Övrigt;;;;
Spotify P10409D9E4,Stockholm,SE;Kort;Fasta;Övrigt;;;;
Spotify P109911445,Stockholm,SE;Kort;Fasta;Övrigt;;;;
Spotify P1102EA02C,Stockholm,SE;Kort;Fasta;Övrigt;;;;
Spotify P1163C1786,Stockholm,SE;Kort;Fasta;Övrigt;;;;
Spotify P11E7660D7,Stockholm,SE;Kort;Fasta;Övrigt;;;;
Spotify P123B44EC3,Stockholm,SE;Kort;Fasta;Övrigt;;;;
Spotify P12ABBAE9D,Stockholm,SE;Kort;Fasta;Övrigt;;;;
16232 - NETTO GOTEBORG GOTEBOR;Kort;Rörligt;Mat;;;;
16232 - NETTO GOTEBORG,GOTEBORG,SE;Kort;Rörligt;Mat;;;;
330 TEKNIKMAGASINET,VASTRA FROLUN,SE;Kort;Rörligt;Övrigt;;;;
4 GOTT STAMPEN,GOTEBORG,SE;Kort;Rörligt;Mat;;;;
7 ELEVEN 4317142,GÖTEBORG,SE;Kort;Rörligt;Mat;;;;
7-ELEVEN 4015213 GOTEBORG;Kort;Rörligt;Mat;;;;
7-ELEVEN 4324101 GOTEBORG;Kort;Rörligt;Mat;;;;
7-ELEVEN 4324101,GOTEBORG,SE;Kort;Rörligt;Mat;;;;
926126 BISTRO A MOLNDA,MOLNDAL,SE;Kort;Rörligt;Mat;;;;
A-RAMAR /DITT GALLERI,GOTEBORG,SE;Kort;Rörligt;Övrigt;;;;
ACTIC SVERIGE A,LERUM,SE;Kort;Rörligt;Fritid;;;;
AHLENS VA FROLUNDA;Kort;Rörligt;Kläder;;;;
AHLENS Vaestra Froelunda,Vaestra Froel,SE;Kort;Rörligt;Kläder;;;;
AKADEMIBOKHANDE,GOTEBORG,SE;Kort;Rörligt;Övrigt;;;;
AKADEMIBOKHANDE,VASTRA FROLU,SE;Kort;Rörligt;Övrigt;;;;
ALBATROSS GOLFK,HISINGS BACK,SE;Kort;Rörligt;Mat;;;;
ALBERT,GOTEBORG,SE;Kort;Rörligt;Övrigt;;;;
AmazonMktplc*MS9LG7FO4,www.amazon.se,LU;Kort;Rörligt;Presenter;;;;
APCOA PARKING,STOCKHOLM,SE;Kort;Rörligt;Transport;;;;
APOTEK HJARTAT AVENYN GO GOTE;Kort;Rörligt;Sjukvård;;;;
APOTEK HJARTAT E CENTER,SODERHAMN,SE;Kort;Rörligt;Sjukvård;;;;
APOTEK HJARTAT ICA MAX,OSKARSHAMN,SE;Kort;Rörligt;Sjukvård;;;;
APOTEK HJARTAT ICA MAX,VASTRA FROLUN,SE;Kort;Rörligt;Sjukvård;;;;
APOTEK HJARTAT ICA MAXI H VAST;Kort;Rörligt;Sjukvård;;;;
APOTEK HJARTAT ICA MAXI H,VASTRA FROLUN,SE;Kort;Rörligt;Sjukvård;;;;
APOTEK HJARTAT KUNGSGA,GOTEBORG,SE;Kort;Rörligt;Sjukvård;;;;
APOTEK HJARTAT LINN GATAN,GOTEBORG,SE;Kort;Rörligt;Sjukvård;;;;
APOTEKET BIET,GOTEBORG,SE;Kort;Rörligt;Sjukvård;;;;
APOTEKET KORSVAGEN,GOTEBORG,SE;Kort;Rörligt;Sjukvård;;;;
APOTEKET OSTRA HAMNNG,GOTEBORG,SE;Kort;Rörligt;Sjukvård;;;;
APOTEKET OSTRA SJUKHUS,GOTEBORG,SE;Kort;Rörligt;Sjukvård;;;;
APOTEKSHOP CENTRALEN,GOETEBORG,SE;Kort;Rörligt;Sjukvård;;;;
APPLE.COM/BILL,020100529,IE;Kort;Rörligt;Övrigt;;;;
ARENA OSKARSHAM OSKARSHAMN;Kort;Rörligt;Fritid;;;;
ASKIMS BIBLIOTE,ASKIM,SE;Kort;Rörligt;Övrigt;;;;
ASKIMS CAMPING,ASKIM,SE;Kort;Rörligt;Mat;;;;
ASKIMS ISHALL BILLDAL;Kort;Rörligt;Fritid;;;;
ASKIMS SIMOCH HOVAAS;Kort;Rörligt;Fritid;;;;
ASKIMS SIMOCH,HOVAAS,SE;Kort;Rörligt;Fritid;;;;
ASKIMSBADET,ASKIM,SE;Kort;Rörligt;Fritid;;;;
ASTRID LINDGREN VERLD,VIMMERBY,SE;Kort;Rörligt;Övrigt;;;;
ASTRID LINDGREN,VIMMERBY,SE;Kort;Rörligt;Övrigt;;;;
ASTRID LINDGRENS VERLD,VIMMERBY,SE;Kort;Rörligt;Övrigt;;;;
ATM ICA KVANTUM HOVAS HOVAS;Kort;Rörligt;Mat;;;;
ATM KONTANTEN4620,ASKIM,SE;Kort;Rörligt;Övrigt;;;;
BAUHAUS GOTEBORG,HISINGSBACKA,SE;Kort;Rörligt;Boende;;;;
BAUHAUS SISJON,VESTRA FROLUN,SE;Kort;Rörligt;Boende;;;;
BEERISTA,GOTEBORG,SE;Kort;Rörligt;Mat;;;;
Bekräfta laddning av 072965418;Kort;Rörligt;Mobil;;;;
BENGANS,GOTEBORG,SE;Kort;Rörligt;Mat;;;;
BERGSTROMS FRISERSALONG,GOTEBORG,SE;Kort;Rörligt;Övrigt;;;;
BESIKTA BILPROV,STOCKHOLM,SE;Kort;Rörligt;Transport;;;;
Beställning The Hive;Kort;Rörligt;Mat;;;;
BIKEPLACE,GOTEBORG,SE;Kort;Rörligt;Övrigt;;;;
BILLDALS RIDKLUBB,BILLDAL,SE;Kort;Rörligt;Mat;;;;
BILTEMA SWEDEN GOTEBORG,GOTEBORG,SE;Kort;Rörligt;Boende;;;;
BILTEMA SWEDEN SISJON 164,VESTRA FROLUN,SE;Kort;Rörligt;Boende;;;;
BILTEMA SWEDEN SISJON,VESTRA FROLUN,SE;Kort;Rörligt;Boende;;;;
BILTEMA SWEDEN VETLAND,VETLANDA,SE;Kort;Rörligt;Boende;;;;
BILTEMA SWEDEN VETLANDA VETLAN;Kort;Rörligt;Boende;;;;
Blocketannons 20 kr;Kort;Rörligt;Övrigt;;;;
Blocketannons 30 kr;Kort;Rörligt;Övrigt;;;;
Blocketannons 50 kr;Kort;Rörligt;Övrigt;;;;
BLOMSTERJATTEN,SKENE,SE;Kort;Rörligt;Boende;;;;
BLOMSTERLANDET ASKIM;Kort;Rörligt;Boende;;;;
BLOMSTERLANDET,ASKIM,SE;Kort;Rörligt;Boende;;;;
Bodil;Kort;Rörligt;Övrigt;;;;
BOKUS STOCKHOLM;Kort;Rörligt;Övrigt;;;;
BOKUS,STOCKHOLM,SE;Kort;Rörligt;Övrigt;;;;
BOUNCE HOVAAS AB,HOVAAS,SE;Kort;Rörligt;Fritid;;;;
BOWLING,GOTEBORG,SE;Kort;Rörligt;Fritid;;;;
BRAUTIGAMS MARSIPAN KONF,FJARAS,SE;Kort;Rörligt;Mat;;;;
BRODHUSET,ASKIM,SE;Kort;Rörligt;Mat;;;;
BROGYLLEN SALUHALLEN,GOTEBORG,SE;Kort;Rörligt;Mat;;;;
BURGER KING BAC,GOTEBORG,SE;Kort;Rörligt;Mat;;;;
BURGER KING JAR GOTEBORG;Kort;Rörligt;Mat;;;;
BURGER KING JAR,GOTEBORG,SE;Kort;Rörligt;Mat;;;;
BURGER KING JAR,VASTRA FROLUN,SE;Kort;Rörligt;Mat;;;;
BURGER KING SIS,ASKIM,SE;Kort;Rörligt;Mat;;;;
BURGER KING VIA,BORAS,SE;Kort;Rörligt;Mat;;;;
BURGERSSON,GOTEBORG,SE;Kort;Rörligt;Mat;;;;
BYGGMAX/1203,KALLERED,SE;Kort;Rörligt;Boende;;;;
BYGGMAX/1204,HISINGSBACKA,SE;Kort;Rörligt;Boende;;;;
BYGGMAX/1216,ASKIM,SE;Kort;Rörligt;Boende;;;;
BYGGMAX/1223,SKENE,SE;Kort;Rörligt;Boende;;;;
C MORE,STOCKHOLM,SE;Kort;Rörligt;Övrigt;;;;
CAFE AZALEA,41476 GBG,SE;Kort;Rörligt;Boende;;;;
CAFE BADOASEN,PARTILLE,SE;Kort;Rörligt;Boende;;;;
CAFE DROTTNINGGATAN GOTEBORG;Kort;Rörligt;Boende;;;;
CEDERLEUFS SVENHEIMERS,GOTEBORG,SE;Kort;Rörligt;Boende;;;;
CIRCLE K ASKIM ASKIM;Kort;Rörligt;Transport;;;;
CIRCLE K ASKIM,ASKIM,SE;Kort;Rörligt;Transport;;;;
CIRCLE K BOLLEBYGD,BOLLEBYGD,SE;Kort;Rörligt;Transport;;;;
CIRCLE K GOTEBORG FROLUND VEST;Kort;Rörligt;Transport;;;;
CIRCLE K GOTEBORG FROLUND,VESTRA FROLUN,SE;Kort;Rörligt;Transport;;;;
CIRCLE K GOTEBORG HJAL,GOTEBORG,SE;Kort;Rörligt;Transport;;;;
CIRCLE K GOTEBORG HJALMAR GOTE;Kort;Rörligt;Transport;;;;
CIRCLE K GOTEBORG HJALMAR,GOTEBORG,SE;Kort;Rörligt;Transport;;;;
CIRCLE K GOTEBORG MARK,GOTEBORG,SE;Kort;Rörligt;Transport;;;;
CIRCLE K GOTEBORG MUNK,GOTEBORG,SE;Kort;Rörligt;Transport;;;;
CIRCLE K HISINGS BACKA BA,HISINGS BACKA,SE;Kort;Rörligt;Transport;;;;
CIRCLE K MOLNDAL SODERLED,MOLNDAL,SE;Kort;Rörligt;Transport;;;;
CIRCLE K NESSJO NESSJO;Kort;Rörligt;Transport;;;;
CIRCLE K NESSJO,NESSJO,SE;Kort;Rörligt;Transport;;;;
CIRCLE K ULRICEHAMN,ULRICEHAMN,SE;Kort;Rörligt;Transport;;;;
CITY CAR SERVICE,GOTEBORG,SE;Kort;Rörligt;Transport;;;;
CITYPARKERINGEN VETLANDA VETLA;Kort;Rörligt;Transport;;;;
CITYPARKERINGEN VETLANDA,VETLANDA,SE;Kort;Rörligt;Transport;;;;
CLAS OHLSON ASKIM;Kort;Rörligt;Boende;;;;
CLAS OHLSON,ASKIM,SE;Kort;Rörligt;Boende;;;;
CLAS OHLSON,FROLUNDA TORG,SE;Kort;Rörligt;Boende;;;;
CLAS OHLSON,GOTEBORG,SE;Kort;Rörligt;Boende;;;;
CO 252 BACKAPLA,GOTEBORG,SE;Kort;Rörligt;Övrigt;;;;
COOP FORUM SISJON ASKIM;Kort;Rörligt;Mat;;;;
COOP HAJOM,HAJOM,SE;Kort;Rörligt;Mat;;;;
COOP KALLERED,KALLERED,SE;Kort;Rörligt;Mat;;;;
COOP KILAFORS,KILAFORS,SE;Kort;Rörligt;Mat;;;;
COOP KONSUM AVENYN GOTEBORG;Kort;Rörligt;Mat;;;;
COOP KONSUM VIRSERUM,VIRSERUM,SE;Kort;Rörligt;Mat;;;;
COOP NARA MARIAGATAN,GOTEBORG,SE;Kort;Rörligt;Mat;;;;
COOP SKENE,SKENE,SE;Kort;Rörligt;Mat;;;;
den kostade bara 60tusen;Kort;Rörligt;Övrigt;;;;
DJURENS VÄRLD,VETLANDA,SE;Kort;Rörligt;Övrigt;;;;
DUBBEL BUBBEL,GOTEBORG,SE;Kort;Rörligt;Mat;;;;
DUYTAN,Goteborg,SE;Kort;Rörligt;Mat;;;;
Däcklagning;Kort;Rörligt;Transport;;;;
EASYPARK 2365415408;Kort;Rörligt;Transport;;;;
EASYPARK,2662822077,SE;Kort;Rörligt;Transport;;;;
EASYPARK,2676820639,SE;Kort;Rörligt;Transport;;;;
EBBES HORNA SVINGELN,GOTEBORG,SE;Kort;Rörligt;Mat;;;;
ECO & FAIR,GOTEBORG,SE;Kort;Rörligt;Kläder;;;;
ECORIDE AB,GOTEBORG,SE;Kort;Rörligt;Övrigt;;;;
EDAS GRILL GOTEBORG;Kort;Rörligt;Mat;;;;
EDAS GRILL,GOTEBORG,SE;Kort;Rörligt;Mat;;;;
EKEHAGENS FORNTIDSBY,ASARP,SE;Kort;Rörligt;Fritid;;;;
EKHAGENS PIZZERIA,JÖNKÖPING,SE;Kort;Rörligt;Mat;;;;
EKLANDA KROG,MOLNDAL,SE;Kort;Rörligt;Mat;;;;
ELCYKEL GOTEBORG BUTIK N,GOTEBORG,SE;Kort;Rörligt;Övrigt;;;;
ELGIGANTEN AB,GÖTEBORG,SE;Kort;Rörligt;Övrigt;;;;
ELGIGANTEN GBG,SISJON GBG,SE;Kort;Rörligt;Övrigt;;;;
ESPRESSO HOUSE 317,NASSJO,SE;Kort;Rörligt;Mat;;;;
EVA'S PARLEY,GOTEBORG,SE;Kort;Rörligt;Mat;;;;
Fam moberg;Kort;Rörligt;Övrigt;;;;
FILMSTADEN AB,STOCKHOLM,SE;Kort;Rörligt;Presenter;;;;
FJARAS GRILLEN,FJARAS,SE;Kort;Rörligt;Mat;;;;
Flixbus;Kort;Rörligt;Transport;;;;
FLUGGER AB S027,Askim,SE;Kort;Rörligt;Boende;;;;
FOLKETS HUS 513305,GOTEBORG,SE;Kort;Rörligt;Övrigt;;;;
FOLKTANDVARDEN ASKIM ASKIM;Kort;Rörligt;Sjukvård;;;;
FRANKS GATUKOK MOLNDAL,MOLNDAAL,SE;Kort;Rörligt;Mat;;;;
FROLUNDA KULTURHUS VESTRA FROL;Kort;Rörligt;Fritid;;;;
Försenat Grattis och God Jul;Kort;Rörligt;Presenter;;;;
GLADE JOHAN GODIS,GOTEBORG,SE;Kort;Rörligt;Mat;;;;
GODIS & TOBAKCENTER EK,MOLNDAL,SE;Kort;Rörligt;Mat;;;;
GODISBUTIKEN PAA AVENYN 4,GOTEBORG,SE;Kort;Rörligt;Mat;;;;
GODISHUSET,GOTEBORG,SE;Kort;Rörligt;Mat;;;;
GOOGLE *Google Play Ap,g.co/HelpPay#,IE;Kort;Rörligt;Övrigt;;;;
GOOGLE *Google,g.co/helppay#,GB;Kort;Rörligt;Övrigt;;;;
GOOGLE Google Play Ap,London,GB;Kort;Rörligt;Övrigt;;;;
GOOGLE Google Play Apps,London,GB;Kort;Rörligt;Övrigt;;;;
GOOGLE*GOOGLE,INTERNET,GB;Kort;Rörligt;Övrigt;;;;
GOOGLE*YOUTUBE VIDEOS,CC GOOGLE.COM,GB;Kort;Rörligt;Övrigt;;;;
GOTEBORG CENTRAL,GOTEBORG,SE;Kort;Rörligt;Övrigt;;;;
GOTEBORGS BOTANISKA TR,GOTEBORG,SE;Kort;Rörligt;Övrigt;;;;
GOTEBORGS GODISAFFAR,ASKIM,SE;Kort;Rörligt;Mat;;;;
GOTEBORGS KONST,GOTEBORG,SE;Kort;Rörligt;Fritid;;;;
GOTEBORGS MARITIMA CENTRU,GOTEBORG,SE;Kort;Rörligt;Fritid;;;;
GOTEBORGS STAD GOTEBORG;Kort;Rörligt;Övrigt;;;;
GOTEBORGS STADS,GOTEBORG,SE;Kort;Rörligt;Övrigt;;;;
GOTTEBORG GODISAFFAR,ASKIM,SE;Kort;Rörligt;Mat;;;;
GP.SE,INTERNET,SE;Kort;Rörligt;Övrigt;;;;
GRENNA KONFEKTYR,GRANNA,SE;Kort;Rörligt;Mat;;;;
GRENNAS BISTRO AB,GRENNA,SE;Kort;Rörligt;Mat;;;;
GRILLKIOSK,MALILLA,SE;Kort;Rörligt;Mat;;;;
GULF VIRSERUM,VIRSERUM,SE;Kort;Rörligt;Övrigt;;;;
Gustaf Moberg;Kort;Rörligt;Övrigt;;;;
GYLLENE KORVEN,Askim,SE;Kort;Rörligt;Mat;;;;
HARVEST BY MANNERSTROM,GOTEBORG,SE;Kort;Rörligt;Mat;;;;
HBO NORDIC AB,0770-455000,SE;Kort;Rörligt;Övrigt;;;;
HBO Nordic AB,Stockholm,SE;Kort;Rörligt;Övrigt;;;;
HEMGLASS GOTEBORG,VASTERAS,SE;Kort;Rörligt;Mat;;;;
HEMKOP GOTEBORG LINNEG,GOTEBORG,SE;Kort;Rörligt;Mat;;;;
HEMKOP KINNA,KINNA,SE;Kort;Rörligt;Mat;;;;
HEMKOP MOLNDAL C NEW,MOLNDAL,SE;Kort;Rörligt;Mat;;;;
HEMKÖP VÄSTRA FRÖLUNDA,VÄSTRA FRÖLUN,SE;Kort;Rörligt;Mat;;;;
HERTZ 00409 GOTEBORG,GOTEBORG,SE;Kort;Rörligt;Transport;;;;
HERTZ SWEDEN FRANCHISE,DUBLIN,IE;Kort;Rörligt;Transport;;;;
HEYNOW.AI,Goteborg,SE;Kort;Rörligt;Övrigt;;;;
HM SE0221,Goeteborg,SE;Kort;Rörligt;Kläder;;;;
HM SE0244,Vaestra Froel,SE;Kort;Rörligt;Kläder;;;;
HM SE0249,Vaestra Froel,SE;Kort;Rörligt;Kläder;;;;
HOOKS KAALLERED,KAALLERED,SE;Kort;Rörligt;Fritid;;;;
HOTELL HOGLAND,NASSJO,SE;Kort;Rörligt;Övrigt;;;;
HYNGS VILT I HALLEN AB,GOTEBORG,SE;Kort;Rörligt;Mat;;;;
HÖÖKS HÄSTSPORT,BORÅS,SE;Kort;Rörligt;Fritid;;;;
ICA FOCUS,GOTEBORG,SE;Kort;Rörligt;Mat;;;;
ICA KVANTUM FROLUNDA VASTRA FR;Kort;Rörligt;Mat;;;;
ICA KVANTUM FROLUNDA,VASTRA FROLUN,SE;Kort;Rörligt;Mat;;;;
ICA KVANTUM HOVAS HOVAS;Kort;Rörligt;Mat;;;;
ICA KVANTUM HOVAS,HOVAS,SE;Kort;Rörligt;Mat;;;;
ICA NARA HAGA GOTEBORG;Kort;Rörligt;Mat;;;;
ICA NARA HAGA,GOTEBORG,SE;Kort;Rörligt;Mat;;;;
ICA NARA KILAFORS,KILAFORS,SE;Kort;Rörligt;Mat;;;;
ICA NARA KRYSSET VIRS,VIRSERUM,SE;Kort;Rörligt;Mat;;;;
ICA NARA KRYSSET VIRSERU,VIRSERUM,SE;Kort;Rörligt;Mat;;;;
ICA NARA TOPPEN GOTEBORG,GOTEBORG,SE;Kort;Rörligt;Mat;;;;
ICA SUPERMARKET AKERED VASTRA;Kort;Rörligt;Mat;;;;
ICA SUPERMARKET AKERED,VASTRA FROLUN,SE;Kort;Rörligt;Mat;;;;
ICA SUPERMARKET FALKOPING,FALKOPING,SE;Kort;Rörligt;Mat;;;;
ICA SUPERMARKET HORNDAL,HORNDAL,SE;Kort;Rörligt;Mat;;;;
ICA SUPERMARKET MAJORNA,GOTEBORG,SE;Kort;Rörligt;Mat;;;;
idrottsrabatten Freja Moberg;Kort;Rörligt;Fritid;;;;
idrottsrabatten Gustaf Moberg;Kort;Rörligt;Fritid;;;;
IKEA-K$LLERED,K$LLERED,SE;Kort;Rörligt;Boende;;;;
Indisk mat;Kort;Rörligt;Mat;;;;
INDISKA KOKET BACKAPLAN,GOTEBORG,SE;Kort;Rörligt;Mat;;;;
INET RINGON,GOTEBORG,SE;Kort;Rörligt;Övrigt;;;;
INET SISJON,ASKIM,SE;Kort;Rörligt;Övrigt;;;;
INGO ASKIM SISJON,GOTEBORG,SE;Kort;Rörligt;Övrigt;;;;
INGO VESTRA FROLUNDA, NES,VESTRA FROLUN,SE;Kort;Rörligt;Övrigt;;;;
Inteleon AB Goteborg;Kort;Rörligt;Transport;;;;
Inteleon AB,Goteborg,SE;Kort;Rörligt;Transport;;;;
INTER BOWLING MAJORNA,GOTEBORG,SE;Kort;Rörligt;Fritid;;;;
INTERSPORT GOTE,GOTEBORG,SE;Kort;Rörligt;Övrigt;;;;
INTERSPORT GOTE,VASTRA FROLUN,SE;Kort;Rörligt;Övrigt;;;;
ITUNES.COM/BILL 020100529;Kort;Rörligt;Övrigt;;;;
ITUNES.COM/BILL ITUNES.COM;Kort;Rörligt;Övrigt;;;;
ITUNES.COM/BILL,020100529,IE;Kort;Rörligt;Övrigt;;;;
ITUNES.COM/BILL,ITUNES.COM,IE;Kort;Rörligt;Övrigt;;;;
IZ *ARKIVETS CAFE,GOTEBORG,SE;Kort;Rörligt;Mat;;;;
iZ *Boguro AB,GOTEBORG,SE;Kort;Rörligt;Mat;;;;
IZ *BOLLNAS ALPINA,BOLLNAS,SE;Kort;Rörligt;Mat;;;;
IZ *EFTERTANKE I J,JARVSO,SE;Kort;Rörligt;Mat;;;;
IZ *HOVAS HOCKEY C HOVAS;Kort;Rörligt;Mat;;;;
IZ *LINDAS INNEBAN,HOVAS,SE;Kort;Rörligt;Mat;;;;
IZ *Lindas Innebandy Klub,HOVAS,SE;Kort;Rörligt;Mat;;;;
IZ *NORDIC EXHIBIT NORRKOPING;Kort;Rörligt;Mat;;;;
iZ *Svanstrom Lin,Styrso,SE;Kort;Rörligt;Mat;;;;
JOHN SCOTT'S,GOTEBORG,SE;Kort;Rörligt;Mat;;;;
JOHN SCOTT'S,MOLNDAL,SE;Kort;Rörligt;Mat;;;;
JULA AB,ASKIM,SE;Kort;Rörligt;Boende;;;;
JYSK KAALLERED,KAALLERED,SE;Kort;Rörligt;Boende;;;;
Jysk Vastra Frolunda,Vastra Frolun,SE;Kort;Rörligt;Boende;;;;
Jysk Vetlanda,Vetlanda,SE;Kort;Rörligt;Boende;;;;
K-RAUTA,MOLNDAL,SE;Kort;Rörligt;Boende;;;;
KAPPAHL 142,V. FROLUNDA,SE;Kort;Rörligt;Kläder;;;;
KD APOTEK ASKIM;Kort;Rörligt;Sjukvård;;;;
KD APOTEK,ASKIM,SE;Kort;Rörligt;Sjukvård;;;;
KD APOTEK,GOTEBORG,SE;Kort;Rörligt;Sjukvård;;;;
KD APOTEK,HISINGS BACKA,SE;Kort;Rörligt;Sjukvård;;;;
KICKS V FROELUNDA,VAESTRA FROEL,SE;Kort;Rörligt;Kläder;;;;
KIOSKER SCANDI,GOTEBORG,SE;Kort;Rörligt;Mat;;;;
KJELL & CO 51,VASTRA FROLUN,SE;Kort;Rörligt;Övrigt;;;;
KJELL & CO 71 GOTEBORG;Kort;Rörligt;Övrigt;;;;
Kläder;Kort;Rörligt;Kläder;;;;
Kläder Freja Moberg;Kort;Rörligt;Kläder;;;;
KNUT I BAZAREN,GOTEBORG,SE;Kort;Rörligt;Mat;;;;
KRY.SE,STOCKHOLM,SE;Kort;Rörligt;Mat;;;;
KUNGSFOTO AB,NORRKOPING,SE;Kort;Rörligt;Sjukvård;;;;
LAGERHAUS GOTEBORG/247,GOTEBORG,SE;Kort;Rörligt;Övrigt;;;;
LEKIA,ASKIM,SE;Kort;Rörligt;Övrigt;;;;
LEKIA,GOTEBORG,SE;Kort;Rörligt;Övrigt;;;;
LIDL 274/GBG FROLUNDA DIS,GOTEBORG,SE;Kort;Rörligt;Mat;;;;
LIDL 274/GBG FROLUNDA,GOTEBORG,SE;Kort;Rörligt;Mat;;;;
LIFE SISJON,ASKIM,SE;Kort;Rörligt;Sjukvård;;;;
LIM*RIDE COST,STOCKHOLM,SE;Kort;Rörligt;Övrigt;;;;
LIME SWEDEN,STOCKHOLM,SE;Kort;Rörligt;Övrigt;;;;
LIME,STOCKHOLM,SE;Kort;Rörligt;Övrigt;;;;
LINDEX/36,VESTRA FROLUN,SE;Kort;Rörligt;Kläder;;;;
LINDEX/39,OSKARSHAMN,SE;Kort;Rörligt;Kläder;;;;
LJUNGSTROMS KOK,JERVSO,SE;Kort;Rörligt;Mat;;;;
LLOYDSAPOTEK BILLDAL GOTEBORG;Kort;Rörligt;Sjukvård;;;;
LLOYDSAPOTEK BILLDAL,GOTEBORG,SE;Kort;Rörligt;Sjukvård;;;;
LLOYDSAPOTEK102,Hovaas,SE;Kort;Rörligt;Sjukvård;;;;
LUNDBY BIBLIOTE GOTEBORG;Kort;Rörligt;Övrigt;;;;
LUNDBYBADET,GOTEBORG,SE;Kort;Rörligt;Fritid;;;;
MARIA LIVS ATRASAM LIVS,GOTEBORG,SE;Kort;Rörligt;Mat;;;;
MARIAS I KINNA AB,KINNA,SE;Kort;Rörligt;Mat;;;;
MATLYCKAN AB,NASSJO,SE;Kort;Rörligt;Mat;;;;
MAXI ICA STORMARKNAD H,VASTRA FROLUN,SE;Kort;Rörligt;Mat;;;;
MAXI ICA STORMARKNAD HOGS VAST;Kort;Rörligt;Mat;;;;
MAXI ICA STORMARKNAD HOGS,VASTRA FROLUN,SE;Kort;Rörligt;Mat;;;;
MAXI ICA STORMARKNAD O,OSKARSHAMN,SE;Kort;Rörligt;Mat;;;;
MAXI ICA STORMARKNAD OSKA OSKA;Kort;Rörligt;Mat;;;;
MAXI ICA STORMARKNAD TORS,TORSLANDA,SE;Kort;Rörligt;Mat;;;;
MAXI ICA STORMARKNAD U,ULRICEHAMN,SE;Kort;Rörligt;Mat;;;;
MAXI ICA STORMARKNAD V,VETLANDA,SE;Kort;Rörligt;Mat;;;;
MCD 066 - A6 MC,JONKOPING,SE;Kort;Rörligt;Mat;;;;
MCD 238 GBG, RA GOTEBORG;Kort;Rörligt;Mat;;;;
MCD 238 GBG, RA,GOTEBORG,SE;Kort;Rörligt;Mat;;;;
MCD 97 - BORAS,BORAS,SE;Kort;Rörligt;Mat;;;;
MCD SCANDINAV,GOTEBORG,SE;Kort;Rörligt;Mat;;;;
MCD ULRICEHAMN,ULRICEHAMN,SE;Kort;Rörligt;Mat;;;;
MCDONALD S LAND LANDVETTER;Kort;Rörligt;Mat;;;;
MCDONALD´S LAND,LANDVETTER,SE;Kort;Rörligt;Mat;;;;
MCDONALDS 131 OSKARSHAMN;Kort;Rörligt;Mat;;;;
MCDONALDS 222 V VETLANDA;Kort;Rörligt;Mat;;;;
MCDONALDS 222 V,VETLANDA,SE;Kort;Rörligt;Mat;;;;
MCDONALDS BACK,GOTEBORG,SE;Kort;Rörligt;Mat;;;;
MCDONALDS FROLU VASTRA FROLUN;Kort;Rörligt;Mat;;;;
MCDONALDS FROLU,VASTRA FROLUN,SE;Kort;Rörligt;Mat;;;;
MCDONALDS GOTEB,GOTEBORG,SE;Kort;Rörligt;Mat;;;;
MCDONALDS HULTA,BORAS,SE;Kort;Rörligt;Mat;;;;
MCDONALDS KINNA,KINNA,SE;Kort;Rörligt;Mat;;;;
MCDONALDS KIOSK,KUNGSBACKA,SE;Kort;Rörligt;Mat;;;;
MCDONALDS MOLND MOLNDAL;Kort;Rörligt;Mat;;;;
MCDONALDS MOLND,MOLNDAL,SE;Kort;Rörligt;Mat;;;;
MCDONALDS ONSAL,KUNGSBACKA,SE;Kort;Rörligt;Mat;;;;
MCDONALDS,GOTEBORG,SE;Kort;Rörligt;Mat;;;;
MEKONOMEN BILLI,VASTRA FROLU,SE;Kort;Rörligt;Transport;;;;
MEKONOMENTORPAV,GÖTEBORG,SE;Kort;Rörligt;Transport;;;;
Metallica;Kort;Rörligt;Övrigt;;;;
Microsoft*Store,msbill.info,IE;Kort;Rörligt;Övrigt;;;;
MR GATSBY PIZZERIA ASKIM;Kort;Rörligt;Mat;;;;
MR GATSBY PIZZERIA,Askim,SE;Kort;Rörligt;Mat;;;;
MR INDIA GOTEBORG;Kort;Rörligt;Mat;;;;
MR TOMATO,GOTEBORG,SE;Kort;Rörligt;Mat;;;;
MYCASE-PODRUZNICA ZAGR,ZAGREB,HR;Kort;Rörligt;Övrigt;;;;
MYSKJE MACKEN,SODERALA,SE;Kort;Rörligt;Mat;;;;
NARA DEJ VETLANDA,VETLANDA,SE;Kort;Rörligt;Mat;;;;
NETS*collagefoto.se,Malmo,SE;Kort;Rörligt;Övrigt;;;;
NIDS 4 KIDS,GOTEBORG,SE;Kort;Rörligt;Kläder;;;;
NOBELIUS VILTAFFAR AB,GOTEBORG,SE;Kort;Rörligt;Mat;;;;
NORDSTANS SAMFA,GOTEBORG,SE;Kort;Rörligt;Mat;;;;
Nota Harvest by Mannerström;Kort;Rörligt;Mat;;;;
NOTKARNAN HOVASASKIM VC ASKIM;Kort;Rörligt;Sjukvård;;;;
NRG PIZZA 225,JONKOPING,SE;Kort;Rörligt;Mat;;;;
NYA*Albrechts Lunchres,97237694380,SE;Kort;Rörligt;Mat;;;;
NYA*Enhet 2008,97237694380,SE;Kort;Rörligt;Mat;;;;
NYA*Toalett,46031920985,SE;Kort;Rörligt;Övrigt;;;;
O LEARYS GOTEBO,GOTEBORG,SE;Kort;Rörligt;Mat;;;;
OKQ8 GOTEBORG;Kort;Rörligt;Transport;;;;
OKQ8 LANDVETTER;Kort;Rörligt;Transport;;;;
OKQ8,BILLDAL,SE;Kort;Rörligt;Transport;;;;
OKQ8,GOTEBORG,SE;Kort;Rörligt;Transport;;;;
OKQ8,VASTRA FROLUN,SE;Kort;Rörligt;Transport;;;;
OKQ8,VÄSTRA FRÖLUN,SE;Kort;Rörligt;Transport;;;;
ONGO VASTRA FROLUN;Kort;Rörligt;Transport;;;;
ONGO,VASTRA FROLUN,SE;Kort;Rörligt;Transport;;;;
PA SPARET,VIMMERBY,SE;Kort;Rörligt;Mat;;;;
Panda -Gustav /Bengt;Kort;Rörligt;Övrigt;;;;
Pandaförsäljningen;Kort;Rörligt;Övrigt;;;;
PANDURO HOBBY,VESTRA FROLUN,SE;Kort;Rörligt;Övrigt;;;;
PARKERINGSBOLAGET GOTEBORG;Kort;Rörligt;Transport;;;;
PARKERINGSBOLAGET,GOTEBORG,SE;Kort;Rörligt;Transport;;;;
PILENS PIZZERIA,ASKIM,SE;Kort;Rörligt;Mat;;;;
PIZZERIA VIVALDI,ASKIM,SE;Kort;Rörligt;Mat;;;;
pjäxor;Kort;Rörligt;Fritid;;;;
PLANTAGEN ASKIM ASKIM;Kort;Rörligt;Boende;;;;
PLANTAGEN ASKIM,ASKIM,SE;Kort;Rörligt;Boende;;;;
PodMe Stockholm;Kort;Rörligt;Övrigt;;;;
PodMe,Stockholm,SE;Kort;Rörligt;Övrigt;;;;
PRALINEHUSET H.R AB,GOTEBORG,SE;Kort;Rörligt;Mat;;;;
PREEM ASKIM;Kort;Rörligt;Transport;;;;
PREEM,ASKIM,SE;Kort;Rörligt;Transport;;;;
PREEM,BORAS,SE;Kort;Rörligt;Transport;;;;
PREEM,GOTEBORG,SE;Kort;Rörligt;Transport;;;;
PREEM,MÅLILLA,SE;Kort;Rörligt;Transport;;;;
present Maria;Kort;Rörligt;Presenter;;;;
PRESSBYRAN 4025133,GOTEBORG,SE;Kort;Rörligt;Mat;;;;
PRESSBYRAN 4028140,GOTEBORG,SE;Kort;Rörligt;Mat;;;;
PRESSBYRAN 4028142,GOTEBORG,SE;Kort;Rörligt;Mat;;;;
PRESSBYRAN 4050156,GOTEBORG,SE;Kort;Rörligt;Mat;;;;
PRESSBYRAN 4128121,V. FROLUNDA,SE;Kort;Rörligt;Mat;;;;
PRESSBYRAN 4128810,GOTEBORG,SE;Kort;Rörligt;Mat;;;;
PRESSBYRAN 4244040,GOTEBORG,SE;Kort;Rörligt;Mat;;;;
PRESSBYRAN 4325123,VASTRA FROLUN,SE;Kort;Rörligt;Mat;;;;
PRESSBYRAN 4325181,GOTEBORG,SE;Kort;Rörligt;Mat;;;;
PRESSBYRÅN 4150145,GÖTEBORG,SE;Kort;Rörligt;Mat;;;;
PRESSBYRÅN 4228100,GÖTEBORG,SE;Kort;Rörligt;Mat;;;;
Qliro;Kort;Rörligt;Övrigt;;;;
QSTAR VETLANDA,VETLANDA,SE;Kort;Rörligt;Transport;;;;
RADIOSPELET,VASTRA FROLUN,SE;Kort;Rörligt;Övrigt;;;;
RAINBOW GLASS GODIS,GOTEBORG,SE;Kort;Rörligt;Mat;;;;
RASTPUNKT LAXA,LAXA,SE;Kort;Rörligt;Mat;;;;
REPAIRHOUSE AB,Vastra Frolun,SE;Kort;Rörligt;Övrigt;;;;
RESTAURANG DUBBEL GARDEN,GOTEBORG,SE;Kort;Rörligt;Mat;;;;
RESTAURANG GAST,GOTEBORG,SE;Kort;Rörligt;Mat;;;;
RESTAURANG GREENS,VESTRA FROLUN,SE;Kort;Rörligt;Mat;;;;
RESTAURANG RASA SA YANG,MOLNDAL,SE;Kort;Rörligt;Mat;;;;
RESTURANG DIVAN,GOTEBORG,SE;Kort;Rörligt;Mat;;;;
Rivjärn;Kort;Rörligt;Övrigt;;;;
RNB Retail and Brands,Stockholm,SE;Kort;Rörligt;Övrigt;;;;
ROOTS,GOTEBORG,SE;Kort;Rörligt;Mat;;;;
RUDDALENS GYM,VASTRA FROLUN,SE;Kort;Rörligt;Fritid;;;;
RUSTA SISJON 46,ASKIM,SE;Kort;Rörligt;Boende;;;;
SALUHALLEN SERVERING,GOTEBORG,SE;Kort;Rörligt;Mat;;;;
SAMUI THAI KITCHEN GOTEBORG;Kort;Rörligt;Mat;;;;
SANGJATTEN SVERIGE HOG,VASTRA FROLUN,SE;Kort;Rörligt;Boende;;;;
SANGUINE,GOTEBORG,SE;Kort;Rörligt;Mat;;;;
SANKT JORGEN PARK RESORT,GOTEBORG,SE;Kort;Rörligt;Mat;;;;
SEGA GUBBEN,GOTEBORG,SE;Kort;Rörligt;Mat;;;;
SHELL 7-11 61327 VIARED BORAAS;Kort;Rörligt;Transport;;;;
SHELL ASKIM VAR,ASKIM,SE;Kort;Rörligt;Transport;;;;
SHELL BOTTNARYD,BOTTNARYD,SE;Kort;Rörligt;Transport;;;;
SHELL FJARAAS,FJARAAS,SE;Kort;Rörligt;Transport;;;;
SHELL GOTEBORG,GOTEBORG,SE;Kort;Rörligt;Transport;;;;
SHELL GÖTEBORG,,GÖTEBORG,SE;Kort;Rörligt;Transport;;;;
SHELL VASTRA FR,VASTRA FROLUN,SE;Kort;Rörligt;Transport;;;;
SKARA SOMMARLAND,AXVALL,SE;Kort;Rörligt;Fritid;;;;
SKENE KROG SVENSK OCH TUR,SKENE,SE;Kort;Rörligt;Mat;;;;
SKOVDE ARENA,SKOVDE,SE;Kort;Rörligt;Fritid;;;;
skål;Kort;Rörligt;Övrigt;;;;
SMSPARK.SE,MOLNDAL,SE;Kort;Rörligt;Transport;;;;
SOTA BAR SWEDEN AB,GOTEBORG,SE;Kort;Rörligt;Mat;;;;
SOTA BAR SWEDEN AB,KUNGALV,SE;Kort;Rörligt;Mat;;;;
SPORTARENAN GOTEBORG VESTRA FR;Kort;Rörligt;Övrigt;;;;
SPORTSHOPEN SIS,ASKIM,SE;Kort;Rörligt;Kläder;;;;
ST1 VETLANDA,EKENÄSSJÖN,SE;Kort;Rörligt;Transport;;;;
STADIUM BACKAPL,GOTEBORG,SE;Kort;Rörligt;Kläder;;;;
STADIUM OUTLET,ASKIM,SE;Kort;Rörligt;Kläder;;;;
STADIUM SISJON,ASKIM,SE;Kort;Rörligt;Kläder;;;;
STADIUM VASTRA,VASTRA FROLUN,SE;Kort;Rörligt;Kläder;;;;
Star Stable NS9MQID1,Stockholm,SE;Kort;Rörligt;Övrigt;;;;
STAR,GOTEBORG,SE;Kort;Rörligt;Mat;;;;
STORA COOP BACKAPLAN,GOTEBORG,SE;Kort;Rörligt;Mat;;;;
STORA COOP BACKEBOL,HISINGS BACKA,SE;Kort;Rörligt;Mat;;;;
STORA COOP BACKEBOL,HISINGSBACKA,SE;Kort;Rörligt;Mat;;;;
STORA COOP SISJON,ASKIM,SE;Kort;Rörligt;Mat;;;;
STORA COOP SISJÖN,ASKIM,SE;Kort;Rörligt;Mat;;;;
Storytel Sweden AB,Stockholm,SE;Kort;Rörligt;Övrigt;;;;
SUSHI GARDEN,GOTEBORG,SE;Kort;Rörligt;Övrigt;;;;
Swish;Kort;Rörligt;Övrigt;;;;
Swish från AXEL BJÖRKLUND;Kort;Rörligt;Övrigt;;;;
Swish från Bodil Karlsson;Kort;Rörligt;Övrigt;;;;
Swish från Gunvor Karlsson;Kort;Rörligt;Övrigt;;;;
Swish från Karlsson, Bodil;Kort;Rörligt;Övrigt;;;;
Swish från MARTIN BERGENSTEIN;Kort;Rörligt;Övrigt;;;;
Swish från SARA PALMQVIST;Kort;Rörligt;Övrigt;;;;
Swish till BILLDALS RIDKLUBB;Kort;Rörligt;Övrigt;;;;
Swish till BSGA GÖTEBORG AB;Kort;Rörligt;Övrigt;;;;
Swish till Jakobsson, Morgan;Kort;Rörligt;Övrigt;;;;
Swish till NYA JÄRNBODEN I VIRSERU;Kort;Rörligt;Boende;;;;
Swish till SF Anytime AB;Kort;Rörligt;Övrigt;;;;
Swish till SOKOLOVA CONSULT AB;Kort;Rörligt;Övrigt;;;;
Swish till TOMAS FRÖDIN;Kort;Rörligt;Övrigt;;;;
Swish till VÄSTTRAFIK AB;Kort;Rörligt;Övrigt;;;;
Swish återbet från SF Anytime AB;Kort;Rörligt;Övrigt;;;;
SwishPaymentMessage;Kort;Rörligt;Övrigt;;;;
SYSTEMBOLAGET ASKIM ASKIM;Kort;Rörligt;Mat;;;;
SYSTEMBOLAGET ASKIM,ASKIM,SE;Kort;Rörligt;Mat;;;;
SYSTEMBOLAGET GOTEBORG,GOTEBORG,SE;Kort;Rörligt;Mat;;;;
SYSTEMBOLAGET HOVAS,HOVAS,SE;Kort;Rörligt;Mat;;;;
Tack !;Kort;Rörligt;Övrigt;;;;
TANDOORI KITCHEN,GOTEBORG,SE;Kort;Rörligt;Mat;;;;
TANKA SISJON,GOTEBORG,SE;Kort;Rörligt;Transport;;;;
TAXI GOTEBORG,GOTEBORG,SE;Kort;Rörligt;Transport;;;;
TEAM SPORTIA SODERHAMN,SODERHAMN,SE;Kort;Rörligt;Kläder;;;;
Toalett,Borlange,SE;Kort;Rörligt;Övrigt;;;;
TOETOE LTD,442088309955,GB;Kort;Rörligt;Övrigt;;;;
TOYSRUS 3212 Askim S;Kort;Rörligt;Övrigt;;;;
TRE INDIER GOTEBORG;Kort;Rörligt;Mat;;;;
TRIUMF GLASS OCH GODIS,VESTRA FROLUN,SE;Kort;Rörligt;Mat;;;;
tvärflöjt;Kort;Rörligt;Övrigt;;;;
TYSKA BRON,GOTEBORG,SE;Kort;Rörligt;Övrigt;;;;
UDEMY: ONLINE COURSES,DUBLIN 2,IE;Kort;Rörligt;Övrigt;;;;
ULLA J PLATS,MOLNDAL,SE;Kort;Rörligt;Mat;;;;
ULRICEHAMN SKIC ULRICEHAMN;Kort;Rörligt;Fritid;;;;
V F BIBLIOTEK VASTRA FROLUN;Kort;Rörligt;Övrigt;;;;
VASAKLINIKEN I SVERIGE GOTEBOR;Kort;Rörligt;Sjukvård;;;;
Vasttrafik AB Goteborg;Kort;Rörligt;Transport;;;;
Vasttrafik AB,Goteborg,SE;Kort;Rörligt;Transport;;;;
VÄSTTRAFIK AB,GOTEBORG,SE;Kort;Rörligt;Transport;;;;
WILLYS HEMMA GOTEBORG,GOTEBORG,SE;Kort;Rörligt;Mat;;;;
WILLYS HEMMA PAVELUND,VASTRA FROLUN,SE;Kort;Rörligt;Mat;;;;
WILLYS HVITFELDTSPLATS,GOTEBORG,SE;Kort;Rörligt;Mat;;;;
WILLYS OSKARSHAMN SNIC OSKARSH;Kort;Rörligt;Mat;;;;
WILLYS SISJON ASKIM;Kort;Rörligt;Mat;;;;
WILLYS SISJON,ASKIM,SE;Kort;Rörligt;Mat;;;;
WILLYS SISJÖN,ASKIM,SE;Kort;Rörligt;Mat;;;;
WWW.BILTEMA.COM,HELSINGBORG,SE;Kort;Rörligt;Boende;;;;
WWW.SFANYTIME.COM STOCKHOLM;Kort;Rörligt;Övrigt;;;;
WWW.SFANYTIME.COM,STOCKHOLM,SE;Kort;Rörligt;Övrigt;;;;
WWW.TELENOR.SE,HELSINGBORG,SE;Kort;Rörligt;Mobil;;;;
XXH M SE0249 VASTRA FR VASTRA;Kort;Rörligt;Kläder;;;;
XXL SPORT &VILD,ASKIM,SE;Kort;Rörligt;Kläder;;;;
XXL SPORT VILD ASKIM;Kort;Rörligt;Kläder;;;;
XXL SPORT VILD,ASKIM,SE;Kort;Rörligt;Kläder;;;;
Kök;Kort;Rörligt;Mat;;;;
Grill;Kort;Rörligt;Mat;;;;
DAHLS BAGERI,GOTEBORG,SE;Kortköp;Rörligt;Mat;;;;
DANILO RESTAURA,GOTEBORG,SE;Kortköp;Rörligt;Mat;;;;
DARYAS PIZZERIA,GOTEBORG,SE;Kortköp;Rörligt;Mat;;;;
90296610293;Låneinbetalning;Fasta;Boende;Lån;;;
90296610307;Låneinbetalning;Fasta;Boende;Lån;;;
90296610315;Låneinbetalning;Fasta;Boende;Lån;;;
90296610323;Låneinbetalning;Fasta;Boende;Lån;;;
90296610331;Låneinbetalning;Fasta;Boende;Lån;;;
90297468296;Låneinbetalning;Fasta;Boende;Lån;;;
90620302712;Låneinbetalning;Fasta;Boende;Lån;;;
Låneinbetalning;Låneinbetalning;Fasta;Lån;;;;
Löneinsättning;Löneinsättning;Fasta;Lön;;;;
832796936540654;Överföring;Fasta;Spara;Barn;;;
832796936540829;Överföring;Fasta;Spara;Barn;;;
HALLON FREJA;Överföring;Fasta;Mobil;Barn;;;
HALLON GUSTAF;Överföring;Fasta;Mobil;Barn;;;
Mobik;Överföring;Fasta;Mobil;Barn;;;
Mobil;Överföring;Fasta;Mobil;Barn;;;
Mobil barnen;Överföring;Fasta;Mobil;Barn;;;
Mobil gustaf;Överföring;Fasta;Mobil;Barn;;;
MOBL BARNEN;Överföring;Fasta;Mobil;Barn;;;
Överf ISK;Överföring;Fasta;Spara;Barn;;;
Mobilskal Gustaf;Överföring;Rörligt;Mobil;Barn;;;
9025.19.457.76;Överföring;Fasta;ÖverföringMat;;;;
Avbetalning bil Fredrik;Överföring;Fasta;ÖverföringSparande;;;;
BARN MOBIL;Överföring;Fasta;Mobil;;;;
Barnens mobil;Överföring;Fasta;Mobil;;;;
Barnens tfn;Överföring;Fasta;Mobil;;;;
Tillf mobil freja;Överföring;Fasta;Mobil;;;;
Tillf mobil frha;Överföring;Fasta;Mobil;;;;
2977373834 COLLECTOR;Överföring;Rörligt;Övrigt;;;;
5037.20.012.46;Överföring;Rörligt;Övrigt;;;;
9023.78.886.63;Överföring;Rörligt;ÖverföringLönBodil;;;;
9023.78.886.63 saxar o frisyr;Överföring;Rörligt;ÖverföringLönBodil;;;;
9023.78.887.01;Överföring;Rörligt;ÖverföringLönFredrik;;;;
9023.78.887.28;Överföring;Rörligt;ÖverföringRäkning;;;;
9023.78.887.36;Överföring;Rörligt;ÖverföringSparande;;;;
9023.78.898.13;Överföring;Rörligt;ÖverföringLikvid;;;;
9023.94.307.61;Överföring;Rörligt;ÖverföringBilkonto;;;;
9024.12.656.91;Överföring;Rörligt;Övrigt;;;;
9025.16.069.12;Överföring;Rörligt;Barn;;;;
Apotek;Överföring;Rörligt;Sjukvård;;;;
Astrid Lindgren;Överföring;Rörligt;Övrigt;;;;
BAUHAUS;Överföring;Rörligt;Boende;;;;
Bauhaus rep, kakel;Överföring;Rörligt;Boende;;;;
Bensib;Överföring;Rörligt;Transport;;;;
Bensin;Överföring;Rörligt;Transport;;;;
BESIKTNING;Överföring;Rörligt;Transport;;;;
Bil;Överföring;Rörligt;Transport;;;;
BILHYRA;Överföring;Rörligt;Transport;;;;
Billån löst volvon beyald;Överföring;Rörligt;Transport;;;;
BILREP;Överföring;Rörligt;Transport;;;;
Biltema;Överföring;Rörligt;Boende;;;;
biltema lampa;Överföring;Rörligt;Boende;;;;
blocket;Överföring;Rörligt;Övrigt;;;;
BODA HUS;Överföring;Rörligt;Boende;;;;
Bodil Karlsson;Överföring;Rörligt;Övrigt;;;;
boende 2 Nässjö;Överföring;Rörligt;Boende;;;;
boende Nässjö;Överföring;Rörligt;Boende;;;;
bäddmadrass;Överföring;Rörligt;Boende;;;;
Compeed;Överföring;Rörligt;Sjukvård;;;;
Compeed igen;Överföring;Rörligt;Sjukvård;;;;
Conpeed apotek;Överföring;Rörligt;Sjukvård;;;;
CORONA TEST;Överföring;Rörligt;Sjukvård;;;;
Cykel g;Överföring;Rörligt;Fritid;;;;
Dammsugare;Överföring;Rörligt;Boende;;;;
Dannsugare;Överföring;Rörligt;Boende;;;;
Disk Stråtjära;Överföring;Rörligt;Övrigt;;;;
Däckbyte;Överföring;Rörligt;Transport;;;;
extra fredrik;Överföring;Rörligt;Övrigt;;;;
Fg skor;Överföring;Rörligt;Kläder;;;;
Flyttsajer;Överföring;Rörligt;Boende;;;;
Flyttsaker;Överföring;Rörligt;Boende;;;;
Fläkt;Överföring;Rörligt;Boende;;;;
FLÄKTPLATTA;Överföring;Rörligt;Boende;;;;
Flöjt;Överföring;Rörligt;Fritid;;;;
Fonder fel;Överföring;Rörligt;Övrigt;;;;
FOTBOLL FREJ;Överföring;Rörligt;Fritid;;;;
FREDRIK MOBERG;Överföring;Rörligt;Övrigt;;;;
Freja borste;Överföring;Rörligt;Övrigt;;;;
Freja hämtar bilnyckel;Överföring;Rörligt;Övrigt;;;;
FRÅN LÖNEKONTO;Överföring;Rörligt; ;;;;
färg till vilg;Överföring;Rörligt;Boende;;;;
Gi o f skor;Överföring;Rörligt;Kläder;;;;
Glasögon mm;Överföring;Rörligt;Övrigt;;;;
GOD JUL;Överföring;Rörligt;Presenter;;;;
Golv;Överföring;Rörligt;Boende;;;;
Gustafs kalaskonto;Överföring;Rörligt;Presenter;;;;
jacka freja;Överföring;Rörligt;Kläder;;;;
Jord och gödsel;Överföring;Rörligt;Boende;;;;
Julia;Överföring;Rörligt;Presenter;;;;
Julia pres;Överföring;Rörligt;Presenter;;;;
Juljlappp Rolf;Överföring;Rörligt;Bidrag;;;;
JULKLAPP ROLF;Överföring;Rörligt;Bidrag;;;;
JULKLAPPAR AMAZON;Överföring;Rörligt;Presenter;;;;
JULKLAPPAR BOKUS;Överföring;Rörligt;Presenter;;;;
Julklappar Rolf;Överföring;Rörligt;Bidrag;;;;
kaffebryggare vilg;Överföring;Rörligt;Boende;;;;
Kalaspresenter;Överföring;Rörligt;Presenter;;;;
Kläder barn;Överföring;Rörligt;Kläder;;;;
Kläder barn en;Överföring;Rörligt;Kläder;;;;
KLÄDER BARNEN;Överföring;Rörligt;Kläder;;;;
Kylväska;Överföring;Rörligt;Boende;;;;
Lajan;Överföring;Rörligt;Boende;;;;
Lakan;Överföring;Rörligt;Boende;;;;
lampor madrass;Överföring;Rörligt;Boende;;;;
Lister;Överföring;Rörligt;Boende;;;;
Listwr;Överföring;Rörligt;Boende;;;;
Lisyer;Överföring;Rörligt;Boende;;;;
madrass mio;Överföring;Rörligt;Boende;;;;
madrasser 2st;Överföring;Rörligt;Boende;;;;
Mar Oskarshamn;Överföring;Rörligt;Mat;;;;
MAT;Överföring;Rörligt;Mat;;;;
Mat coop;Överföring;Rörligt;Mat;;;;
mat extra;Överföring;Rörligt;Mat;;;;
mat fredrik;Överföring;Rörligt;Mat;;;;
mat hovås;Överföring;Rörligt;Mat;;;;
mat Ica maxi;Överföring;Rörligt;Mat;;;;
mat Ica naxi;Överföring;Rörligt;Mat;;;;
mat kompletering;Överföring;Rörligt;Mat;;;;
Mat midsommar;Överföring;Rörligt;Mat;;;;
Mat o apotek;Överföring;Rörligt;Mat;;;;
mat röda byx affären;Överföring;Rörligt;Mat;;;;
Mat Virserum;Överföring;Rörligt;Mat;;;;
MAT WILLY;Överföring;Rörligt;Mat;;;;
MAT WILLYS;Överföring;Rörligt;Mat;;;;
MAT, APOTEK, KLÄDER;Överföring;Rörligt;Mat;;;;
mm att coop;Överföring;Rörligt;Mat;;;;
mm att Ica maxi;Överföring;Rörligt;Mat;;;;
Nat;Överföring;Rörligt;Mat;;;;
PRESENT G O;Överföring;Rörligt;Presenter;;;;
PRESENT GUNVOR;Överföring;Rörligt;Presenter;;;;
PRESENT GUSTAF;Överföring;Rörligt;Presenter;;;;
Presenter;Överföring;Rörligt;Presenter;;;;
Regnkläder;Överföring;Rörligt;Kläder;;;;
Resesäng;Överföring;Rörligt;Boende;;;;
röjsåg;Överföring;Rörligt;Boende;;;;
Saluhall;Överföring;Rörligt;Mat;;;;
saluhallen;Överföring;Rörligt;Mat;;;;
Sanering;Överföring;Rörligt;Boende;;;;
SISJ;Överföring;Rörligt;Övrigt;;;;
Skolkatalog;Överföring;Rörligt;Övrigt;;;;
Skolkläder och skolsaker;Överföring;Rörligt;Kläder;;;;
skor Gustaf;Överföring;Rörligt;Kläder;;;;
skridskor;Överföring;Rörligt;Fritid;;;;
Snabböverföring;Överföring;Rörligt;Övrigt;;;;
Sovsäck;Överföring;Rörligt;Fritid;;;;
spackel och cement;Överföring;Rörligt;Boende;;;;
Spade;Överföring;Rörligt;Boende;;;;
stolar jysk;Överföring;Rörligt;Boende;;;;
Stugprylar;Överföring;Rörligt;Boende;;;;
säng;Överföring;Rörligt;Boende;;;;
tapetklister;Överföring;Rörligt;Boende;;;;
TAPETKLISTTER;Överföring;Rörligt;Boende;;;;
Taxi;Överföring;Rörligt;Transport;;;;
termo byxor;Överföring;Rörligt;Kläder;;;;
till dörr;Överföring;Rörligt;Boende;;;;
Till Ebe;Överföring;Rörligt;Övrigt;;;;
Till ene;Överföring;Rörligt;Boende;;;;
TILL G & F;Överföring;Rörligt;Övrigt;;;;
Till ge;Överföring;Rörligt;Övrigt;;;;
Till matinköp;Överföring;Rörligt;Mat;;;;
toa, kakelvvs;Överföring;Rörligt;Boende;;;;
Täckning 23e;Överföring;Rörligt;Övrigt;;;;
veckomat;Överföring;Rörligt;Mat;;;;
VENTIL;Överföring;Rörligt;Boende;;;;
vilg husesyn;Överföring;Rörligt;Övrigt;;;;
vilg, besiktning;Överföring;Rörligt;Övrigt;;;;
WILLYS;Överföring;Rörligt;Mat;;;;
ÅTERBETALNIN;Överföring;Rörligt;Bidrag;;;;
överdrag f o g;Överföring;Rörligt;Kläder;;;;
ÖVERFÖRING;Överföring;Rörligt;Övrigt;;;;
