Institutions;Sector;ESA10 category;Classification applies from;Date classified on the PSCG;Notes;
HERTZ 00113 GOTEBORG,GOTEBORG,SE;Former Public Corporation;S.11001;1-Dec-02;May-12;;
BOKUS,STOCKHOLM,SE;Former Public Corporation;S.11001;1-Jul-11;Jul-13;;
Överf ISK;Public Non-Financial Corporation;S.11001;1-Nov-00;May-12;;
Överf ISK;Public Non-Financial Corporation;S.11001;22-Jul-08;;;
Panda -Gustav /Bengt;Local Government;S.1313;;;;
JULKLAPP ROLF;Former Public Non-Financial Corporation;S.11001;2-Dec-15;Oct-16;In accordance with internationally agreed rules in the Europeans System of Accounts 2010 (ESA2010) and accompanying Manual on Government Deficit and Debt 2016 (MGDD 2016), ONS has reviewed the classification of Scottish Trust Ports. Based on provisions contained within the Ports Act 1991, these were previously classified as public non-financial corporations (S.11001). The Scottish Government introduced new legislation in 2015 (the Harbours (Scotland) Act) to repeal sections of the Ports Act 1991 with a view to removing public sector control of Scottish Trust Ports. Following consideration of this legislation, ONS concluded that the Scottish Trust Ports are no longer subject to public sector controls. Scottish Trust Ports are now classified as private non-financial corporations, with this decision effective from 2 December 2015.;
PRESENT GUNVOR;Central Government;S.1311;11-Dec-14;Jul-15;;
BILHYRA;Local Government;S.1313;;;;
BODA HUS;Central Government;S.1311;1-Jun-09;Mar-11;;
MAT;Former Central Government;S.1311;1-Mar-13;Mar-13;;
Rivjärn;Public Financial Corporation;S.12201;;;;
VÄSTTRAFIK AB,GOTEBORG,SE;Central Government;S.1311;1-Jul-02;Jul-10;;
MCD ULRICEHAMN,ULRICEHAMN,SE;Central Government;S.1311;;;;
CIRCLE K ULRICEHAMN,ULRICEHAMN,SE;CG Funds, Accounts, Courts and Posts;S.1311;;;Prior to the creation of the Supreme Court in 2009, this post was called the Accountant General of the Supreme Court.;
SHELL GÖTEBORG,,GÖTEBORG,SE;Central Government;S.1311;;;;
MCDONALDS FROLU,VASTRA FROLUN,SE;Public Non-Financial Corporation;S.11001;;;;
NARA DEJ VETLANDA,VETLANDA,SE;Public Financial Corporation;S.12201;;;;
PREEM,MÅLILLA,SE;Central Government;S.1311;;;;
Bodil;Former Central Government;S.1311;;;;
9025.19.457.76;Local Government;S.1313;;;;
Avbetalning bil Fredrik;Former Central Government;S.1311;1-Jul-12;Aug-12;;
9023.78.887.28;Central Government;S.1311;;;;
Försenat Grattis och God Jul;Former Central Government;S.1311;;;;
HERTZ SWEDEN FRANCHISE,DUBLIN,IE;Former Central Government;S.1311;1-Aug-03;Oct-11;;
MAXI ICA STORMARKNAD V,VETLANDA,SE;Former Central Government;S.1311;;;;
MAXI ICA STORMARKNAD U,ULRICEHAMN,SE;Former Central Government;S.1311;;;;
VÄSTTRAFIK AB,GOTEBORG,SE;Central Government;S.1311;;;;
STORA COOP SISJÖN,ASKIM,SE;Former Central Government;S.1311;1-Apr-02;Nov-11;;
BAUHAUS SISJON,VESTRA FROLUN,SE;Former Central Government;S.1311;;;;
ICA KVANTUM FROLUNDA,VASTRA FROLUN,SE;Central Government;S.1311;;;;
Spotify P12ABBAE9D,Stockholm,SE;Former Central Government;S.1311;;;;
Mat;Former Central Government;S.1311;1-Jan-08;Sep-12;;
K*Bokus AB;Central Government;S.1311;;;;
IKANO BANK AB - PREEM;Former Central Government;S.1311;;;;
FREDRIK MOBERG;Central Government;S.1311;;;;
JULKLAPPAR BOKUS;Former Central Government;S.1311;;;;
MAT, APOTEK, KLÄDER;Former Central Government;S.1311;30-Sep-03;Apr-18;;
Pandaförsäljningen;Central Government;S.1311;;;;
TANKA SISJON,GOTEBORG,SE;Former Central Government;S.1311;;;;
QSTAR VETLANDA,VETLANDA,SE;Central Government;S.1311;;;;
HERTZ SWEDEN FRANCHISE,DUBLIN,IE;Former Central Government;S.1311;30-Sep-05;Aug-18;;
BILTEMA SWEDEN VETLAND,VETLANDA,SE;Central Government;S.1311;;;;
MAXI ICA STORMARKNAD V,VETLANDA,SE;Former Central Government;S.1311;;;;
GULF VIRSERUM,VIRSERUM,SE;Former Central Government;S.1311;;;;
MCDONALD´S LAND,LANDVETTER,SE;Central Government;S.1311;;;;
MAXI ICA STORMARKNAD O,OSKARSHAMN,SE;Former Central Government;S.1311;;;;
APOTEK HJARTAT ICA MAX,OSKARSHAMN,SE;Former Central Government;S.1311;1-Jul-12;Oct-12;;
APOTEK HJARTAT ICA MAX,OSKARSHAMN,SE;Former Central Government;S.1311;1-Mar-11;Feb-12;;
ICA NARA KRYSSET  VIRS,VIRSERUM,SE;Former Central Government;S.1311;1-Apr-05;Oct-11;;
Mar Oskarshamn;Former Central Government;S.1311;;;;
MCD ULRICEHAMN,ULRICEHAMN,SE;Former Central Government;S.1311;;;;
MCD ULRICEHAMN,ULRICEHAMN,SE;Central Government;S.1311;;;;
Microsoft*Microsoft 36,msbill.info,IE;Central Government;S.1311;;;;
K*Elgiganten;Former Central Government;S.1311;1-Jan-01;Sep-12;;
K*Coop.se;Central Government;S.1311;;;;
KJELL & CO 51,VASTRA FROLUN,SE;Former Central Government;S.1311;1-Mar-15;Oct-17;The Advisory Committee on Pesticides provided independent scientific advice to Ministers and Governments on the authorisation of pesticides in the UK and on matters related to the control of pests. It was succeeded by the UK Expert Committee on Pesticides (ECP) which was established on 27 March 2015 under the Public Bodies Order 2015.;
Julklappar Rolf;Former Central Government;S.1311;;;;
9023.78.898.13;Central Government;S.1311;;;;
AmazonMktplc*MS9LG7FO4,www.amazon.se,LU;Former Central Government;S.1311;;;;
GOD JUL;Former Central Government;S.1311;1-Apr-11;Sep-11;;
JULKLAPPAR AMAZON;Central Government;S.1311;;;;
MOBL BARNEN;Central Government;S.1311;;;;
MAT;Central Government;S.1311;;;;
WILLYS SISJÖN,ASKIM,SE;Former Central Government;S.1311;;;;
NETFLIX.COM,020790637,NL;Central Government;S.1311;;;;
HALLON.SE,Stockholm,SE;Former Central Government;S.1311;1-Apr-09;May-12;;
HALLON.SE,Stockholm,SE;Former Central Government;S.1311;1-Jun-05;May-12;;
ÅterbäringLF;Central Government;S.1311;;;;
Storytel Sweden AB,Stockholm,SE;Central Government;S.1311;;;;
PRESSBYRÅN 4150145,GÖTEBORG,SE;Central Government;S.1311;;;;
ELGIGANTEN AB,GÖTEBORG,SE;Former Central Government;S.1311;;;;
STORA COOP SISJÖN,ASKIM,SE;Central Government;S.1311;1-Apr-04;Oct-11;;
STORA COOP SISJÖN,ASKIM,SE;Former Central Government;S.1311;1-Apr-04;Oct-11;;
BAUHAUS SISJON,VESTRA FROLUN,SE;Central Government;S.1311;;;;
Överf ISK;Central Government;S.1311;;;;
Överf ISK;Central Government;S.1311;1-Aug-08;Sep-13;;
K*Coop.se;Former Central Government;S.1311;1-Jun-10;Oct-11;;
K*Coop.se;Former Public Corporation;S.11001;;;;
K*Tidningsku;Former Central Government;S.1311;;;;
MAXI ICA STORMARKNAD U,ULRICEHAMN,SE;Local Government;S.1313;;;;
MAT;Central Government;S.1311;8-Aug-14;Feb-15;;
9025.19.457.76;Former Central Government;S.1311;;;;
Avbetalning bil Fredrik;Former Central Government;S.1311;1-Dec-13;Jan-16;Following a public consultation in 2012, the Government decided to close the 16 committees in England in December 2013;
9023.78.887.28;Former Central Government;S.1311;1-Mar-07;Oct-13;;
MCDONALD´S LAND,LANDVETTER,SE;Central Government;S.1311;;;;
ICA NARA KRYSSET  VIRS,VIRSERUM,SE;Former Central Government;S.1311;1-Jul-13;Jun-14;;
CIRCLE K NESSJO,NESSJO,SE;Former Central Government;S.1311;1-Mar-06;May-12;;
ICA NARA KRYSSET  VIRS,VIRSERUM,SE;Former Central Government;S.1311;1-Jun-13;Oct-13;;
Storytel Sweden AB,Stockholm,SE;Central Government;S.1311;;;;
COOP KONSUM VIRSERUM,VIRSERUM,SE;Former Central Government;S.1311;1-Dec-13;Jan-16;Following a public consultation in 2012, the Government decided to close the 15 committees in England in December 2013;
MCD 97 - BORAS,BORAS,SE;Former Central Government;S.1311;1-Mar-07;Oct-13;;
MCD 97 - BORAS,BORAS,SE;Former Central Government;S.1311;;;;
Mat;Central Government;S.1311;;;;
DAHLS BAGERI,GOTEBORG,SE;Central Government;S.1311;1-Apr-06;May-12;;
BILTEMA SWEDEN SISJON,VESTRA FROLUN,SE;Central Government;S.1311;1-Nov-00;Oct-13;;
CIRCLE K NESSJO,NESSJO,SE;Central Government;S.1311;1-Apr-08;Apr-12;;
HÖÖKS HÄSTSPORT,BORÅS,SE;Central Government;S.1311;;;;
Mat Virserum;Public Financial Corporation;S.12501;;;;
Spotify P123B44EC3,Stockholm,SE;Public Financial Corporation;S.12501;;;;
Biltema;Public Financial Corporation;S.12501;;;;
HERTZ SWEDEN FRANCHISE,DUBLIN,IE;Public Financial Corporation;S.12501;;;;
Bil;Public Financial Corporation;S.12501;;;;
PodMe,Stockholm,SE;Public Financial Corporation;S.12501;;;;
HBO Nordic AB,Stockholm,SE;Public Financial Corporation;S.12501;;;;
K*Coop.se;Public Financial Corporation;S.12501;;;;
K*Tidningsku;Public Non-Financial Corporation;S.11001;1-Feb-13;Jun-15;;
PRESENT GUSTAF;Public Non-Financial Corporation;S.11001;22-Nov-13;Nov-15;"On 14 November 2013, the Scottish Government purchased TS Prestwick Holdco Limited (formerly Macrocom Limited) and used it as a vehicle to acquire Prestwick Aviation Holdings Limited, the parent company of Glasgow Prestwick Airport Limited and other subsidiaries.  Collectively, this group of subsidiaries own and operate Glasgow Prestwick Airport Limited.  In conjunction with reviewing the statistical classification of Glasgow Prestwick Airport Limited following this intervention, the ONS also assessed the classification of all subsidiaries within the group.  Assessment was conducted in accordance with internationally agreed rules in the European System of Accounts 2010 (ESA 2010) and accompanying Manual on Government Deficit and Debt 2014 (MGDD 2014).  The following conclusions were made; - Both TS Prestwick Holdco Limited and Prestwick Aviation Holdings Limited should be classified as public holding companies as they meet the description of holding companies provided in ESA 2010 para. 2.14 and are subject to public sector control through share ownership and board appointments (by proxy).  In accordance with MGDD I.6.2, 15-18, both units are to be recorded in the central government (S.1311) subsector as captive financial institutions. - Both Glasgow Prestwick Airport Limited and Prestwick Airport Limited should be classified as public non-financial corporations.  This was due to the fact that both units charge economically significant prices, pass the market test detailed in ESA 2010 3.33, and are subject to public sector control through board appointments and share ownership (by proxy). - Each of Airport Driving Range Company Limited, Prestwick Airport Property Limited and Prestwick Airport Infrastructure Limited meet the description of artificial subsidiaries provided in ESA 2010, 2.24-2.26.  Consequently, they will each be consolidated with their parent unit(s) as public non-financial corporations. All classification decisions apply from 22 November 2013, the date TS Prestwick Holdco Limited purchased Prestwick Aviation Holdings Limited.";
HERTZ 00409 GOTEBORG,GOTEBORG,SE;Former Public Corporation;S.11001;1-Jul-06;Aug-13;;
MICROSOFT*MICROSOFT 36,MSBILL.INFO,IE;Central Government;S.1311;;;;
MCD ULRICEHAMN,ULRICEHAMN,SE;Public Non-Financial Corporation;S.11001;1-Feb-13;Jun-15;;
PREEM,ASKIM,SE;Former Public Corporation;S.11001;1-Jul-06;Aug-13;;
MAXI ICA STORMARKNAD U,ULRICEHAMN,SE;Former Central Government;S.1311;1-Jul-12;Sep-12;;
CIRCLE K NESSJO,NESSJO,SE;Local Government;S.1313;;;;
STORA COOP SISJÖN,ASKIM,SE;Local Government;S.1313;;;;
Fredrik Moberg;Local Government;S.1313;;;;
MCD ULRICEHAMN,ULRICEHAMN,SE;Public Financial Corporation;S.12201;;;;
Bil;Former Public Corporation;S.11001;;;;
CIRCLE K ASKIM,ASKIM,SE;Local Government;S.1313;;;;
HARVEST BY MANNERSTROM,GOTEBORG,SE;Former Central Government;S.1311;1-Apr-06;Feb-12;;
HARVEST BY MANNERSTROM,GOTEBORG,SE;Former Central Government;S.1311;1-Jun-03;Feb-12;;
VÄSTTRAFIK AB,GOTEBORG,SE;Central Government;S.1311;1-Jun-09;Mar-11;;
HALLON.SE,Stockholm,SE;Former Public Corporation;S.11001;;;;
HALLON.SE,Stockholm,SE;Former Public Corporation;S.11001;;;;
NETFLIX.COM,020790637,NL;Local Government;S.1313;;;;
EKLANDA KROG,MOLNDAL,SE;Former Central Government;S.1311;;;;
BAUHAUS SISJON,VESTRA FROLUN,SE;Former Central Government;S.1311;;;;
BAUHAUS SISJON,VESTRA FROLUN,SE;Central Government;S.1311;1-Oct-14;Sep-18;;
MAT;Former Central Government;S.1311;1-Oct-14;Feb-18;;
VÄSTTRAFIK AB,GOTEBORG,SE;Public Non-Financial Corporation;S.11001;;;;
VÄSTTRAFIK AB,GOTEBORG,SE;Central Government;S.1311;;;;
HEYNOW.AI,Goteborg,SE;Former Central Government;S.1311;1-Jul-10;Jul-12;;
PRESSBYRÅN 4228100,GÖTEBORG,SE;Former Public Non-Financial Corporation;S.11001;2-Dec-15;Oct-16;In accordance with internationally agreed rules in the Europeans System of Accounts 2010 (ESA2010) and accompanying Manual on Government Deficit and Debt 2016 (MGDD 2016), ONS has reviewed the classification of Scottish Trust Ports. Based on provisions contained within the Ports Act 1991, these were previously classified as public non-financial corporations (S.11001). The Scottish Government introduced new legislation in 2015 (the Harbours (Scotland) Act) to repeal sections of the Ports Act 1991 with a view to removing public sector control of Scottish Trust Ports. Following consideration of this legislation, ONS concluded that the Scottish Trust Ports are no longer subject to public sector controls. Scottish Trust Ports are now classified as private non-financial corporations, with this decision effective from 2 December 2015.;
7 ELEVEN 4317142,GÖTEBORG,SE;Local Government;S.1313;;;;
HARVEST BY MANNERSTROM,GOTEBORG,SE;Local Government;S.1313;;;;
CIRCLE K ASKIM,ASKIM,SE;Central Government;S.1311;;;;
VÄSTTRAFIK AB,GOTEBORG,SE;Former Central Government;S.1311;1-Apr-06;Nov-11;;
GOOGLE*GOOGLE,INTERNET,GB;Former Central Government;S.1311;;;;
Flixbus;Former Central Government;S.1311;1-Oct-12;Oct-12;;
VÄSTTRAFIK AB,GOTEBORG,SE;Local Government;S.1313;;;;
VÄSTTRAFIK AB,GOTEBORG,SE;Public Non-Financial Corporation;S.11001;;;;
HARVEST BY MANNERSTROM,GOTEBORG,SE;Central Government;S.1311;;;;
VÄSTTRAFIK AB,GOTEBORG,SE;Central Government;S.1311;;;;
VÄSTTRAFIK AB,GOTEBORG,SE;Local Government;S.1313;;;;
Bekräfta laddning av 072965418;Local Government;S.1313;;Sep-12;;
Tillf mobil freja;Local Government;S.1313;;;;
VÄSTTRAFIK AB,GOTEBORG,SE;Central Government;S.1311;1-Feb-11;Sep-11;;
VÄSTTRAFIK AB,GOTEBORG,SE;Local Government;S.1313;;;;
CIRCLE K ASKIM,ASKIM,SE;Central Government;S.1311;;;;
TANKA SISJON,GOTEBORG,SE;Central Government;S.1311;;;;
HARVEST BY MANNERSTROM,GOTEBORG,SE;Former Central Government;S.1311;1-Apr-07;Mar-11;;
K*Coop.se;Public Non-Financial Corporation;S.11001;;;;
K*Coop.se;Former Public Corporation;S.11001;;;;
Överf ISK;Former Central Government;S.1311;;;;
Överf ISK;Former Central Government;S.1311;1-Apr-04;Mar-11;;
Spotify P11E7660D7,Stockholm,SE;Former Central Government;S.1311;;;;
KJELL & CO 51,VASTRA FROLUN,SE;Former Central Government;S.1311;1-Apr-06;Mar-11;;
VÄSTTRAFIK AB,GOTEBORG,SE;Former Central Government;S.1311;1-Apr-05;Aug-11;;
VÄSTTRAFIK AB,GOTEBORG,SE;Central Government;S.1311;1-Apr-05;Aug-11;;
HEMKÖP VÄSTRA FRÖLUNDA,VÄSTRA FRÖLUN,SE;CG Funds, Accounts, Courts and Posts;S.1311;;;;
IKANO BANK AB - PREEM;Central Government;S.1311;;;;
MAT;Central Government;S.1311;;;;
STORA COOP SISJÖN,ASKIM,SE;Central Government;S.1311;;;;
MCDONALDS 222 V,VETLANDA,SE;Local Government;S.1313;;;;
MCD ULRICEHAMN,ULRICEHAMN,SE;Former Public Non-Financial Corporation;S.11001;1-Apr-04;Feb-16;"ONS has been advised by the Department for Culture, Media and Sports that Ascension Island Personnel Ltd, a subsidiary of the World Service was dissolved  on 1 April 2004. The Public Sector Classifications Guide has been updated to reflect this; effective from the date of classification.  ";
CIRCLE K NESSJO,NESSJO,SE;Local Government;S.1313;;;;
VÄSTTRAFIK AB,GOTEBORG,SE;Public Non-Financial Corporation;S.11001;;;;
Jysk Vetlanda,Vetlanda,SE;Local Government;S.1313;;;;
MCD 97 - BORAS,BORAS,SE;Former Central Government;S.1311;;;;
MAXI ICA STORMARKNAD V,VETLANDA,SE;Former Central Government;S.1311;1-Oct-12;Apr-13;;
DJURENS VÄRLD,VETLANDA,SE;Former Central Government;S.1311;1-Apr-08;Jun-12;;
9025.19.457.76;Local Government;S.1313;;;;
Avbetalning bil Fredrik;Local Government;S.1313;;;;
9023.78.887.28;Local Government;S.1313;;;;
NETS*collagefoto.se,Malmo,SE;Central Government;S.1311;;;;
LLOYDSAPOTEK102,Hovaas,SE;Former Public Non-Financial Corporation;S.11001;2-Dec-15;Oct-16;In accordance with internationally agreed rules in the Europeans System of Accounts 2010 (ESA2010) and accompanying Manual on Government Deficit and Debt 2016 (MGDD 2016), ONS has reviewed the classification of Scottish Trust Ports. Based on provisions contained within the Ports Act 1991, these were previously classified as public non-financial corporations (S.11001). The Scottish Government introduced new legislation in 2015 (the Harbours (Scotland) Act) to repeal sections of the Ports Act 1991 with a view to removing public sector control of Scottish Trust Ports. Following consideration of this legislation, ONS concluded that the Scottish Trust Ports are no longer subject to public sector controls. Scottish Trust Ports are now classified as private non-financial corporations, with this decision effective from 2 December 2015.;
VÄSTTRAFIK AB,GOTEBORG,SE;Former Public Non-Financial Corporation;S.11001;31-Mar-15;Jan-16;The Audit Commission was closed on 31st March 2015 with its functions being taken on by Public Sector Appointments Ltd, National Audit Office, Financial Reporting Council and Cabinet Office;
VÄSTTRAFIK AB,GOTEBORG,SE;Public Pension Fund;S.12901;31-May-12;Feb-16;The Audit Commission Pension Scheme provides pensions and other benefits to former employees of the Audit Commission under a defined benefit scheme. The Scheme entered into a Crown Guarantee on 31 May 2012.  It was closed to new members at the end of March 2015 following the dissolution of the Audit Commission.  ONS assessed the Audit Commission crown guarantee arrangement in accordance with internationally agreed rules in the European System of Accounts 2010 (ESA 2010) and accompanying Manual on Government Deficit and Debt 2014 (MGDD 2014). ONS concluded that (i) the Audit Commission Pension Scheme was the pension administrator in the public pension fund subsector (S.12901) and (ii) the Secretary of State for DCLG was the pension manager in the central government subsector (S.1311). This means any difference between the pension entitlements and the assets held by the Scheme will be attributed to the central government subsector as an asset/liability.;
ICA KVANTUM HOVAS,HOVAS,SE;Public Non-Financial Corporation;S.11001;;;;
Däcklagning;Former Local Government;S.1313;1-Apr-14;Jun-14;;
VÄSTTRAFIK AB,GOTEBORG,SE;Former Central Government;S.1311;;;;
VÄSTTRAFIK AB,GOTEBORG,SE;Former Public Non-Financial Corporation;S.11001;2-Dec-15;Oct-16;In accordance with internationally agreed rules in the Europeans System of Accounts 2010 (ESA2010) and accompanying Manual on Government Deficit and Debt 2016 (MGDD 2016), ONS has reviewed the classification of Scottish Trust Ports. Based on provisions contained within the Ports Act 1991, these were previously classified as public non-financial corporations (S.11001). The Scottish Government introduced new legislation in 2015 (the Harbours (Scotland) Act) to repeal sections of the Ports Act 1991 with a view to removing public sector control of Scottish Trust Ports. Following consideration of this legislation, ONS concluded that the Scottish Trust Ports are no longer subject to public sector controls. Scottish Trust Ports are now classified as private non-financial corporations, with this decision effective from 2 December 2015.;
MAXI ICA STORMARKNAD H,VASTRA FROLUN,SE;Public Non-Financial Corporation;S.11001;;;;
Skolkatalog;Public Non-Financial Corporation;S.11001;;;;
VÄSTTRAFIK AB,GOTEBORG,SE;Former Central Government;S.1311;;;;
VÄSTTRAFIK AB,GOTEBORG,SE;Local Government;S.1313;;;;
DUYTAN,Goteborg,SE;Local Government;S.1313;;;;
STORA COOP SISJÖN,ASKIM,SE;Local Government;S.1313;;;;
Västtrafik AB,Goteborg,SE;Former Public Corporation;S.11001;;;;
Västtrafik AB,Goteborg,SE;Public Non-Financial Corporation/Public Non-Financial Corporation (see notes in tab);S.11001/03;1-Feb-13;Jun-15;;
HERTZ SWEDEN FRANCHISE,DUBLIN,IE;Public Financial Corporation;S.121;;;;
IKEA-KALLERED,KALLERED,SE;Public Pension Fund;S.12901;29-Oct-99;Mar-19;The Bank of England pension scheme is a defined benefit scheme which provides benefits for employees of the Bank of England. ONS has assessed the classification status of the scheme and has concluded that Bank of England Pension Fund Trustees Ltd. is the scheme's Pension Administrator, as it was created with the sole purpose of acting as the trustee for the scheme. As a majority of the trustees are appointed by the Bank of England (which is classified as a public financial corporation (S.121)), this has led to the trustees being classified within the Public Pension Funds subsector (S.12901) with effect from 29 October 1999, the date Bank of England Pension Fund Trustees Ltd. was incorporated. ONS has also determined that the Pension Manager is the Bank of England as it bears responsibility for the Scheme's policy and strategy, and ultimate responsibility for the scheme.;
BAUHAUS SISJON,VESTRA FROLUN,SE;Former Public Financial Corporation;S.12201;1-Mar-14;Apr-14;;
K-RAUTA,MOLNDAL,SE;Public Financial Corporation;S.121;;;;
Nota Harvest by Mannerström;Local Government;S.1313;;;;
HEMGLASS GOTEBORG,VASTERAS,SE;Public Non-Financial Corporation;S.11001;;;;
Västtrafik AB,Goteborg,SE;Local Government;S.1313;;;;
Västtrafik AB,Goteborg,SE;Local Government;S.1313;;;;
Microsoft*Store,msbill.info,IE;Local Government;S.1313;;;;
GOOGLE *Google,g.co/helppay#,GB;Former Central Government;S.1311;1-May-09;Jun-12;;
Västtrafik AB,Goteborg,SE;Former Central Government;S.1311;;;;
Västtrafik AB,Goteborg,SE;Local Government;S.1313;;;;
Mat;Local Government;S.1313;;;;
Västtrafik AB,Goteborg,SE;Local Government;S.1313;;;;
APOTEK HJARTAT KUNGSGA,GOTEBORG,SE;Local Government;S.1313;;;;
Västtrafik AB,Goteborg,SE;Local Government;S.1313;;;;
Västtrafik AB,Goteborg,SE;Former Public Non-Financial Corporation;S.11001;;;Sold on 1 August 2005 and reclassified to private sector. Subsequently renamed Red Bee media.;
Västtrafik AB,Goteborg,SE;Central Government;S.1311;18-Jun-02;Nov-15;BBC Commercial Holdings Limited is the holding company for the British Broadcasting Corporation's (BBC) principal commercial subsidiary undertakings including BBC Worldwide Limited, BBC Global News Limited, and BBC Studios & Post Production Limited. The parent body of BBC Commercial Holdings Ltd is the BBC, which is classified in the Central Government subsector. BBC Commercial Holdings Limited is a public-controlled holding company and therefore, following the European System of Accounts 2010 ( ESA 2010) and accompanying 2014 Manual on Government and Deficit and Debt (MGDD) rules, is classified to the central government subsector, effective 18 June 2002.;
Västtrafik AB,Goteborg,SE;Public Non-Financial Corporation;S.11001;;;;
Västtrafik AB,Goteborg,SE;Public Non-Financial Corporation;S.11001;;;;
HARVEST BY MANNERSTROM,GOTEBORG,SE;Former Public Non-Financial Corporation;S.11001;23-May-14;Feb-16;"ONS has been advised by the Department for Culture, Media and Sports that BBC Haymarket Exhibitions Ltd, a subsidiary of BBC Worldwide Ltd, was subject to a management buy-out on 23 May 2014. The sole shareholder of both A and B shares is River Street Media Ltd. The Public Sector Classifications Guide has been updated to reflect this; effective from the date of classification.  ";
CIRCLE K GOTEBORG MARK,GOTEBORG,SE;Public Non-Financial Corporation;S.11001;;;;
Västtrafik AB,Goteborg,SE;Public Pension Fund;S.12901;1-Jun-49;Aug-16;The BBC Pension Scheme provides pensions and other benefits to employees of the British Broadcasting Corporation (BBC) and its subsidiaries under a defined benefit scheme.  ONS assessed the BBC Pension Scheme in accordance with internationally agreed rules in the European System of Accounts 2010 (ESA 2010) and accompanying Manual on Government Deficit and Debt 2016 (MGDD 2016). ONS concluded that (i) the BBC Pension Scheme was the pension administrator in the public pension fund subsector (S.12901) and (ii) BBC was the pension manager in the central government subsector (S.1311). This means any difference between the pension entitlements and the assets held by the Scheme will be attributed to the central government subsector as an asset/liability.;
NRG PIZZA 225,JONKOPING,SE;Public Non-Financial Corporation;S.11001;;;;
ST1 VETLANDA,EKENÄSSJÖN,SE;Public Non-Financial Corporation;S.11001;;;;
SHELL BOTTNARYD,BOTTNARYD,SE;Public Non-Financial Corporation;S.11001;;;;
MCD 97 - BORAS,BORAS,SE;Public Non-Financial Corporation;S.11001;;;;
MCDONALDS HULTA,BORAS,SE;Public Non-Financial Corporation;S.11001;;;;
Västtrafik AB,Goteborg,SE;Public Non-Financial Corporation;S.11001;;;;
CIRCLE K GOTEBORG MARK,GOTEBORG,SE;Public Non-Financial Corporation;S.11001;;;;
CIRCLE K GOTEBORG MARK,GOTEBORG,SE;Central Government;S.1311;;;;
Västtrafik AB,Goteborg,SE;Public Non-Financial Corporation;S.11001;;;;
CIRCLE K NESSJO,NESSJO,SE;Public Non-Financial Corporation;S.11001;;;;
Fredrik Moberg;Public Non-Financial Corporation;S.11001;;;;
Västtrafik AB,Goteborg,SE;Public Non-Financial Corporation;S.11001;;;;
Västtrafik AB,Goteborg,SE;Public Non-Financial Corporation;S.11001;;;;
K*Coop.se;Public Non-Financial Corporation;S.11001;;;;
Västtrafik AB,Goteborg,SE;Public Non-Financial Corporation;S.11001;;;;
MR GATSBY PIZZERIA,Askim,SE;Public Non-Financial Corporation;S.11001;;;;
Västtrafik AB,Goteborg,SE;Public Non-Financial Corporation;S.11001;;;;
Västtrafik AB,Goteborg,SE;Former Public Corporation;S.11001;;;;
Västtrafik AB,Goteborg,SE;Local Government;S.1313;;;;
TAPETKLISTTER;Local Government;S.1313;;;;
BARN MOBIL;Local Government;S.1313;;;;
MAT;Former Central Government;S.1311;1-Feb-15;Mar-15;;
HALLON.SE,Stockholm,SE;Local Government;S.1313;;;;
HALLON.SE,Stockholm,SE;Former Central Government;S.1311;1-Dec-05;Jun-14;;
MCDONALDS MOLND,MOLNDAL,SE;Former Public Corporation;S.11001;;;;
IKEA-KALLERED,KALLERED,SE;Local Government;S.1313;;;;
NETFLIX.COM,Amsterdam,NL;Central Government;S.1311;;;;
STORA COOP SISJÖN,ASKIM,SE;Public Non-Financial Corporation;S.11001;;;;
BAUHAUS SISJON,VESTRA FROLUN,SE;Central Government;S.1311;1-Apr-10;Dec-10;;
O LEARYS GOTEBO,GOTEBORG,SE;Local Government;S.1313;;;;
O LEARYS GOTEBO,GOTEBORG,SE;Former Central Government;S.1311;1-Apr-02;Nov-11;;
O LEARYS GOTEBO,GOTEBORG,SE;Local Government;S.1313;;;;
CIRCLE K ASKIM,ASKIM,SE;Public Non-Financial Corporation;S.11001;;;;
STORA COOP SISJÖN,ASKIM,SE;Central Government;S.1311;1-Jun-09;Mar-11;;
Fredrik Moberg;Former Central Government;S.1311;;;;
Västtrafik AB,Goteborg,SE;Local Government;S.1313;;;;
Västtrafik AB,Goteborg,SE;Central Government;S.1311;;;;
Västtrafik AB,Goteborg,SE;Former Central Government;S.1311;1-Jan-16;Feb-16;ONS has reviewed the classification of Big Society Trust following the revision of the company’s Articles of Association. ONS has considered the changes made in the Articles of Association and concluded that the residual controls that government had on BST have been removed. Big Society Trust is now classified as a private non-profit institution, as is the Big Society Foundation. Big Society Capital is now classified in the captive financial institutions and money lenders subsector (S.127). This decision is effective from January 2016.;
Västtrafik AB,Goteborg,SE;Former Central Government;S.1311;1-Jan-16;Feb-16;ONS has reviewed the classification of Big Society Trust following the revision of the company’s Articles of Association. ONS has considered the changes made in the Articles of Association and concluded that the residual controls that government had on BST have been removed. Big Society Trust is now classified as a private non-profit institution, as is the Big Society Foundation. Big Society Capital is now classified in the captive financial institutions and money lenders subsector (S.127). This decision is effective from January 2016.;
Beställning The Hive;Former Central Government;S.1311;1-Jan-16;Feb-16;ONS has reviewed the classification of Big Society Trust following the revision of the company’s Articles of Association. ONS has considered the changes made in the Articles of Association and concluded that the residual controls that government had on BST have been removed. Big Society Trust is now classified as a private non-profit institution, as is the Big Society Foundation. Big Society Capital is now classified in the captive financial institutions and money lenders subsector (S.127). This decision is effective from January 2016.;
Fam moberg;Local Government;S.1313;;;;
Nota Harvest by Mannerström;Public Non-Financial Corporation;S.11001;;;;
Västtrafik AB,Goteborg,SE;Former Public Corporation;S.11001;1-Jul-13;May-14;;
JULA AB,ASKIM,SE;Central Government;S.1311;;;;
XXL SPORT &VILD,ASKIM,SE;Former Public Corporation;S.11001;;;;
Nota Harvest by Mannerström;Former Public Corporation;S.11001;;;;
CIRCLE K ASKIM,ASKIM,SE;Local Government;S.1313;;;;
GRENNAS BISTRO AB,GRENNA,SE;Former Public Corporation;S.11001;;;;
GRENNA KONFEKTYR,GRANNA,SE;Central Government;S.1311;1-Feb-12;Sep-12;;
ICA NARA KRYSSET  VIRS,VIRSERUM,SE;Central Government;S.1311;1-Feb-12;Sep-12;;
CIRCLE K BOLLEBYGD,BOLLEBYGD,SE;Local Government;S.1313;;;;
CIRCLE K BOLLEBYGD,BOLLEBYGD,SE;Former Public Corporation;S.11001;;;;
K*Smartphoto;Former Public Financial Corporation;S.12201;1-Mar-14;Apr-14;;
BURGER KING VIA,BORAS,SE;Former Public Corporation;S.11001;;;;
STORA COOP SISJÖN,ASKIM,SE;Local Government;S.1313;;;;
ICA NARA KRYSSET  VIRS,VIRSERUM,SE;Public Non-Financial Corporation;S.11001;;;;
ICA NARA KRYSSET  VIRS,VIRSERUM,SE;Local Government;S.1313;;;;
COOP KONSUM VIRSERUM,VIRSERUM,SE;Public Non-Financial Corporation;S.11001;;;;
Överf ISK;Local Government;S.1313;;;;
Överf ISK;Local Government;S.1313;;;;
Mat Virserum;Local Government;S.1313;;;;
CIRCLE K ASKIM,ASKIM,SE;Local Government;S.1313;;;;
CIRCLE K NESSJO,NESSJO,SE;Local Government;S.1313;;;;
FREDRIK MOBERG;Local Government;S.1313;;;;
K*Coop.se;Local Government;S.1313;;;;
9025.19.457.76;Public Non-Financial Corporation;S.11001;;;;
Avbetalning bil Fredrik;Local Government;S.1313;;;;
9023.78.887.28;Public Non-Financial Corporation;S.11001;;;;
FLUGGER AB S027,Askim,SE;Former Public Corporation;S.11001;;;;
iZ *Svanstrom  Lin,Styrso,SE;Public Non-Financial Corporation;S.11001;;;;
iZ *Svanstrom  Lin,Styrso,SE;Former Public Corporation;S.11001;;;;
Spotify P1163C1786,Stockholm,SE;Former Public Corporation;S.11001;1-Dec-09;Jan-13;;
LIDL 274/GBG FROLUNDA,GOTEBORG,SE;Public Non-Financial Corporation;S.11001;;;;
Fredrik Moberg;Former Public Corporation;S.11001;;;;
GOOGLE *Google Play Ap,g.co/HelpPay#,IE;Public Non-Financial Corporation;S.11001;;;;
BILTEMA SWEDEN SISJON,VESTRA FROLUN,SE;Central Government;S.1311;;;;
PREEM,ASKIM,SE;Central Government;S.1311;;;;
PREEM,ASKIM,SE;Local Government;S.1313;;;;
BAUHAUS SISJON,VESTRA FROLUN,SE;Local Government;S.1313;;;;
Mat;Former Public Corporation;S.11001;1-Mar-11;Jul-13;;
HERTZ SWEDEN FRANCHISE,DUBLIN,IE;Local Government;S.1313;;;;
CIRCLE K NESSJO,NESSJO,SE;Former Public Corporation;S.11001;17-Jun-05;Sep-13;;
EKHAGENS PIZZERIA,JÖNKÖPING,SE;Central Government;S.1311;;;;
COOP KONSUM VIRSERUM,VIRSERUM,SE;Local Government;S.1313;;;;
ICA NARA KRYSSET  VIRS,VIRSERUM,SE;Local Government;S.1313;;;;
MCD 066 - A6 MC,JONKOPING,SE;Local Government;S.1313;;;;
LINDEX/39,OSKARSHAMN,SE;Local Government;S.1313;;;;
Bensib;Public Non-Financial Corporation;S.11001;;;;
Mat;Central Government;S.1311;;;;
MICROSOFT*MICROSOFT 36,MSBILL.INFO,IE;Central Government;S.1311;;;;
BAUHAUS SISJON,VESTRA FROLUN,SE;Former Central Government;S.1311;;;;
WILLYS SISJÖN,ASKIM,SE;Public Non-Financial Corporation/Public Non-Financial Corporation (see notes in tab);S.11001/3;1-Feb-13;Jun-15;;
ÅTERBETALNIN;Public Non-Financial Corporation/Public Non-Financial Corporation (see notes in tab);S.11001/3;1-Feb-13;Jun-15;;
COLORAMA ASKIM,ASKIM,SE;Local Government;S.1313;;;;
COLORAMA ASKIM,ASKIM,SE;Public Non-Financial Corporation/Public Non-Financial Corporation (see notes in tab);S.11001/3;1-Feb-13;Jun-15;;
MAXI ICA STORMARKNAD H,VASTRA FROLUN,SE;Former Public Corporation;S.11001;;;;
WILLYS SISJÖN,ASKIM,SE;Former Public Corporation;S.11001;;;;
PARKERINGSBOLAGET,GOTEBORG,SE;Central Government;S.1311;;;;
CIRCLE K ASKIM,ASKIM,SE;Former Public Corporation;S.11001;1-Jul-13;May-14;;
JULA AB,ASKIM,SE;Former Public Corporation;S.11001;;;;
BAUHAUS SISJON,VESTRA FROLUN,SE;Former Central Government;S.1311;;;;
RUSTA SISJON 46,ASKIM,SE;Local Government;S.1313;;;;
Flyttsaker;Public Pension Fund;S.12901;29-Sep-08;Feb-16;Bradford & Bingley plc is a public limited company and primarily operates as a servicer of mortgage loans secured on residential properties and of associated services. Following the financial crisis it transferred into public ownership and is currently classified in Central Government. Bradford & Bingley and its subsidiaries operated a defined benefit pension scheme, which entered into a Crown Guarantee on 29 September 2008. ONS assessed the Bradford & Bingley crown guarantee arrangement in accordance with internationally agreed rules in the European System of Accounts 2010 (ESA 2010) and accompanying Manual on Government Deficit and Debt 2014 (MGDD 2014). ONS concluded that (i) the Bradford & Bingley Pension Scheme was the pension administrator in the public pension fund (S.12901) and (ii) HM Treasury was the scheme’s pensioner manager in the central government subsector (S.1311). This means any difference between the pension entitlements and the assets held by the Scheme will be attributed to the central government subsector as an asset/liability.;
biltema lampa;Central Government;S.1311;1-Jul-10;Sep-12;;
CLAS OHLSON,ASKIM,SE;Central Government;S.1311;1-Apr-10;May-12;;
CIRCLE K ASKIM,ASKIM,SE;Local Government;S.1313;;;;
SPORTSHOPEN SIS,ASKIM,SE;Local Government;S.1313;;;;
HALLON.SE,Stockholm,SE;Former Public Corporation;S.11001;;;Created in 2001 as a limited company wholly owned by DfT to manage the majority of the remaining property, rights and liabilities of the British Railways Board. The body was abolished in September 2013 using powers from the Public Bodies Act 2011.;
NETFLIX.COM,020790637,NL;Local Government;S.1313;;;;
HALLON.SE,Stockholm,SE;Local Government;S.1313;1-Nov-95;Sep-12;;
GOOGLE  Google Play Ap,London,GB;Local Government;S.1313;;;;
SMSPARK.SE,MOLNDAL,SE;Local Government;S.1313;;;;
K*Coop.se;Public Non-Financial Corporation;S.11001;;;;
Jysk Vastra Frolunda,Vastra Frolun,SE;Local Government;S.1313;;;;
INTERSPORT GOTE,VASTRA FROLUN,SE;Local Government;S.1313;;;;
CIRCLE K ASKIM,ASKIM,SE;Former Public Corporation;S.11001;;;;
REPAIRHOUSE AB,Vastra Frolun,SE;Former Public Corporation;S.11001;;;;
SPORTSHOPEN SIS,ASKIM,SE;Local Government;S.1313;;;;
XXL SPORT &VILD,ASKIM,SE;Former Public Corporation;S.11001;;;;
BILTEMA SWEDEN SISJON,VESTRA FROLUN,SE;Local Government;S.1313;;;;
KLÄDER BARNEN;Former Central Government;S.1311;1-Feb-15;Mar-15;;
MAT;Former Public Corporation;S.11001;;;;
WILLYS;Former Public Corporation;S.11001;;;;
WILLYS SISJÖN,ASKIM,SE;Central Government;S.1311;;;;
GYLLENE KORVEN,Askim,SE;Former Central Government;S.1311;;;;
Överf ISK;Former Central Government;S.1311;;;;
Överf ISK;Central Government;S.1311;;;;
ASKIMS CAMPING,ASKIM,SE;Central Government;S.1311;1-Jul-13;May-15;;
ASKIMS CAMPING,ASKIM,SE;Former Public Corporation;S.11001;;;;
GOOGLE  Google Play Ap,London,GB;Former Public Corporation;S.11001;;;;
K*Coop.se;Public Pension Fund;S.12901;31-Oct-94;Apr-16;The British Coal Staff Superannuation Scheme provides pensions and other benefits to former employees of the British Coal Corporation under a defined benefit scheme. The Scheme entered into a Crown Guarantee on 31 October 1994.  It was closed to new members at the end of October 1994 following the privatisation of the British Coal Corporation.  ONS assessed the  British Coal Corporation crown guarantee arrangement in accordance with internationally agreed rules in the European System of Accounts 2010 (ESA 2010) and accompanying Manual on Government Deficit and Debt 2014 (MGDD 2014). ONS concluded that (i) the British Coal Staff Superannuation Scheme was the pension administrator in the public pension fund subsector (S.12901) and (ii) the Secretary of State for the Department for Energy and Climate Change was the pension manager in the central government subsector (S.1311). This means any difference between the pension entitlements and the assets held by the Scheme will be attributed to the central government subsector as an asset/liability.;
XXL SPORT &VILD,ASKIM,SE;Public Non-Financial Corporation;S.11001;;;;
IKANO BANK AB - PREEM;Former Central Government;S.1311;1-Mar-11;Sep-11;;
MAT;Former Public Corporation;S.11001;;;;
BILTEMA SWEDEN SISJON,VESTRA FROLUN,SE;Former Public Corporation;S.11001;;;;
9025.19.457.76;Former Public Corporation;S.11001;;;;
Avbetalning bil Fredrik;Central Government;S.1311;;;;
9023.78.887.28;Central Government;S.1311;;;;
Spotify P1102EA02C,Stockholm,SE;Former Central Government;S.1311;1-Apr-07;Mar-11;;
ICA KVANTUM FROLUNDA,VASTRA FROLUN,SE;Former Public Corporation;S.11001;;;;
Blocketannons 20 kr;Former Public Corporation;S.11001;1-Dec-07;Aug-11;;
Blocketannons 30 kr;Former Public Corporation;S.11001;1-Jan-02;Aug-11;;
Mat;Former Public Corporation;S.11001;;;;
Blocketannons 50 kr;Central Government;S.1311;;;;
Fredrik Moberg;Former Central Government;S.1311;;;;
GOTEBORGS GODISAFFAR,ASKIM,SE;Central Government;S.1311;27-May-05;Feb-12;;
STORA COOP SISJÖN,ASKIM,SE;Central Government;S.1311;;;;
BILTEMA SWEDEN SISJON,VESTRA FROLUN,SE;Central Government;S.1311;;;;
Mat;Public Non-Financial Corporation;S.11001;;;;
Cykel g;Former Public Corporation;S.11001;;;;
ASKIMS CAMPING,ASKIM,SE;Public Non-Financial Corporation;S.11001;;;;
Microsoft*Microsoft 36,msbill.info,IE;Public Non-Financial Corporation;S.11001;;;;
BILTEMA SWEDEN SISJON,VESTRA FROLUN,SE;Former Public Corporation;S.11001;;;;
ICA KVANTUM FROLUNDA,VASTRA FROLUN,SE;Public Non-Financial Corporation;S.11001;;;;
PREEM,ASKIM,SE;Public Non-Financial Corporation;S.11001;;;;
STORA COOP SISJÖN,ASKIM,SE;Former Central Government;S.1311;;;;
BAUHAUS SISJON,VESTRA FROLUN,SE;Central Government;S.1311;;;;
BILTEMA SWEDEN SISJON,VESTRA FROLUN,SE;Former Central Government;S.1311;;;;
WILLYS SISJÖN,ASKIM,SE;Former Public Corporation;S.11001;;;;
WILLYS SISJÖN,ASKIM,SE;Public Non-MMF Investment Funds;S.12401;2-May-85;Feb-16;British Screen Finance Limited (BSFL) is an institutional unit engaged in financial activity. It was classified by the ONS in 2005 as a public corporation. At the time ONS did not distinguish between public financial corporations and public non-financial corporations.  Its parent is the British Film Institute which is classified as a central government unit. ONS formally reviewed the classification of the body, to see whether under European System of Accounts 2010 (ESA 2010) and accompanying Manual on Government Deficit and Debt 2014 (MGDD 2014) it should be classified as a public financial corporation or a central government body. It was concluded that it was a public financial corporation with effect from 1985.;
Fredrik Moberg;Former Central Government;S.1311;1-Mar-12;Apr-13;;
Fredrik Moberg;Former Central Government;S.1311;;;;
CIRCLE K ASKIM,ASKIM,SE;Former Central Government;S.1311;;;;
Mat;Central Government;S.1311;;;;
ICA KVANTUM FROLUNDA,VASTRA FROLUN,SE;Former Public Corporation;S.11001;;;;
CLAS OHLSON,ASKIM,SE;Public Non-Financial Corporation;S.11001;;;;
RUSTA SISJON 46,ASKIM,SE;Public Non-Financial Corporation;S.11001;11-May-05;Sep-10;;
TRIUMF GLASS OCH GODIS,VESTRA FROLUN,SE;Local Government;S.1313;;;;
OKQ8,VÄSTRA FRÖLUN,SE;Public Non-Financial Corporation;S.11001;;;;
ICA KVANTUM FROLUNDA,VASTRA FROLUN,SE;Former Central Government;S.1311;;;;
Fredrik Moberg;Former Public Corporation;S.11001;;;;
Mat;Former Central Government;S.1311;;;;
MEKONOMENTORPAV,GÖTEBORG,SE;Local Government;S.1313;;;;
CIRCLE K GOTEBORG MUNK,GOTEBORG,SE;Former Central Government;S.1311;;;;
ICA KVANTUM FROLUNDA,VASTRA FROLUN,SE;Local Government;S.1311;1-Jun-88;Sep-12;;
KD APOTEK,ASKIM,SE;Local Government;S.1313;;;;
JULA AB,ASKIM,SE;Former Public Non-Financial Corporation;S.11001;2-Dec-15;Oct-16;In accordance with internationally agreed rules in the Europeans System of Accounts 2010 (ESA2010) and accompanying Manual on Government Deficit and Debt 2016 (MGDD 2016), ONS has reviewed the classification of Scottish Trust Ports. Based on provisions contained within the Ports Act 1991, these were previously classified as public non-financial corporations (S.11001). The Scottish Government introduced new legislation in 2015 (the Harbours (Scotland) Act) to repeal sections of the Ports Act 1991 with a view to removing public sector control of Scottish Trust Ports. Following consideration of this legislation, ONS concluded that the Scottish Trust Ports are no longer subject to public sector controls. Scottish Trust Ports are now classified as private non-financial corporations, with this decision effective from 2 December 2015.;
ASKIMS CAMPING,ASKIM,SE;Local Government;S.1313;;;;
ASKIMS CAMPING,ASKIM,SE;Local Government;S.1313;;;;
ASKIMSBADET,ASKIM,SE;Local Government;S.1313;;;;
ASKIMSBADET,ASKIM,SE;Local Government;S.1313;;;;
WILLYS SISJÖN,ASKIM,SE;Central Government;S.1311;;;;
BRODHUSET,ASKIM,SE;Central Government;S.1311;;;;
MAT  WILLY;Former Central Government;S.1311;1-Jul-10;Sep-11;;
MAT;Local Government;S.1313;;;;
MAT WILLYS;Local Government;S.1313;;;;
HALLON GUSTAF;Former Public Non-Financial Corporation;S.11001;2-Dec-15;Oct-16;In accordance with internationally agreed rules in the Europeans System of Accounts 2010 (ESA2010) and accompanying Manual on Government Deficit and Debt 2016 (MGDD 2016), ONS has reviewed the classification of Scottish Trust Ports. Based on provisions contained within the Ports Act 1991, these were previously classified as public non-financial corporations (S.11001). The Scottish Government introduced new legislation in 2015 (the Harbours (Scotland) Act) to repeal sections of the Ports Act 1991 with a view to removing public sector control of Scottish Trust Ports. Following consideration of this legislation, ONS concluded that the Scottish Trust Ports are no longer subject to public sector controls. Scottish Trust Ports are now classified as private non-financial corporations, with this decision effective from 2 December 2015.;
HALLON FREJA;Local Government;S.1313;;;;
PLANTAGEN ASKIM,ASKIM,SE;Local Government;S.1313;;;;
BLOMSTERLANDET,ASKIM,SE;Former Central Government;S.1311;;;;
WILLYS SISJÖN,ASKIM,SE;Former Central Government;S.1311;;;;
PARKERINGSBOLAGET,GOTEBORG,SE;Former Public Corporation;S.11001;;;;
HALLON.SE,Stockholm,SE;Former Central Government;S.1311;;;;
HALLON.SE,Stockholm,SE;Central Government;S.1311;;;;
GOOGLE  Google Play Ap,London,GB;Local Government;S.1313;;;;
NETFLIX.COM,020790637,NL;Former Central Government;S.1311;;;;
GOOGLE  Google Play Ap,London,GB;Public Non-Financial Corporation;S.11001;;;;
APOTEK HJARTAT ICA MAX,VASTRA FROLUN,SE;Local Government;S.1313;;;;
MAXI ICA STORMARKNAD H,VASTRA FROLUN,SE;Local Government;S.1313;1-Mar-03;;;
BILTEMA SWEDEN SISJON,VESTRA FROLUN,SE;Local Government;S.1313;;;;
ICA NARA HAGA,GOTEBORG,SE;Former Public Corporation;S.11001;1-Nov-07;Apr-11;;
INET RINGON,GOTEBORG,SE;Former Public Corporation;S.11001;1-Oct-06;Mar-11;;
INTER BOWLING MAJORNA,GOTEBORG,SE;Public Non-Financial Corporation;S.11001;;;;
PARKERINGSBOLAGET,GOTEBORG,SE;Public Non-Financial Corporation;S.11001;;;;
CLAS OHLSON,ASKIM,SE;Local Government;S.1313;;;;
WILLYS SISJÖN,ASKIM,SE;Local Government;S.1313;;;;
ICA KVANTUM FROLUNDA,VASTRA FROLUN,SE;Local Government;S.1313;;;;
CLAS OHLSON,FROLUNDA TORG,SE;Local Government;S.1313;;;;
Överf ISK;Local Government;S.1313;;;;
Överf ISK;Public Non-Financial Corporation;S.11001;2-Jul-12;Sep-15;The British Waterways Board (BWB) was restructured on 2nd July 2012, and its English and Welsh operations transferred to a new charity called the Canal & River Trust (CRT). In accordance with the European System of Accounts 2010 (ESA 2010) and the accompanying 2014 Manual on Government Deficit and Debt (MGDD 2014), it was judged that the Canal & River Trust is a market body because there is sufficient evidence to suggest it charges economically significant prices and passes the quantitative market test. The Canal & River Trust is judged to be under government control in particular through the provisions of enabling instruments whereby the Secretary of State for the Environment and Rural Affairs has the power to approve or deny certain corporate decisions (e.g. dissolution). The Canal & River Trust is therefore classified as a public non-financial corporation (S.11001).;
GOOGLE  Google Play Apps,London,GB;Local Government;S.1313;;;;
PodMe,Stockholm,SE;Local Government;S.1313;;;;
BEERISTA,GOTEBORG,SE;Former Central Government;S.1311;1-Oct-13;Jun-16;Capital for Enterprise Limited was the government's main delivery agency for financial interventions for small and medium sized enterprises. It ceased operating independently on 1 October 2013 and became part of the British Business Bank. This was identified as part of a quality review of bodies identified on the guide.;
9025.19.457.76;Central Government;S.1311;1-Jun-09;Mar-11;;
Avbetalning bil Fredrik;Former Public Corporation;S.11001;;;;
9023.78.887.28;Public Non-Financial Corporation;S.11001;;;;
IKANO BANK AB - PREEM;Local Government;S.1313;;;;
9023.94.307.61;Public Non-Financial Corporation;S.11001;1-Mar-13;May-13;;
9023.94.307.61;Central Government;S.1311;;;;
SANGUINE,GOTEBORG,SE;Central Government;S.1311;;;;
Fredrik Moberg;Former Central Government;S.1311;1-Apr-08;Dec-14;;
WILLYS SISJÖN,ASKIM,SE;Central Government;S.1311;1-Apr-13;Aug-13;;
GOTEBORGS BOTANISKA TR,GOTEBORG,SE;Central Government;S.1311;1-Apr-13;Aug-13;;
GOTEBORGS BOTANISKA TR,GOTEBORG,SE;Central Government;S.1311;1-Apr-13;Aug-13;;
LIDL 274/GBG FROLUNDA,GOTEBORG,SE;Central Government;S.1311;1-Apr-13;Aug-13;;
PARKERINGSBOLAGET,GOTEBORG,SE;Central Government;S.1311;1-Apr-13;Aug-13;;
ECO & FAIR,GOTEBORG,SE;Local Government;S.1313;;;;
PARKERINGSBOLAGET,GOTEBORG,SE;Local Government;S.1313;;;;
Fredrik Moberg;Local Government;S.1313;;;;
Mat;Local Government;S.1313;;;;
Fredrik Moberg;Former Public Corporation;S.11001;1-Apr-10;Jul-13;;
GOOGLE *Google Play Ap,g.co/HelpPay#,IE;Local Government;S.1313;;;;
ICA KVANTUM HOVAS,HOVAS,SE;Local Government;S.1313;;;;
STORA COOP SISJÖN,ASKIM,SE;Local Government;S.1313;;;;
Spotify P109911445,Stockholm,SE;Former Central Government;S.1311;;;;
MR GATSBY PIZZERIA,Askim,SE;Central Government;S.1311;;;;
RUSTA SISJON 46,ASKIM,SE;Local Government;S.1313;;;;
BAUHAUS SISJON,VESTRA FROLUN,SE;Former Central Government;S.1311;;;;
BAUHAUS SISJON,VESTRA FROLUN,SE;Central Government;S.1311;;;;
RESTAURANG GREENS,VESTRA FROLUN,SE;Central Government;S.1311;;;;
BAUHAUS SISJON,VESTRA FROLUN,SE;Central Government;S.1311;;;;
FLUGGER AB S027,Askim,SE;Local Government;S.1313;;;;
iZ *Boguro AB,GOTEBORG,SE;Former Central Government;S.1311;;;;
CIRCLE K GOTEBORG HJAL,GOTEBORG,SE;Former Central Government;S.1311;;;;
PARKERINGSBOLAGET,GOTEBORG,SE;Former Central Government;S.1311;;;;
STORA COOP SISJÖN,ASKIM,SE;Former Central Government;S.1311;1-Apr-07;Aug-11;;
BAUHAUS SISJON,VESTRA FROLUN,SE;Former Central Government;S.1311;;;;
BAUHAUS SISJON,VESTRA FROLUN,SE;Former Public Corporation;S.11001;;;;
STORA COOP SISJÖN,ASKIM,SE;Former Public Corporation;S.11001;1-May-12;Jun-12;;
GOOGLE *Google Play Ap,g.co/HelpPay#,IE;Former Central Government;S.1311;;;;
STORA COOP SISJON,ASKIM,SE;Former Central Government;S.1311;;;;
BAUHAUS SISJON,VESTRA FROLUN,SE;Former Central Government;S.1311;1-Apr-09;Jun-16;Central Science Laboratory was a government research laboratory for food, environmental and agricultural sciences. It became a part of Food and Environment Research Agency on 1 April 2009. This was listed as part of a quality review of bodies identified on the guide.;
FLÄKTPLATTA;Former Local Government;S.1313;27-Jun-05;Dec-10;;
MAT WILLY;Central Government;S.1311;;;;
MAT VIRSERUM;Public Non-Financial Corporation;S.11001;;;;
ICA KVANTUM FROLUNDA,VASTRA FROLUN,SE;Central Government;S.1311;19-Jun-05;Mar-12;;
MR GATSBY PIZZERIA,ASKIM,SE;Former Central Government;S.1311;;;;
PA SPARET,VIMMERBY,SE;Public Non-Financial Corporation;S.11001;;;;
MICROSOFT*MICROSOFT 365 P,MSBILL.INFO,IE;Local Government;S.1313;;;;
Vasttrafik AB,Goteborg,SE;LG Funds, Accounts, Courts and Posts;S.1313;;;;
NYA*Toalett,46031920985,SE;CG Funds, Accounts, Courts and Posts;S.1311;;;;
7-ELEVEN 4324101,GOTEBORG,SE;Former Public Corporation;S.11001;1-Nov-07;May-12;;
7-ELEVEN 4324101,GOTEBORG,SE;Former Public Corporation;S.11001;1-Jun-00;May-12;;
ESPRESSO HOUSE 317,NASSJO,SE;Former Public Corporation;S.11001;1-Dec-92;May-12;;
ICA NARA KRYSSET  VIRSERU,VIRSERUM,SE;Public Non-Financial Corporation;S.11001;;;;
ICA NARA KRYSSET  VIRSERU,VIRSERUM,SE;Former Public Corporation;S.11001;;Mar-12;;
PRESSBYRAN 4128810,GOTEBORG,SE;Central Government;S.1311;;;;
PRALINEHUSET H.R AB,GOTEBORG,SE;Central Government;S.1311;;;;
BURGER KING JAR,GOTEBORG,SE;Central Government;S.1311;1-Jun-09;Nov-10;;
TAXI GOTEBORG,GOTEBORG,SE;Local Government;S.1313;;;;
APOTEKSHOP CENTRALEN,GOETEBORG,SE;Former Public Corporation;S.11001;1-Nov-12;Jul-13;;
Taxi;Local Government;S.1313;;;;
Conpeed apotek;Local Government;S.1313;;;;
Presenter;Public Non-Financial Corporation;S.11001;;;;
STORA COOP SISJON,ASKIM,SE;Local Government;S.1313;;;;
AKADEMIBOKHANDE,GOTEBORG,SE;Central Government;S.1311;;;;
AKADEMIBOKHANDE,VASTRA FROLU,SE;Local Government;S.1313;;;;
AKADEMIBOKHANDE,VASTRA FROLU,SE;Former Central Government;S.1311;1-Feb-15;Mar-15;;
KICKS V FROELUNDA,VAESTRA FROEL,SE;Local Government;S.1313;;;;
Mobil;Local Government;S.1313;;;;
Mat;Former Public Corporation;S.11001;;;;
JOHN SCOTT'S,MOLNDAL,SE;Local Government;S.1313;;;;
JOHN SCOTT'S,MOLNDAL,SE;Central Government;S.1311;;;;
JOHN SCOTT'S,MOLNDAL,SE;Local Government;S.1313;;;;
KJELL & CO 51,VASTRA FROLUN,SE;Public Non-Financial Corporation;S.11001;;;;
MR GATSBY PIZZERIA,ASKIM,SE;Central Government;S.1311;;;;
NETFLIX.COM,Amsterdam,NL;Central Government;S.1311;;;;
HALLON.SE,STOCKHOLM,SE;Former Central Government;S.1311;;;;
HALLON.SE,STOCKHOLM,SE;Former Central Government;S.1311;1-Aug-12;Mar-13;;
BAUHAUS;Former Central Government;S.1311;1-Nov-08;Mar-11;;
MAT WILLYS;Former Central Government;S.1311;;;;
BAUHAUS SISJON,VESTRA FROLUN,SE;Central Government;S.1311;;;;
MCDONALDS MOLND,MOLNDAL,SE;Central Government;S.1311;;;;
PARKERINGSBOLAGET,GOTEBORG,SE;Local Government;S.1313;;;;
PREEM,ASKIM,SE;Local Government;S.1313;;;;
Överf ISK;Former Central Government;S.1311;1-Jun-12;Jul-12;;
Överf ISK;Local Government;S.1313;;;;
MAXI ICA STORMARKNAD HOGS,VASTRA FROLUN,SE;Local Government;S.1313;;;;
9023.94.307.61;Local Government;S.1313;;;;
IKANO BANK AB - PREEM;Central Government;S.1311;;;;
MAT;Former Central Government;S.1311;;;;
CORONA TEST;Local Government;S.1313;1-Nov-11;Feb-14;;
ICA KVANTUM FROLUNDA,VASTRA FROLUN,SE;Local Government;S.1313;1-Nov-11;Feb-14;;
KRY.SE,STOCKHOLM,SE;Local Government;S.1313;;;;
9025.19.457.76;Central Government;S.1311;1-Jul-88;Jul-10;;
Avbetalning bil Fredrik;Local Government;S.1313;;;;
9023.78.887.28;Local Government;S.1313;;;;
SwishPaymentMessage;Local Government;S.1313;;;;
Spotify P10409D9E4,Stockholm,SE;Local Government;S.1313;;;;
SwishPaymentMessage;Local Government;S.1313;;;;
Mat virserum;Local Government;S.1313;;;;
MCDONALDS FROLU,VASTRA FROLUN,SE;Local Government;S.1313;;;;
STORA COOP SISJON,ASKIM,SE;Central Government;S.1311;1-May-10;Jul-10;;
TILL G & F;Public Non-Financial Corporation;S.11001;;;;
SwishPaymentMessage;Public Non-Financial Corporation;S.11001;;;;
Fredrik Moberg;Public Non-Financial Corporation;S.11001;;;;
Fredrik Moberg;Public Non-Financial Corporation;S.11001;1-Nov-00;Oct-13;;
Fredrik Moberg;Central Government;S.1311;;;;
Fredrik Moberg;Central Government;S.1311;1-Apr-05;Aug-11;;
WILLYS SISJON,ASKIM,SE;Central Government;S.1311;;;;
ICA KVANTUM FROLUNDA,VASTRA FROLUN,SE;Former Public Financial Corporation;S.12801;1-May-03;Oct-13;;
Fredrik Moberg;Central Government;S.1311;;;;
APOTEK HJARTAT ICA MAXI H,VASTRA FROLUN,SE;Central Government;S.1311;;;;
STORA COOP SISJON,ASKIM,SE;Central Government;S.1311;1-Nov-10;Nov-10;;
Compeed igen;Former Central Government;S.1311;;;;
Compeed;Local Government;S.1313;;;;
PLANTAGEN ASKIM,ASKIM,SE;Former Public Corporation;S.11001;;;;
SOTA BAR SWEDEN AB,KUNGALV,SE;Central Government;S.1311;1-Apr-13;Mar-13;;
STORA COOP SISJON,ASKIM,SE;Former Central Government;S.1311;;;;
Fredrik Moberg;Former Central Government;S.1311;;;;
SYSTEMBOLAGET ASKIM,ASKIM,SE;Former Central Government;S.1311;;;;
Storytel Sweden AB,Stockholm,SE;Former Central Government;S.1311;1-Jan-03;Jan-13;;
Fredrik Moberg;Former Central Government;S.1311;;;;
MAXI ICA STORMARKNAD HOGS,VASTRA FROLUN,SE;Former Central Government;S.1311;;;;
PREEM,ASKIM,SE;Public Financial Corporation;S.12501;;Jul-12;;
MYCASE-PODRUZNICA ZAGR,ZAGREB,HR;Public Non-Financial Corporation;S.11001;;;;
GP.SE,INTERNET,SE;Central Government;S.1311;;;;
Fredrik Moberg;Former Public Corporation;S.11001;;;;
Mat midsommar;Former Public Corporation;S.11001;;;;
STORA COOP SISJON,ASKIM,SE;Former Public Corporation;S.11001;;;;
Mobilskal Gustaf;Former Central Government;S.1311;;;;
K*Ian & Burt;Local Government;S.1313;;;;
RUSTA SISJON 46,ASKIM,SE;Public Non-Financial Corporation;S.11001;;;;
ICA KVANTUM FROLUNDA,VASTRA FROLUN,SE;Local Government;S.1313;;;;
MCDONALDS FROLU,VASTRA FROLUN,SE;Local Government;S.1313;;;;
IKANO BANK AB - PREEM;Public Non-Financial Corporation;S.11001;;;;
Mat;Local Government;S.1313;;;;
Mat;Former Central Government;S.1311;;;;
Lakan;Central Government;S.1311;1-Feb-13;Feb-13;;
COOP KONSUM VIRSERUM,VIRSERUM,SE;Central Government;S.1311;1-Apr-93;Oct-10;;
Mat coop;Former Public Non-Financial Corporation;S.11001;2-Dec-15;Oct-16;In accordance with internationally agreed rules in the Europeans System of Accounts 2010 (ESA2010) and accompanying Manual on Government Deficit and Debt 2016 (MGDD 2016), ONS has reviewed the classification of Scottish Trust Ports. Based on provisions contained within the Ports Act 1991, these were previously classified as public non-financial corporations (S.11001). The Scottish Government introduced new legislation in 2015 (the Harbours (Scotland) Act) to repeal sections of the Ports Act 1991 with a view to removing public sector control of Scottish Trust Ports. Following consideration of this legislation, ONS concluded that the Scottish Trust Ports are no longer subject to public sector controls. Scottish Trust Ports are now classified as private non-financial corporations, with this decision effective from 2 December 2015.;
Mat coop;Local Government;S.1313;12-Nov-09;Jun-19;Combined Authorities (CAs) are the bodies formed by two or more local authorities wishing to work more closely together to make collective decisions on key policy areas such as economic development, transport, skills, health and social care. ONS has assessed the classification status of CAs and has concluded that they are subject to public sector control as their corporate policy is determined by government and the majority of their members must be councillors appointed by the councils representing the respective local authorities. The assessment also concluded that as all CAs are funded almost entirely by non-competitive grants from government, they are not market producers. As all CAs are formed under the Local Democracy, Economic Development and Construction Act 2009 (the 2009 Act), they have been classified en-bloc to the Local Government subsector (S.1313) with effect from 12 November 2009, the date the 2009 Act received Royal Assent.;
COOP KONSUM VIRSERUM,VIRSERUM,SE;CG Funds, Accounts, Courts and Posts;S.1311;;;;
Microsoft*Microsoft 365 P,msbill.info,IE;Local Government;S.1313;;;;
MAXI ICA STORMARKNAD HOGS,VASTRA FROLUN,SE;Former Central Government;S.1311;1-Apr-11;Sep-11;;
SK7512235974;Former Central Government;S.1311;;;;
BAUHAUS SISJON,VESTRA FROLUN,SE;Former Central Government;S.1311;;;;
BAUHAUS SISJON,VESTRA FROLUN,SE;Central Government;S.1311;;;;
BAUHAUS SISJON,VESTRA FROLUN,SE;Central Government;S.1311;;;;
BAUHAUS SISJON,VESTRA FROLUN,SE;Central Government;S.1311;;;;
Kylväska;Former Central Government;S.1311;;;;
Mat;Former Central Government;S.1311;1-Jun-08;Mar-12;;
WILLYS SISJON,ASKIM,SE;Former Central Government;S.1311;;;The Commission for Racial Equality merged with the Equal Opportunities Commission and the Disability Rights Commission to form a new Equality and Human Rights Commission in October 2007.;
PREEM,ASKIM,SE;Former Central Government;S.1311;31-Mar-13;Nov-17;The Commission for Rural Communities's statutory purpose was to promote awareness of rural social and economic needs amongst decision makers across and beyond government. The Public Bodies (Abolition of the Commission for Rural Communities) Order 2012 abolished the CRC on 31 March 2013, following an external consultation.                          ;
APOTEK HJARTAT ICA MAXI H,VASTRA FROLUN,SE;Former Central Government;S.1311;1-Mar-09;Jan-11;;
MCDONALDS MOLND,MOLNDAL,SE;Local Government;S.1313;;;;
OKQ8,VASTRA FROLUN,SE;Central Government;S.1311;1-May-08;Mar-12;;
OKQ8,VASTRA FROLUN,SE;Central Government;S.1311;1-Apr-11;Oct-11;;
MAXI ICA STORMARKNAD HOGS,VASTRA FROLUN,SE;Former Central Government;S.1311;;;;
ICA KVANTUM HOVAS,HOVAS,SE;Former Central Government;S.1311;;;;
Gustaf Moberg;Local Government;S.1313;1-Jan-12;May-12;;
BESIKTA BILPROV,STOCKHOLM,SE;Central Government;S.1311;29-Apr-05;Dec-11;;
Mat;Local Government;S.1313;;;;
Fredrik Moberg;Central Government;S.1311;;;;
Fredrik Moberg;Former Central Government;S.1311;;;;
NETFLIX.COM,Amsterdam,NL;Former Central Government;S.1311;23-Apr-14;Nov-17;The role of the Committee on Agricultural Valuation was to give advice to Ministers about provisions to be included in regulations on tenant-right matters and the amount of compensation for improvements to be paid to tenants at the end of an agricultural tenancy in England and Wales. It had not functioned for over 20 years and was therefore dissolved under The Public Bodies (Abolition of the Committee on Agricultural Valuation) Order 2014 on 23 April 2014;
BAUHAUS SISJON,VESTRA FROLUN,SE;Former Central Government;S.1311;;;;
Gustaf Moberg;Central Government;S.1311;;;;
MCDONALDS FROLU,VASTRA FROLUN,SE;Central Government;S.1311;;;;
MAXI ICA STORMARKNAD HOGS,VASTRA FROLUN,SE;Former Central Government;S.1311;;;;
ICA KVANTUM FROLUNDA,VASTRA FROLUN,SE;Central Government;S.1311;;;;
ICA KVANTUM FROLUNDA,VASTRA FROLUN,SE;Central Government;S.1311;;;;
HALLON.SE,STOCKHOLM,SE;Former Central Government;S.1311;;;;
HALLON.SE,STOCKHOLM,SE;Central Government;S.1311;;;;
BESIKTA BILPROV,STOCKHOLM,SE;Central Government;S.1311;;;;
VENTIL;Central Government;S.1311;;;;
BESIKTNING;Central Government;S.1311;;;;
MAT;Former Central Government;S.1311;;;;
MAT VIRSERUM;Central Government;S.1311;;;;
MCDONALDS FROLU,VASTRA FROLUN,SE;Former Central Government;S.1311;;;;
CIRCLE K ASKIM,ASKIM,SE;Public Financial Corporation;S.12;;;;
PARKERINGSBOLAGET,GOTEBORG,SE;Central Government;S.1311;1-Dec-02;Feb-11;;
MCDONALDS MOLND,MOLNDAL,SE;Central Government;S.1311;;;;
CIRCLE K MOLNDAL SODERLED,MOLNDAL,SE;Central Government;S.1311;;;;
ICA NARA KRYSSET  VIRSERU,VIRSERUM,SE;Central Government;S.1311;;;;
COOP KONSUM VIRSERUM,VIRSERUM,SE;Former Central Government;S.1311;1-Apr-08;Apr-15;;
Överf ISK;Public Non-Financial Corporation;S.11001;28-Jul-09;Feb-17;Formed on 29 July 2009 as a subsidiary of Community Safety GlasgowThrough its board of directors also having to serve on the board of Community Safety Glasgow (its parent company), Community and Safety Services Limited was identified as a publically controlled institutional unit. By providing commercial security services at economically significant prices to non-Glasgow City Council customers, Community and Safety Services Limited passed the market test criteria as outlined in ESA 2010, and so it was considered to be a market body. As a publically controlled, market body, ONS concluded that Community and Safety Services Limited should be classified as a public non-financial corporation (S.11001). ;
Överf ISK;Local Government;S.1313;26-May-05;Sep-11;;
Kläder Freja Moberg;Local Government;S.1313;25-May-05;Sep-11;;
9025.19.457.76;Central Government;S.1311;;;;
Avbetalning bil Fredrik;Former Central Government;S.1311;;;;
9023.78.887.28;Former Central Government;S.1311;1-Dec-03;Mar-12;;
STADIUM SISJON,ASKIM,SE;Central Government;S.1311;;;;
JULA AB,ASKIM,SE;Central Government;S.1311;;;;
RUSTA SISJON 46,ASKIM,SE;Central Government;S.1311;1-Apr-17;Jun-19;Community Justice Scotland (CJS) is the body responsible for promoting world-leading standards of community justice across Scotland and advises Ministers and local government leaders on strengthening how public services and other partners can work together to prevent and reduce offending. ONS has assessed the classification status of CJS and has concluded that it is subject to public sector control as the chair and all members of the CJS board are appointed by Scottish Ministers. The assessment also concluded that CJS is a non-market body, as it is funded entirely by the Scottish Government through grant-in-aid. As such, CJS has been classified to the Central Government subsector (S.1311) with effect from 1 April 2017, the date CJS assumed its full functions. ;
BAUHAUS SISJON,VESTRA FROLUN,SE;Former Central Government;S.1311;;;;
MCDONALDS MOLND,MOLNDAL,SE;Local Government;S.1313;1-Oct-06;Feb-17;Community Safety Glasgow was incorporated on 1 October 2006, as a partnership between Glasgow City Council and Police Scotland as a charitable body to deal with crime prevention, antisocial behavior and community safety issues. As a local government controlled non market body, ONS concluded that Community Safety Glasgow is classified to the Local Government subsector (S.1313).;Community Safety Glasgow was incorporated on 1 October 2006, as a partnership between Glasgow City Council and Police Scotland as a charitable body to deal with crime prevention, antisocial behavior and community safety issues. As a local government controlled non market body, ONS concluded that Community Safety Glasgow is classified to the Local Government subsector (S.1313).
WILLYS SISJON,ASKIM,SE;Local Government;S.1313;1-Nov-99;Jul-10;;
PARKERINGSBOLAGET,GOTEBORG,SE;Central Government;S.1311;01-Nov-1884;Oct-18;;
MAXI ICA STORMARKNAD HOGS,VASTRA FROLUN,SE;Central Government;S.1311;;;;
MAXI ICA STORMARKNAD HOGS,VASTRA FROLUN,SE;Central Government;S.1311;1-Oct-13;Oct-13;;
MAXI ICA STORMARKNAD HOGS,VASTRA FROLUN,SE;Central Government;S.1311;;;;
MR GATSBY PIZZERIA,ASKIM,SE;Central Government;S.1311;;;;
Bodil Karlsson;Central Government;S.1311;;;;
Fredrik Moberg;Local Government;S.1313;;;;
BAUHAUS SISJON,VESTRA FROLUN,SE;Local Government;S.1313;1-Dec-04;Sep-12;;
ICA KVANTUM FROLUNDA,VASTRA FROLUN,SE;Local Government;S.1313;1-Dec-04;Sep-12;;
Fredrik Moberg;Public Non-Financial Corporation;S.11001;;;;
Fredrik Moberg;CG Funds, Accounts, Courts and Posts;S.1311;;;;
Sovsäck;Central Government;S.1311;;;;
FKASSA;Central Government;S.1311;;;;
Freja borste;Central Government;S.1311;;;;
Fredrik Moberg;Former Central Government;S.1311;;;;
Snabböverföring;Former Central Government;S.1311;;;;
STORA COOP SISJON,ASKIM,SE;Central Government;S.1311;;;;
BAUHAUS GOTEBORG,HISINGSBACKA,SE;Former Central Government;S.1311;1-Apr-08;Aug-11;;
Spotify P0FCFC7EE8,Stockholm,SE;Central Government;S.1311;;;;
Snabböverföring;Central Government;S.1311;1-Apr-10;Aug-10;;
BAUHAUS SISJON,VESTRA FROLUN,SE;Central Government;S.1311;1-Apr-08;Aug-11;;
MCDONALDS FROLU,VASTRA FROLUN,SE;Former Central Government;S.1311;;;;
Storytel Sweden AB,Stockholm,SE;Former Central Government;S.1311;;;;
BILTEMA SWEDEN SISJON 164,VESTRA FROLUN,SE;CG Funds, Accounts, Courts and Posts;S.1311;;;;
CIRCLE K ASKIM,ASKIM,SE;Central Government;S.1311;1-Dec-03;May-12;;
INGO ASKIM SISJON,GOTEBORG,SE;Former Central Government;S.1311;;;;
BAUHAUS SISJON,VESTRA FROLUN,SE;Local Government;S.1311;1-Jan-75;Jul-18;;
Bauhaus;CG Funds, Accounts, Courts and Posts;S.1311;;;;
Fredrik Moberg;Local Government;S.1313;;;;
MCDONALDS FROLU,VASTRA FROLUN,SE;Local Government;S.1313;;;;
ICA KVANTUM FROLUNDA,VASTRA FROLUN,SE;Central Government;S.1311;;;;
Fredrik Moberg;Former Central Government;S.1311;;;;
BILTEMA SWEDEN SISJON 164,VESTRA FROLUN,SE;Local Government;S.1313;;;;
IKANO BANK AB - PREEM;Local Government;S.1313;;;;
MCDONALDS MOLND,MOLNDAL,SE;Local Government;S.1313;;;;
WILLYS SISJON,ASKIM,SE;Public Non-Financial Corporation;S.11001;1-Apr-10;Jul-13;;
KD APOTEK,ASKIM,SE;LG Funds, Accounts, Courts and Posts;S.1313;;;;
KD APOTEK,ASKIM,SE;Local Government;S.1313;;;;
Mat;Central Government;S.1311;;;;
Fredrik Moberg;Central Government;S.1311;;;;
APOTEK HJARTAT ICA MAXI H,VASTRA FROLUN,SE;Former Central Government;S.1311;;;;
STORA COOP SISJON,ASKIM,SE;Central Government;S.1311;;;;
BAUHAUS SISJON,VESTRA FROLUN,SE;Former Central Government;S.1311;;;;
Microsoft*Microsoft 365 P,msbill.info,IE;Central Government;S.1311;;;;
MCDONALDS MOLND,MOLNDAL,SE;Former Central Government;S.1311;;;;
Lister;Central Government;S.1311;;;;
WILLYS SISJON,ASKIM,SE;Central Government;S.1311;;Mar-11;;
CIRCLE K ASKIM,ASKIM,SE;Local Government;S.1313;;;;
BILTEMA SWEDEN SISJON 164,VESTRA FROLUN,SE;Former Central Government;S.1311;;;;
Fredrik Moberg;Former Central Government;S.1311;;;;
Snabböverföring;Former Central Government;S.1311;1-Oct-06;Jun-12;;
STORA COOP BACKEBOL,HISINGSBACKA,SE;Former Central Government;S.1311;1-Apr-13;Apr-13;;
BAUHAUS GOTEBORG,HISINGSBACKA,SE;Local Government;S.1313;;;;
BAUHAUS SISJON,VESTRA FROLUN,SE;Former Central Government;S.1311;;;;
Billogram / faktura;CG Funds, Accounts, Courts and Posts;S.1311;;;;
FREDRIK MOBERG;Local Government;S.1313;;;;
Lister;Former Local Government;S.1313;;;;
MCDONALDS MOLND,MOLNDAL,SE;CG Funds, Accounts, Courts and Posts;S.1311;;;;
CLAS OHLSON,ASKIM,SE;Former Central Government;S.1311;1-Apr-05;Oct-11;;
MCDONALDS MOLND,MOLNDAL,SE;Public Financial Corporation;S.12201;;;;
HM SE0249,Vaestra Froel,SE;Public Non-Financial Corporation;S.11001;;;;
Kläder barnen;Local Government;S.1313;;;;
SPORTSHOPEN SIS,ASKIM,SE;Local Government;S.1313;;;;
NETFLIX.COM,Amsterdam,NL;Central Government;S.1311;1-Apr-07;Apr-11;;
BILTEMA SWEDEN SISJON 164,VESTRA FROLUN,SE;Local Government;S.1313;;;;
HALLON.SE,STOCKHOLM,SE;Local Government;S.1313;;;;
BAUHAUS SISJON,VESTRA FROLUN,SE;Central Government;S.1311;1-Jul-10;Mar-11;;
HALLON.SE,STOCKHOLM,SE;Central Government;S.1311;;;;
WILLYS SISJON,ASKIM,SE;Former Central Government;S.1311;;;;
PREEM,ASKIM,SE;Central Government;S.1311;;;;
Listwr;Former Central Government;S.1311;1-Apr-06;Nov-11;;
STORA COOP SISJON,ASKIM,SE;Central Government;S.1311;;;;
BYGGMAX/1216,ASKIM,SE;Former Central Government;S.1311;;;;
Överf ISK;Central Government;S.1311;;;;
BYGGMAX/1216,ASKIM,SE;Central Government;S.1311;1-Jan-04;Oct-12;;
BYGGMAX/1216,ASKIM,SE;Former Central Government;S.1311;1-Aug-03;Mar-12;"The CRB provided a service which enabled organisations in the public, private and voluntary sectors to make better informed, safer recruitment decisions, by providing them with information to enable them to determine whether candidates are unsuitable for certain work; particularly in occupations involving regular contact with vulnerable groups including children. In December 2012 the CRB merged with the Independent Safeguarding Authority (ISA) to form the Disclosure and Barring Service (DBS) and consequently, the CRB is reclassified as a Former Central Government body from that date.";
BYGGMAX/1203,KALLERED,SE;Central Government;S.1311;;;;
Golv;Former Public Non-Financial Corporation;S.11001;2-Dec-15;Oct-16;In accordance with internationally agreed rules in the Europeans System of Accounts 2010 (ESA2010) and accompanying Manual on Government Deficit and Debt 2016 (MGDD 2016), ONS has reviewed the classification of Scottish Trust Ports. Based on provisions contained within the Ports Act 1991, these were previously classified as public non-financial corporations (S.11001). The Scottish Government introduced new legislation in 2015 (the Harbours (Scotland) Act) to repeal sections of the Ports Act 1991 with a view to removing public sector control of Scottish Trust Ports. Following consideration of this legislation, ONS concluded that the Scottish Trust Ports are no longer subject to public sector controls. Scottish Trust Ports are now classified as private non-financial corporations, with this decision effective from 2 December 2015.;
WILLYS SISJON,ASKIM,SE;Former Public Non-Financial Corporation;S.11001;2-Dec-15;Oct-16;In accordance with internationally agreed rules in the Europeans System of Accounts 2010 (ESA2010) and accompanying Manual on Government Deficit and Debt 2016 (MGDD 2016), ONS has reviewed the classification of Scottish Trust Ports. Based on provisions contained within the Ports Act 1991, these were previously classified as public non-financial corporations (S.11001). The Scottish Government introduced new legislation in 2015 (the Harbours (Scotland) Act) to repeal sections of the Ports Act 1991 with a view to removing public sector control of Scottish Trust Ports. Following consideration of this legislation, ONS concluded that the Scottish Trust Ports are no longer subject to public sector controls. Scottish Trust Ports are now classified as private non-financial corporations, with this decision effective from 2 December 2015.;
KD APOTEK,ASKIM,SE;Former Central Government;S.1311;;;;
Fredrik Moberg;Local Government;S.1313;;;;
Mat o apotek;Former Public Corporation;S.11001;;;;
Överf ISK;Former Public Corporation;S.11001;;;;
MCDONALDS FROLU,VASTRA FROLUN,SE;Former Central Government;S.1311;1-Sep-12;Oct-12;;
STORA COOP SISJON,ASKIM,SE;CG Funds, Accounts, Courts and Posts;S.1311;;;;
9025.19.457.76;Public Non-Financial Corporation;S.11001;;;;
Avbetalning bil Fredrik;Local Government;S.1313;;;;
9023.78.887.28;Public Non-Financial Corporation;S.11001;1-Apr-17;Nov-17;"Crown Estate Scotland (Interim Management) (CES-(IM)) is an interim body, created to manage the Crown Estate's assets in Scotland, which include four rural estates, mineral and salmon fishing rights, around 50% of the foreshore, and almost all of the seabed to 12 nautical miles and associated rights on the Continental Shelf beyond 12 nautical miles (including leasing for renewable energy, pipelines and cables). CES-(IM) commenced management of the Crown Estate assets in Scotland on 1 April 2017

ONS formally assessed CES-(IM) in accordance with the internationally agreed rules in the European System of Accounts 2010 (ESA 2010) and the accompanying Manual on Government Deficit and Debt 2016 (MGDD 2016) and concluded that CES-(IM) is a public non-financial corporation (S.11001).  
";
WILLYS SISJON,ASKIM,SE;Central Government;S.1311;;;;
Star Stable NS9MQID1,Stockholm,SE;Central Government;S.1311;;;;
9023.78.898.13;Former Public Non-Financial Corporation;S.11001;2-Dec-15;Oct-16;In accordance with internationally agreed rules in the Europeans System of Accounts 2010 (ESA2010) and accompanying Manual on Government Deficit and Debt 2016 (MGDD 2016), ONS has reviewed the classification of Scottish Trust Ports. Based on provisions contained within the Ports Act 1991, these were previously classified as public non-financial corporations (S.11001). The Scottish Government introduced new legislation in 2015 (the Harbours (Scotland) Act) to repeal sections of the Ports Act 1991 with a view to removing public sector control of Scottish Trust Ports. Following consideration of this legislation, ONS concluded that the Scottish Trust Ports are no longer subject to public sector controls. Scottish Trust Ports are now classified as private non-financial corporations, with this decision effective from 2 December 2015.;
Nat;Former Public Corporation;S.11001;1-Nov-10;Mar-12;;
Fredrik Moberg;Central Government;S.1311;1-Jun-09;Mar-12;;
KD APOTEK,ASKIM,SE;Former Central Government;S.1311;1-Sep-10;May-12;;
Spotify P0F6A01D74,Stockholm,SE;Former Public Corporation;S.11001;;;;
Fredrik Moberg;Former Central Government;S.1311;1-Feb-15;Mar-15;;
Freja hämtar bilnyckel;Local Government;S.1313;;;;
Disk Stråtjära;Local Government;S.1313;;;;
Däckbyte;Central Government;S.1311;;;;
BYGGMAX/1216,ASKIM,SE;Central Government;S.1311;1-Jun-09;Mar-11;;
Fredrik Moberg;Former Central Government;S.1311;;;;
PARKERINGSBOLAGET,GOTEBORG,SE;Local Government;S.1313;;;;
WILLYS SISJON,ASKIM,SE;Public Non-Financial Corporation;S.11001;;;;
bodil;Former Central Government;S.1311;;;;
MAXI ICA STORMARKNAD HOGS,VASTRA FROLUN,SE;Central Government;S.1311;;;;
BAUHAUS SISJON,VESTRA FROLUN,SE;Local Government;S.1313;;;;
MCDONALDS FROLU,VASTRA FROLUN,SE;Local Government;S.1313;;;;
WWW.BILTEMA.COM,HELSINGBORG,SE;Local Government;S.1313;1-Jun-96;Sep-12;;
BILTEMA SWEDEN SISJON 164,VESTRA FROLUN,SE;Former Central Government;S.1311;1-Apr-06;Mar-11;;
MAXI ICA STORMARKNAD HOGS,VASTRA FROLUN,SE;Central Government;S.1311;;;;
MAXI ICA STORMARKNAD HOGS,VASTRA FROLUN,SE;Local Government;S.1313;;;;
Fredrik Moberg;Central Government;S.1311;1-Nov-07;Apr-11;;
Microsoft*Office 365 Pers,msbill.info,IE;Central Government;S.1311;1-Jul-06;Apr-11;;
BAUHAUS SISJON,VESTRA FROLUN,SE;CG Funds, Accounts, Courts and Posts;S.1311;;;;
BAUHAUS SISJON,VESTRA FROLUN,SE;Former Central Government;S.1311;1-Apr-11;Sep-11;;
Microsoft*Store,msbill.info,IE;Former Central Government;S.1311;1-Apr-08;Mar-11;;
Microsoft*Store,msbill.info,IE;Former Central Government;S.1311;;;;
Microsoft*Store,msbill.info,IE;Former Public Corporation;S.11001;;;;
WILLYS SISJON,ASKIM,SE;Former Central Government;S.1311;1-Apr-07;Mar-11;;
MCDONALDS FROLU,VASTRA FROLUN,SE;Former Central Government;S.1311;;;;
Jord och gödsel;Former Central Government;S.1311;1-Apr-07;Mar-11;;
Mat;Former Central Government;S.1311;1-Apr-05;Mar-11;;
MAXI ICA STORMARKNAD HOGS,VASTRA FROLUN,SE;Former Central Government;S.1311;1-Apr-07;Mar-11;;
HALLON.SE,STOCKHOLM,SE;Former Central Government;S.1311;;;;
ICA KVANTUM FROLUNDA,VASTRA FROLUN,SE;Former Public Corporation;S.11001;;;;
BAUHAUS SISJON,VESTRA FROLUN,SE;Former Central Government;S.1311;1-Apr-05;Mar-11;;
CIRCLE K ASKIM,ASKIM,SE;Former Central Government;S.1311;1-Apr-04;Mar-11;;
PARKERINGSBOLAGET,GOTEBORG,SE;Former Central Government;S.1311;1-Apr-05;Mar-11;;
Regnkläder;Former Central Government;S.1311;1-Apr-08;Mar-11;;
Spade;Central Government;S.1311;;;;
Apotek;Former Central Government;S.1311;;;;
Mat;Former Central Government;S.1311;1-Apr-07;Mar-11;;
ICA KVANTUM FROLUNDA,VASTRA FROLUN,SE;Public Non-Financial Corporation;S.11001;;;;
BAUHAUS SISJON,VESTRA FROLUN,SE;Central Government;S.1311;;;;
NETFLIX.COM,Amsterdam,NL;Former Central Government;S.1311;1-Apr-03;Mar-11;;
STADIUM OUTLET,ASKIM,SE;Former Central Government;S.1311;1-Jul-10;Mar-11;;
CIRCLE K ASKIM,ASKIM,SE;Public Non-Financial Corporation;S.11001;;;;
APOTEK HJARTAT ICA MAXI H,VASTRA FROLUN,SE;Former Central Government;S.1311;1-Apr-07;Mar-11;;
ICA KVANTUM HOVAS,HOVAS,SE;Former Central Government;S.1311;1-Oct-11;Sep-13;;
MAXI ICA STORMARKNAD HOGS,VASTRA FROLUN,SE;Former Central Government;S.1311;1-Jul-10;Mar-11;;
HALLON.SE,STOCKHOLM,SE;Local Government;S.1313;;;;
MCDONALDS FROLU,VASTRA FROLUN,SE;Local Government;S.1313;;;;
Mat;Former Central Government;S.1311;;;;
UDEMY: ONLINE COURSES,DUBLIN 2,IE;Former Central Government;S.1311;;;;
PARKERINGSBOLAGET,GOTEBORG,SE;Former Central Government;S.1311;;;;
WILLYS SISJON,ASKIM,SE;Central Government;S.1311;14-Jul-16;Mar-17;Department for Business, Energy and Industrial Strategy is a UK Government Department formed on 14 July 2016 following the merger of the Department of Business, Innovation and Skills and the Department of Energy and Climate Change. It is responsible for business, industrial strategy, science, innovation, energy and climate change.;
MCDONALDS FROLU,VASTRA FROLUN,SE;Former Central Government;S.1311;;;;
CIRCLE K ASKIM,ASKIM,SE;Former Central Government;S.1311;14-Jul-16;Mar-17;On 14 July 2016, the Department for Business, Innovation and Skills and the Department of Energy and Climate Change were merged together to form the Department for Business, Energy and Industrial Strategy. ;
HBO NORDIC AB,0770-455000,SE;Former Central Government;S.1311;;;;
CIRCLE K ASKIM,ASKIM,SE;Central Government;S.1311;;;;
CIRCLE K ASKIM,ASKIM,SE;Former Central Government;S.1311;1-May-07;Oct-11;;
WILLYS SISJON,ASKIM,SE;Central Government;S.1311;;;;
Överf ISK;Central Government;S.1311;;;;
Överf ISK;Central Government;S.1311;;;;
MAXI ICA STORMARKNAD HOGS,VASTRA FROLUN,SE;Former Central Government;S.1311;;;;
ICA NARA HAGA,GOTEBORG,SE;Central Government;S.1311;;;;
PARKERINGSBOLAGET,GOTEBORG,SE;Central Government;S.1311;14-Jul-16;Mar-17;Department for Exiting the European Union is a UK Government Department formed on 14 July 2016. It is responsible for overseeing negotiations for the UK’s withdrawal from the European Union.;
ICA SUPERMARKET AKERED,VASTRA FROLUN,SE;Former Central Government;S.1311;;;;
Fredrik Moberg;Central Government;S.1311;;;;
MCDONALDS MOLND,MOLNDAL,SE;Central Government;S.1311;14-Jul-16;Mar-17;Department for International Trade is a UK Government Department formed on 14 July 2016. It is responsible for developing and negotiating trade agreements between the UK and non European Union countries.;
PARKERINGSBOLAGET,GOTEBORG,SE;Central Government;S.1311;;;;
PARKERINGSBOLAGET,GOTEBORG,SE;Former Central Government;S.1311;;;;
9023.78.898.13;Central Government;S.1311;;;;
ICA KVANTUM FROLUNDA,VASTRA FROLUN,SE;Former Central Government;S.1311;14-Jul-16;Mar-17;On 14 July 2016, the Department for Business, Innovation and Skills and the Department of Energy and Climate Change were merged together to form the Department for Business, Energy and Industrial Strategy. ;
PARKERINGSBOLAGET,GOTEBORG,SE;Central Government;S.1311;;;;
PARKERINGSBOLAGET,GOTEBORG,SE;Former Central Government;S.1311;;;;
9025.19.457.76;Local Government;S.1313;;;;
Avbetalning bil Fredrik;Public Non-Financial Corporation;S.11001;;;;
9023.78.887.28;Local Government;S.1313;;;;
Fredrik Moberg;Local Government;S.1313;;;;
MCDONALDS FROLU,VASTRA FROLUN,SE;Former Central Government;S.1311;1-Feb-15;Mar-14;;
PREEM,ASKIM,SE;Local Government;S.1313;;;;
PARKERINGSBOLAGET,GOTEBORG,SE;Former Central Government;S.1311;1-Apr-11;Sep-11;;
ICA SUPERMARKET AKERED,VASTRA FROLUN,SE;Public Non Financial Corporation;S.11001;;;;
SwishPaymentMessage;Former Central Government;S.1311;1-Apr-01;Sep-12;;
ICA KVANTUM FROLUNDA,VASTRA FROLUN,SE;Former Public Corporation;S.11001;;;;
PARKERINGSBOLAGET,GOTEBORG,SE;Local Government;S.1313;;;;
Bodil Karlsson;Local Government;S.1313;;;;
Spotify P0F05356AF,Stockholm,SE;Former Public Corporation;S.11001;1-Dec-03;Nov-14;;
PARKERINGSBOLAGET,GOTEBORG,SE;Central Government;S.1311;1-Feb-02;Aug-11;;
Fredrik Moberg;Former Public Corporation;S.11001;;;;
MCDONALDS FROLU,VASTRA FROLUN,SE;Former Central Government;S.1311;1-Mar-11;Dec-10;;
MCDONALDS MOLND,MOLNDAL,SE;Local Government;S.1313;;;;
PARKERINGSBOLAGET,GOTEBORG,SE;Former Public Financial Corporation;S.12801;1-Sep-13;Feb-14;;
PARKERINGSBOLAGET,GOTEBORG,SE;Public Non-Financial Corporation;S.11001;;;;
K*Apotea AB;Local Government;S.1313;;;;
idrottsrabatten Freja Moberg;Central Government;S.1311;;;;
Fredrik Moberg;Former Central Government;S.1311;1-Apr-08;Nov-11;;
idrottsrabatten Gustaf Moberg;Former Central Government;S.1311;1-Feb-13;Feb-13;;
Paynova AB (publ);Central Government;S.1311;;;;
IKANO BANK AB - PREEM;Former Central Government;S.1311;;;;
FREDRIK MOBERG;Former Central Government;S.1311;;;;
FREDRIK MOBERG;Central Government;S.1311;7-Apr-15;Sep-15;"After the incorporation of the new Remploy Ltd, certain assets and liabilities were left behind with the ""old"" Remploy company, now known as the Disabled People's Employment Corporation (GB) Ltd (“DPEC”). It was judged that DPEC remained under government control, in accordance with the European System of Accounts 2010 (ESA 2010) and the accompanying 2014 Manual on Government Deficit and Debt (MGDD 2014). This is through the government having control over the appointment of key personnel and guaranteeing funding to ensure that any net deficit, including pension liabilities, will be fully funded by the government until DPEC is closed down. DPEC no longer provides market services, and therefore it is reclassified to the central government subsector (S.1311). ";
MAXI ICA STORMARKNAD HOGS,VASTRA FROLUN,SE;Central Government;S.1311;;;;
WILLYS SISJON,ASKIM,SE;Central Government;S.1311;1-Dec-12;Nov-15;In July 2014, ONS announced that the Disclosure and Barring Service (DBS) would be classified as a Public Non-Financial Corporation (S.11001). This was based on the fact that the fees DBS charges for disclosure checks are in proportion to the services the organisation produces (rather than raising revenues to be passed to other areas of government).  Following advice from Eurostat, the ONS has now completed a further analysis of the services DBS produces and has found that checks provided to government customers plus checks provided to certain customers free of charge (as a result of government policy) comprise a majority of the output produced by the DBS.  Checks provided to government customers is a proxy for non-market output in the context of ESA 2010 20.27, while checks provided free of charge are secondary non-market output.  As such, a majority of DBS activity is non-market production and DBS is therefore 'presumed' to be a non-market producer in accordance with the principles laid out in ESA 2010 20.27.  As a result, the DBS is a government-controlled non-market body and is reclassified in the Central Government subsector (S.1311) from its inception in December 2012. ;
LIFE SISJON,ASKIM,SE;Former Central Government;S.1311;1-Apr-07;Mar-11;;
CIRCLE K ASKIM,ASKIM,SE;Central Government;S.1311;;;;
STORA COOP SISJON,ASKIM,SE;Local Government;S.1313;;;;
PARKERINGSBOLAGET,GOTEBORG,SE;Former Central Government;S.1311;1-Jul-12;Apr-13;;
MCDONALDS FROLU,VASTRA FROLUN,SE;Public Non-Financial Corporation;S.11001;;;;
PodMe,Stockholm,SE;Central Government;S.1311;;;;
BILTEMA SWEDEN SISJON 164,VESTRA FROLUN,SE;Public Financial Corporation;S.12501;;;;
Fredrik Moberg;Public Financial Corporation;S.12501;;;;
BILTEMA SWEDEN SISJON 164,VESTRA FROLUN,SE;Former Central Government;S.1311;;;;
JULA AB,ASKIM,SE;Local Government;S.1313;;;;
WILLYS HEMMA PAVELUND,VASTRA FROLUN,SE;CG Funds, Accounts, Courts and Posts;S.1311;;;;
MCDONALDS FROLU,VASTRA FROLUN,SE;Local Government;S.1313;;;;
MCD 238 GBG, RA,GOTEBORG,SE;Central Government;S.1311;;;;
RUSTA SISJON 46,ASKIM,SE;Local Government;S.1313;;;;
WILLYS SISJON,ASKIM,SE;Local Government;S.1313;;;;
STORA COOP BACKAPLAN,GOTEBORG,SE;Former Central Government;S.1311;1-Feb-15;Mar-15;;
Fredrik Moberg;Central Government;S.1311;1-Apr-08;Feb-12;;
MAXI ICA STORMARKNAD HOGS,VASTRA FROLUN,SE;Local Government;S.1313;;;;
WILLYS SISJON,ASKIM,SE;Public Non-Financial Corporation;S.11001;;;;
ELCYKEL GOTEBORG BUTIK  N,GOTEBORG,SE;Central Government;S.1311;;;;
Fredrik Moberg;Public Non-Financial Corporation;S.11001;;;;
Fredrik Moberg;Central Government;S.1311;;;;
16232 - NETTO GOTEBORG,GOTEBORG,SE;Public Non-Financial Corporation;S.11001;;;;
HALLON.SE,STOCKHOLM,SE;Local Government;S.1313;;;;
Microsoft*Office 365 Pers,msbill.info,IE;Former Central Government;S.1311;1-Apr-07;Mar-11;;
PARKERINGSBOLAGET,GOTEBORG,SE;Local Government;S.1313;;;;
IZ *LINDAS INNEBAN,HOVAS,SE;Local Government;S.1313;;;;
FOTBOLL FREJ;Former Public Non-Financial Corporation;S.11001;2-Dec-15;Oct-16;In accordance with internationally agreed rules in the Europeans System of Accounts 2010 (ESA2010) and accompanying Manual on Government Deficit and Debt 2016 (MGDD 2016), ONS has reviewed the classification of Scottish Trust Ports. Based on provisions contained within the Ports Act 1991, these were previously classified as public non-financial corporations (S.11001). The Scottish Government introduced new legislation in 2015 (the Harbours (Scotland) Act) to repeal sections of the Ports Act 1991 with a view to removing public sector control of Scottish Trust Ports. Following consideration of this legislation, ONS concluded that the Scottish Trust Ports are no longer subject to public sector controls. Scottish Trust Ports are now classified as private non-financial corporations, with this decision effective from 2 December 2015.;
NETFLIX.COM,Amsterdam,NL;Local Government;S.1313;;;;
STORA COOP SISJON,ASKIM,SE;Former Local Government;S.1313;1-Dec-07;Apr-12;;
mat;Local Government;S.1313;;;;
ICA NARA TOPPEN  GOTEBORG,GOTEBORG,SE;Central Government;S.1311;;;;
16232 - NETTO GOTEBORG,GOTEBORG,SE;Local Government;S.1313;;;;
HBO NORDIC AB,0770-455000,SE;Former Central Government;S.1311;1-Feb-15;Mar-15;;
PARKERINGSBOLAGET,GOTEBORG,SE;Former Public Corporation;S.11001;1-Nov-12;Jul-13;;
PARKERINGSBOLAGET,GOTEBORG,SE;Local Government;S.1313;;;;
PARKERINGSBOLAGET,GOTEBORG,SE;Local Government;S.1313;;;;
IZ *LINDAS INNEBAN,HOVAS,SE;Former Public Non-Financial Corporation;S.11001;1-Mar-15;Dec-15;"On 1 March 2015, Directly Operated Railways Ltd (a central government unit) sold all issued share capital in East Coast Main Line (ECML) Company Ltd to Inter City Railways Ltd, a new joint venture company between Stagecoach Transport Holding Ltd and Virgin Holdings Ltd.  Following this sale, ONS has reviewed the statistical classification of ECML Company Ltd.  In accordance with internationally agreed rules outlined in ESA 2010 and MGDD 2014, ONS concluded that ECML Company Ltd should be reclassified as a Private Non-Financial Corporation (S.11002);  this was due to the fact that public sector control over ECML Company Ltd is no longer evident and that it continues to act as a market producer. Entries in the Public Sector Classifications Guide have been updated to reflect this reclassification, recording ECML Company Ltd as a Former Public Non-Financial Corporation, effective 1 March 2015. ";
SHELL GOTEBORG,GOTEBORG,SE;Local Government;S.1313;;;;
16232 - NETTO GOTEBORG,GOTEBORG,SE;Local Government;S.1313;;;;
ALBATROSS GOLFK,HISINGS BACK,SE;Local Government;S.1313;;;;
Fredrik Moberg;Public Financial Corporation;S.12501;;Jul-12;;
IKANO BANK AB - PREEM;Public Non-Financial Corporation;S.11001;;;;
Överf ISK;Local Government;S.1313;;;;
Överf ISK;Local Government;S.1313;;;;
MCDONALDS FROLU,VASTRA FROLUN,SE;Public Non-Financial Corporation;S.11001;1-Apr-11;Jul-13;;
PARKERINGSBOLAGET,GOTEBORG,SE;Local Government;S.1313;;;;
16232 - NETTO GOTEBORG,GOTEBORG,SE;Local Government;S.1313;;;;
PARKERINGSBOLAGET,GOTEBORG,SE;Local Government;S.1313;1-Jan-86;Jul-12;;
9023.78.898.13;Local Government;S.1313;;;;
WILLYS SISJON,ASKIM,SE;Public Non-Financial Corporation/Public Non-Financial Corporation (see notes in tab);S.11001/3;1-Feb-13;Jun-15;;
KD APOTEK,ASKIM,SE;Public Non-Financial Corporation/Public Non-Financial Corporation (see notes in tab);S.11001/3;1-Feb-13;Jun-15;;
9025.19.457.76;Public Non-Financial Corporation/Public Non-Financial Corporation (see notes in tab);S.11001/3;1-Feb-13;Jun-15;;
Avbetalning bil Fredrik;Public Non-Financial Corporation/Public Non-Financial Corporation (see notes in tab);S.11001/3;1-Feb-13;Jun-15;;
9023.78.887.28;Public Non-Financial Corporation/Public Non-Financial Corporation (see notes in tab);S.11001/3;1-Feb-13;Jun-15;;
Fredrik Moberg;Former Central Government;S.1311;1-Sep-10;May-12;;
BOUNCE HOVAAS AB,HOVAAS,SE;Former Central Government;S.1311;1-Jul-12;Aug-12;;
BOUNCE HOVAAS AB,HOVAAS,SE;Former Public Corporation;S.11001;;;;
ICA KVANTUM HOVAS,HOVAS,SE;Former Central Government;S.1311;;;;
7401262980;Local Government;S.1313;;;;
WILLYS SISJON,ASKIM,SE;Former Central Government;S.1311;1-Jul-12;Aug-12;;
STADIUM SISJON,ASKIM,SE;Former Central Government;S.1311;21-Jun-12;Jan-17;East of England International Ltd was set up to deliver the international business objectives of the East of England Development Agency. In advance of the East of England Development Agency being dissolved on 1 July 2012, East of England International Ltd was dissolved on 21 June 2012. This was identified as part of an ongoing quality review of bodies listed on the guide.;
STORA COOP SISJON,ASKIM,SE;Former Public Corporation;S.11001;;;;
HM SE0249,Vaestra Froel,SE;Local Government;S.1313;;;;
Fredrik Moberg;Local Government;S.1313;;;;
ICA KVANTUM HOVAS,HOVAS,SE;Local Government;S.1313;;;;
ICA KVANTUM HOVAS,HOVAS,SE;Local Government;S.1313;;;;
ICA KVANTUM HOVAS,HOVAS,SE;Local Government;S.1313;;;;
BILLDALS RIDKLUBB,BILLDAL,SE;Former Public Corporation;S.11001;1-Dec-08;Mar-11;;
Fredrik Moberg;Public Non-Financial Corporation;S.11001;;;;
mat;Central Government;S.1311;;;;
Spotify P0EA6E6096,Stockholm,SE;Former Central Government;S.1311;;;;
WILLYS SISJON,ASKIM,SE;Public Non-Financial Corporation;S.11001;;;;
K*Lensway BV;Local Government;S.1313;;;;
Paynova AB (publ);Central Government;S.1311;;;;
FREDRIK MOBERG;Central Government;S.1311;;;;
ICA SUPERMARKET HORNDAL,HORNDAL,SE;Central Government;S.1311;;;;
RASTPUNKT LAXA,LAXA,SE;Local Government;S.1313;;;;
PodMe,Stockholm,SE;Local Government;S.1313;;;;
WILLYS SISJON,ASKIM,SE;Local Government;S.1313;;;;
COOP KILAFORS,KILAFORS,SE;Local Government;S.1313;;;;
LJUNGSTROMS KOK,JERVSO,SE;Public Non-Financial Corporation;S.11001;;;;
JARVSOBACKEN,JERVSO,SE;Local Government;S.1313;;;;
IZ *EFTERTANKE I J,JARVSO,SE;Central Government;S.1311;1-Apr-12;Apr-12;;
APOTEK HJARTAT E CENTER,SODERHAMN,SE;Local Government;S.1313;;;;
TEAM SPORTIA SODERHAMN,SODERHAMN,SE;Central Government;S.1311;1-Apr-11;Nov-12;;
MYSKJE MACKEN,SODERALA,SE;Former Central Government;S.1311;;;;
Fredrik Moberg;Central Government;S.1311;1-Apr-15;Mar-19;;
disk Stråtjära;CG Funds, Accounts, Courts and Posts;S.1311;;;;
LJUNGSTROMS KOK,JERVSO,SE;Central Government;S.1311;;;;
ICA NARA KILAFORS,KILAFORS,SE;Former Central Government;S.1311;;;;
Fredrik Moberg;Former Public Corporation;S.11001;;;;
GOOGLE*GOOGLE,INTERNET,GB;Central Government;S.1311;1-Aug-14;Jan-15;;
Microsoft*Office 365 Pers,msbill.info,IE;Local Government;S.1313;;;;
OKQ8,BILLDAL,SE;Former Central Government;S.1311;1-Apr-02;Nov-11;;
ICA NARA KILAFORS,KILAFORS,SE;Former Central Government;S.1311;1-Apr-06;Nov-11;;
COOP KILAFORS,KILAFORS,SE;Former Central Government;S.1311;;;;
JARVSOBACKEN,JERVSO,SE;Former Public Corporation;S.11001;1-Apr-07;Jan-11;;
JARVSOBACKEN,JERVSO,SE;Central Government;S.1311;;;;
JARVSOBACKEN,JERVSO,SE;Central Government;S.1311;;;;
IZ *BOLLNAS ALPINA,BOLLNAS,SE;Central Government;S.1311;;;;
IZ *BOLLNAS ALPINA,BOLLNAS,SE;Central Government;S.1311;1-Apr-02;Sep-12;;
Fredrik Moberg;Former Central Government;S.1311;;;;
Toalett,Borlange,SE;Former Central Government;S.1311;;;;
PRESSBYRAN 4128810,GOTEBORG,SE;Former Central Government;S.1311;;;;
WWW.TELENOR.SE,HELSINGBORG,SE;Former Central Government;S.1311;;;;
Fredrik Moberg;Local Government;S.1313;;;;
BURGER KING JAR,VASTRA FROLUN,SE;Central Government;S.1311;1-Mar-08;Jan-13;;
STORA COOP SISJON,ASKIM,SE;Central Government;S.1311;1-Dec-09;Jan-13;;
WILLYS SISJON,ASKIM,SE;Local Government;S.1313;;;;
KD APOTEK,ASKIM,SE;Former Central Government;S.1311;;;;
MCD 238 GBG, RA,GOTEBORG,SE;Central Government;S.1311;;;;
mat;Former Central Government;S.1311;1-Jul-08;Mar-12;;
Fredrik Moberg;Local Government;S.1313;;;;
Fredrik Moberg;Local Government;S.1313;;;;
ICA KVANTUM FROLUNDA,VASTRA FROLUN,SE;Former Central Government;S.1311;;;The Equal Opportunities Commission merged with the Commission for Racial Equality and the Disability Rights Commission to form a new Equality and Human Rights Commission in October 2007.;
MCDONALDS FROLU,VASTRA FROLUN,SE;Former Central Government;S.1311;;;;
PARKERINGSBOLAGET,GOTEBORG,SE;Central Government;S.1311;1-Dec-06;Apr-11;;
EASYPARK,2676820639,SE;Central Government;S.1311;;;;
NETFLIX.COM,Amsterdam,NL;Central Government;S.1311;;;;
PARKERINGSBOLAGET,GOTEBORG,SE;Local Government;S.1313;;;;
PARKERINGSBOLAGET,GOTEBORG,SE;Former Central Government;S.1311;1-Feb-15;Mar-15;;
ASKIMS SIMOCH,HOVAAS,SE;Local Government;S.1313;;;;
pjäxor;Former Central Government;S.1311;;;;
HBO NORDIC AB,0770-455000,SE;Local Government;S.1313;;;;
WILLYS HVITFELDTSPLATS,GOTEBORG,SE;Public Non-Financial Corporation;S.11001;;;;
BYGGMAX/1204,HISINGSBACKA,SE;Public Non-Financial Corporation;S.11001;;;;
ICA KVANTUM FROLUNDA,VASTRA FROLUN,SE;Former Public Corporation;S.11001;1-Sep-10;Aug-11;;
SYSTEMBOLAGET ASKIM,ASKIM,SE;CG Funds, Accounts, Courts and Posts;S.1311;;;;
Överf ISK;Former Public Corporation;S.11001;;;;
Överf ISK;Local Government;S.1313;;;;
Fredrik Moberg;Local Government;S.1313;1-Jun-96;Sep-12;;
Fredrik Moberg;Central Government;S.1311;;;;
MCDONALDS FROLU,VASTRA FROLUN,SE;Former Central Government;S.1311;;;;
PARKERINGSBOLAGET,GOTEBORG,SE;Central Government;S.1311;;;;
BAUHAUS SISJON,VESTRA FROLUN,SE;Central Government;S.1311;;;;
Snabböverföring;Former Central Government;S.1311;;;;
9024.12.656.91;Public Financial Corporation;S.12;;;;
Fredrik Moberg;Central Government;S.1311;;;;
Fredrik Moberg;Central Government;S.1311;;;;
PREEM,ASKIM,SE;Former Public Non-Financial Corporation;S.11001;2-Dec-15;Oct-16;In accordance with internationally agreed rules in the Europeans System of Accounts 2010 (ESA2010) and accompanying Manual on Government Deficit and Debt 2016 (MGDD 2016), ONS has reviewed the classification of Scottish Trust Ports. Based on provisions contained within the Ports Act 1991, these were previously classified as public non-financial corporations (S.11001). The Scottish Government introduced new legislation in 2015 (the Harbours (Scotland) Act) to repeal sections of the Ports Act 1991 with a view to removing public sector control of Scottish Trust Ports. Following consideration of this legislation, ONS concluded that the Scottish Trust Ports are no longer subject to public sector controls. Scottish Trust Ports are now classified as private non-financial corporations, with this decision effective from 2 December 2015.;
PARKERINGSBOLAGET,GOTEBORG,SE;Former Public Corporation;S.11001;;;;
PARKERINGSBOLAGET,GOTEBORG,SE;Former Public Corporation;S.11001;;;;
ONGO,VASTRA FROLUN,SE;Former Central Government;S.1311;;;;
IZ *LINDAS INNEBAN,HOVAS,SE;Central Government;S.1311;;;;
GOTEBORGS KONST,GOTEBORG,SE;Local Government;S.1313;;;;
EVA'S PARLEY,GOTEBORG,SE;Local Government;S.1313;;;;
WILLYS SISJON,ASKIM,SE;Public Non-Financial Corporation;S.11001;;;;
STADIUM SISJON,ASKIM,SE;Former Central Government;S.1311;1-Apr-05;Mar-12;;
KAPPAHL 142,V. FROLUNDA,SE;Former Central Government;S.1311;1-Jan-10;Mar-12;;
STORA COOP SISJON,ASKIM,SE;Former Central Government;S.1311;;;;
skridskor;Central Government;S.1311;;;;
Fredrik Moberg;Local Government;S.1313;;;;
BAUHAUS SISJON,VESTRA FROLUN,SE;Former Central Government;S.1311;1-Mar-11;Mar-12;;
BAUHAUS SISJON,VESTRA FROLUN,SE;Former Central Government;S.1311;;;The Farming and Rural Conservation Agency ceased to exist on 1 April 2001.;
Fredrik Moberg;Public Non-Financial Corporation;S.11001;1-Apr-06;Aug-12;;
Fredrik Moberg;Former Central Government;S.1311;1-Jun-08;Aug-11;;
9025.19.457.76;Public Non-Financial Corporation;S.11001;;;;
Avbetalning bil Fredrik;Local Government;S.1313;;;;
9023.78.887.28;Local Government;S.1313;;;;
IKANO BANK AB - PREEM;Former Central Government;S.1311;;;;
9023.78.898.13;Former Public Corporation;S.11001;;;;
16232 - NETTO GOTEBORG,GOTEBORG,SE;Local Government;S.1313;;;;
MEDIA MARKT,VASTRA FROLUN,SE;Local Government;S.1313;;;;
ELGIGANTEN GBG,SISJON GBG,SE;Public Non-Financial Corporation;S.11001;;;;
CLAS OHLSON,ASKIM,SE;Public Financial Corporation;S.12501;;;;
MCDONALDS FROLU,VASTRA FROLUN,SE;Public Financial Corporation;S.12501;;;;
EASYPARK,2662822077,SE;Central Government;S.1311;;;;
MR GATSBY PIZZERIA,ASKIM,SE;Public Financial Corporation;S.12601;1-Apr-13;Jun-13;;
Spotify P0E48FDF15,Stockholm,SE;Public Financial Corporation;S.12601;;;;
MR GATSBY PIZZERIA,ASKIM,SE;Central Government;S.1311;;;;
BAUHAUS SISJON,VESTRA FROLUN,SE;Central Government;S.1311;;;;
MCDONALDS MOLND,MOLNDAL,SE;Central Government;S.1311;;;;
PodMe,Stockholm,SE;Former Public Financial Corporation;S.12601;1-Apr-13;Jun-13;;
BILREP;Central Government;S.1311;;;;
MCDONALDS FROLU,VASTRA FROLUN,SE;Former Central Government;S.1311;;;;
Vasttrafik AB,Goteborg,SE;Former Local Government;S.1313;;;;
Vasttrafik AB,Goteborg,SE;Local Government;S.1313;1-Oct-04;Dec-10;;
MEKONOMEN BILLI,VASTRA FROLU,SE;Former Local Government;S.1313;1-Apr-13;Mar-13;;
Fredrik Moberg;Local Government;S.1313;;;;
STORA COOP SISJON,ASKIM,SE;Former Local Government;S.1313;1-Apr-13;Mar-13;;
PARKERINGSBOLAGET,GOTEBORG,SE;Former Central Government;S.1311;1-Jul-06;Dec-10;;
Fredrik Moberg;Public Non-Financial Corporation;S.11001;;;;
XXL SPORT VILD,ASKIM,SE;Central Government;S.1311;;;;
Fredrik Moberg;Former Central Government;S.1311;1-Apr-11;Oct-11;;
Vasttrafik AB,Goteborg,SE;Former Public Corporation;S.11001;;;;
Vasttrafik AB,Goteborg,SE;Former Public Corporation;S.11001;1-Feb-11;Jul-13;;
7-ELEVEN 4324101,GOTEBORG,SE;Public Financial Corporation;S.12601;24-Jun-05;Nov-13;;
Microsoft*Office 365 Pers,msbill.info,IE;Public Financial Corporation;S.12601;24-Jun-05;Nov-13;;
STORA COOP SISJON,ASKIM,SE;Former Central Government;S.1311;1-Jun-09;Apr-11;;
MCDONALDS FROLU,VASTRA FROLUN,SE;Former Central Government;S.1311;;;;
Fredrik Moberg;Former Central Government;S.1311;1-Apr-09;Mar-11;;
SHELL VASTRA FR,VASTRA FROLUN,SE;Public Non-Financial Corporation;S.11001;;;;
CIRCLE K ASKIM,ASKIM,SE;Public Non-Financial Corporation;S.11001;;;;
Vasttrafik AB,Goteborg,SE;Former Public Corporation;S.11001;1-Sep-08;Sep-11;;
Vasttrafik AB,Goteborg,SE;Local Government;S.1313;;;;
PRESSBYRAN 4028142,GOTEBORG,SE;Former Public Corporation;S.11001;;;;
ICA KVANTUM FROLUNDA,VASTRA FROLUN,SE;Local Government;S.1313;;;;
NETFLIX.COM,020790637,NL;Central Government;S.1311;;;;
BYGGMAX/1216,ASKIM,SE;Former Central Government;S.1311;31-Mar-15;Dec-15;The Company formally 100% owned by Defra (Central Government) was wound up on 31/03/15 and became a joint venture with the private sector commencing 01/04/2015.;
mat;Former Central Government;S.1311;18-Jul-14;Nov-17;Food from Britain (FFB) was a DEFRA sponsored Non-Departmental Public Body which promoted UK food and drink exports between 1983 and 2009. FFB closed its operations in March 2009 but was formally abolised on 18 July 2014 under the The Public Bodies (Abolition of Food from Britain) Order 2014;
4459;Central Government;S.1311;;;;
MAXI ICA STORMARKNAD TORS,TORSLANDA,SE;Central Government;S.1311;1-Apr-15;Mar-16;Food Standards Scotland was established as a non-ministerial office on 1 April 2015 under the Food (Scotland) Act 2015. It is part of the Scottish Administration, alongside, but separate from, the Scottish Government. It is responsible for making sure that food is safe to eat, ensuing consumers know what they are eating and improving nutrition throughout Scotland. ONS assessed the statistical classification of Food Standards Scotland in accordance with internationally agreed rules in the European System of Accounts 2010 (ESA 2010) and accompanying Manual on Government Deficit and Debt 2014 (MGDD 2014). It is concluded that Food Standards Scotland is a public sector funded non market body and so classified to the Central Government (S.1311) subsector, with effect from 1 April 2015.;
